Analysis,GOID,Title,Date,Source Type,Authors,Publication ID,Publication Title,Publisher City,Publisher Province,ISBN,URL
worthwhile,3330892884,Need innovative solutions to finance nuclear projects: Official,2026-04-18,Newspapers,"['Samant, Shilpa']",29263,The Economic Times,New Delhi,,,https://www.proquest.com/docview/3330892884
unrelated,3331228362,Phoenix from Flames: How Cult of Miliband Grew and Took over Labour from Within,2026-04-19,Newspapers,,32356,The Sunday Telegraph,Tonbridge,,,https://www.proquest.com/docview/3331228362
unrelated,3331286622,The cult of Ed Miliband,2026-04-19,Newspapers,"['Oliver, Matt']",1986348,Telegraph.co.uk,London,,,https://www.proquest.com/docview/3331286622
worthwhile,3331328174,Strait truth: India must hasten energy transition,2026-04-19,Newspapers,,29618,The Hindustan Times,New Delhi,,,https://www.proquest.com/docview/3331328174
unrelated,3331457998,"Korea, India to set up 1st ministerial-level committee to deepen economic cooperation",2026-04-20,Newspapers,"['Whan-woo, Yi']",2046300,The Korea Times,Seoul,,,https://www.proquest.com/docview/3331457998
risk,3331484325,Scots have say on energy needs,2026-04-20,Newspapers,"['Bussey, Katrine']",45357,Glasgow Times,Mc Lean,VA,,https://www.proquest.com/docview/3331484325
worthwhile,3331723446,Vietnam: Energy security key to self-reliance in green transition,2026-04-21,Newspapers,,656306,Asia News Monitor,Bangkok,,,https://www.proquest.com/docview/3331723446
worthwhile,3331724454,"India: Workshop on SHANTI Act charts roadmap for 100 GW nuclear capacity, pushes public-private partnerships",2026-04-21,Newspapers,,656306,Asia News Monitor,Bangkok,,,https://www.proquest.com/docview/3331724454
worthwhile,3331724630,"India: Workshop on SHANTI Act, 2025: Enabling India's 100 GW Nuclear Power Roadmap through Public-Private Partnership",2026-04-21,Newspapers,,656306,Asia News Monitor,Bangkok,,,https://www.proquest.com/docview/3331724630
worthwhile,3331724782,"Canada: Minister Dabrusin to champion climate competitiveness, clean growth, and nature protection at G7",2026-04-21,Newspapers,,656306,Asia News Monitor,Bangkok,,,https://www.proquest.com/docview/3331724782
unrelated,3331728322,MP Jenrick's call to get drilling in the North Sea falls on deaf ears,2026-04-20,Newspapers,"['Monaghan, Lauren']",75978,Nottingham Evening Post,London,,,https://www.proquest.com/docview/3331728322
worthwhile,3331918648,Beyond solar and wind: This Rs 1.4 lakh crore grid opportunity is the real story – 3 stocks to watch,2026-04-19,Newspapers,,105397,Financial Express,NEW DELHI,,,https://www.proquest.com/docview/3331918648
risk,3332172372,Reeves ramps up windfall tax on green energy suppliers,2026-04-21,Newspapers,"['Oliver, Matt']",1986348,Telegraph.co.uk,London,,,https://www.proquest.com/docview/3332172372
unrelated,3332189341,"Vietnam: Slovak PM pledges investment, visa facilitation at Slovakia - Vietnam Business Forum",2026-04-22,Newspapers,,656306,Asia News Monitor,Bangkok,,,https://www.proquest.com/docview/3332189341
risk,3332217481,Why are UK electricity prices linked to gas – and what does it mean for bills?,2026-04-21,Newspapers,,35249,The Guardian,London,,,https://www.proquest.com/docview/3332217481
risk,3332323588,Letters,2026-04-22,Newspapers,,42765,The Advertiser,Surry Hills,NSW,,https://www.proquest.com/docview/3332323588
worthwhile,3332540614,"India likely to grow 7% in FY27 on domestic demand, investments; inflation to remain in range: EAC-PM chairman Dev",2026-04-22,Newspapers,,75999,Mint,New Delhi,,,https://www.proquest.com/docview/3332540614
worthwhile,3332632070,EMSTEEL boosts decarbonisation through diversified clean energy mix integration,2026-04-22,Newspapers,,50677,Oil & Gas News,Camden,DE,,https://www.proquest.com/docview/3332632070
worthwhile,3333350226,Vietnam's possible revival of nuclear power programme,2026-04-23,Newspapers,,2029686,IANS English,Noida,,,https://www.proquest.com/docview/3333350226
worthwhile,3333355314,United Kingdom: The era of clean energy security,2026-04-24,Newspapers,,656306,Asia News Monitor,Bangkok,,,https://www.proquest.com/docview/3333355314
worthwhile,3333933891,Are power stocks entering a new cycle? 3 stocks to watch,2026-04-25,Newspapers,,75999,Mint,New Delhi,,,https://www.proquest.com/docview/3333933891
worthwhile,3334315308,"Stocks to Watch Today (April 27, 2026): Coal India, Hindustan Petroleum, Adani Green, Axis Bank, NTPC, Reliance Industries &amp; More in Focus",2026-04-27,Newspapers,,2040515,The Sunday Guardian,New Delhi,,,https://www.proquest.com/docview/3334315308
worthwhile,3334481765,SHANTI to power India's nuclear energy mission,2026-04-03,Newspapers,,75994,The Pioneer,New Delhi,,,https://www.proquest.com/docview/3334481765
worthwhile,3335037296,India: English rendering of PM's address in the 133rd Episode of Mann Ki Baat on 26.04.2026,2026-04-29,Newspapers,,656306,Asia News Monitor,Bangkok,,,https://www.proquest.com/docview/3335037296
unrelated,3335106418,Ideas for the future: What participants from Africa proposed at the 2nd Open Dialogue,2026-04-28,Newspapers,,2040534,NewsDay,Camden,DE,,https://www.proquest.com/docview/3335106418
worthwhile,3336013128,Czech Republic: A small country with big nuclear energy ambitions,2026-05-01,Newspapers,,656306,Asia News Monitor,Bangkok,,,https://www.proquest.com/docview/3336013128
risk,3336085915,Saint Johnbased SMR firm on verge of new ownership,2026-04-30,Newspapers,"['Huras, Adam']",40381,Telegraph-Journal,Toronto,Ontario,,https://www.proquest.com/docview/3336085915
unrelated,3336089593,Chart economically viable pathways to clean energy: S’pore climate negotiator,2026-04-30,Newspapers,,33108,The Straits Times,News Centre,,,https://www.proquest.com/docview/3336089593
unrelated,3336300113,One Donation,2026-05-02,Newspapers,"['Harris, Rob']",43154,The Age,Sydney,New South Wales,,https://www.proquest.com/docview/3336300113
unrelated,3336300738,One Donation,2026-05-02,Newspapers,"['Harris, Rob']",44841,Sydney Morning Herald,Sydney,New South Wales,,https://www.proquest.com/docview/3336300738
unrelated,3336454082,I'm the only one with the balls to do it,2026-05-02,Newspapers,"['Döpfner, Mathias']",54211,Welt am Sonntag,Berlin,,,https://www.proquest.com/docview/3336454082
unrelated,3336554800,France remodels in bid for second chance in Africa,2026-05-02,Newspapers,,2029768,The East African,Camden,DE,,https://www.proquest.com/docview/3336554800
unrelated,3336693288,Thailand: NESDC and ADB Convene High-Level Policy Dialogue on Thailand's Energy Transition and Economic Transformation,2026-05-04,Newspapers,,656306,Asia News Monitor,Bangkok,,,https://www.proquest.com/docview/3336693288
worthwhile,3336730867,Middle East conflict could spur S-E Asia’s nuclear energy ambitions: Experts,2026-05-03,Newspapers,"['Chin, Hui Shan']",33108,The Straits Times,News Centre,,,https://www.proquest.com/docview/3336730867
worthwhile,3336900112,Race to net-zero: The role and impact of nuclear power - Sheriffah Noor Khamseah Al-Idid Dato Syed Ahmad Idid,2026-04-28,Newspapers,,27292,Malay Mail,New Delhi,,,https://www.proquest.com/docview/3336900112
worthwhile,3337049198,Privately backed nuclear plant a crucial milestone,2026-05-05,Newspapers,"['Zheng, Xin']",2030555,China Daily ,BEIJING,,,https://www.proquest.com/docview/3337049198
worthwhile,3337049268,Privately backed nuclear plant a crucial milestone,2026-05-05,Newspapers,"['Zheng, Xin']",2030588,China Daily,BEIJING,,,https://www.proquest.com/docview/3337049268
risk,3110708805,Will it take an energy crisis before we act?,2024-09-27,Newspapers,"['Uhlmann, Chris']",636359,The Australian (Online),Surry Hills,NSW,,https://www.proquest.com/docview/3110708805
worthwhile,3110838014,"Alberta's rising energy needs will fuel a nuclear 'renaissance,' forum told",2024-09-28,Newspapers,"['Scace, Matt']",47083,Calgary Herald,Toronto,Ontario,,https://www.proquest.com/docview/3110838014
unrelated,3110952348,Kazakhstan: Trade Policy Review,2024-09-30,Newspapers,,656306,Asia News Monitor,Bangkok,,,https://www.proquest.com/docview/3110952348
worthwhile,3110952426,"Singapore: Speech By Low Yen Ling, Senior Minister Of State, Ministry Of Trade And Industry, At Asia New Vision Forum (Anvf) 2024, At Capella Hotel Singapore",2024-09-30,Newspapers,,656306,Asia News Monitor,Bangkok,,,https://www.proquest.com/docview/3110952426
risk,3111349038,Having private participation in India’s nuclear energy,2024-10-01,Newspapers,,866348,The Hindu,Chennai,Tamil Nadu,,https://www.proquest.com/docview/3111349038
unrelated,3111416224,ADFD views EMSTEEL's role in promoting sustainable industrial practices,2024-10-01,Newspapers,,40133,Emirates News Agency (WAM),Camden,DE,,https://www.proquest.com/docview/3111416224
worthwhile,3111425456,"UPSC Key | Nepal Floods, Small nuclear reactors, Cyber slavery and more",2024-09-30,Newspapers,"['Yadav, Roshni']",55068,Indian Express,NEW DELHI,,,https://www.proquest.com/docview/3111425456
unrelated,3111649643,"YOUR SAY: Solar farms can bring jobs, cheap, clean energy and agriculture",2024-10-01,Newspapers,,646508,The Border Mail,Canberra ACT,,,https://www.proquest.com/docview/3111649643
worthwhile,3111656016,Miliband pledges new era of green prosperity as last coal-fired power station turned off,2024-10-01,Newspapers,"['Pridmore, Oliver']",75978,Nottingham Evening Post,London,,,https://www.proquest.com/docview/3111656016
worthwhile,3111701162,AI and crypto use lots of energy. Nuclear power and uranium look like the perfect fix. Constellation power deal with Microsoft includes restarting a nuclear reactor,2024-10-01,Newspapers,"['Saefong, Myra P']",7077307,MarketWatch,South Brunswick,NJ,,https://www.proquest.com/docview/3111701162
unrelated,3112085038,ADEX delegation visits Emsteel Group,2024-10-01,Newspapers,,38562,TradeArabia,Camden,DE,,https://www.proquest.com/docview/3112085038
worthwhile,3112088160,"Abu Dhabi Department of Energy showcases latest policies, initiatives at WETEX 2024",2024-10-01,Newspapers,,40133,Emirates News Agency (WAM),Camden,DE,,https://www.proquest.com/docview/3112088160
risk,3112168791,"France: EU needs long-term climate investment plan aligned with just transition, French MEP tells Euronews",2024-10-03,Newspapers,,656306,Asia News Monitor,Bangkok,,,https://www.proquest.com/docview/3112168791
unrelated,3112413700,Birthplace of Industrial Revolution bids goodbye to coal. Can Asia follow suit?,2024-10-03,Newspapers,,33108,The Straits Times,News Centre,,,https://www.proquest.com/docview/3112413700
unrelated,3112431588,Brazil: G20 - Alexandre Silveira strengthens partnership between Brazil and the United States for energy transition,2024-10-02,Newspapers,,2050693,Brazil Business News,NEW DELHI,,,https://www.proquest.com/docview/3112431588
worthwhile,3112431596,The FTI is concerned about the strengthening of the baht and is preparing to discuss with the governor of the Bank of Thailand.,2024-10-02,Newspapers,,4368386,Vietnam News Gazette,,,,https://www.proquest.com/docview/3112431596
worthwhile,3112620719,US energy report paints nuclear into the big picture,2024-10-04,Newspapers,,42763,The Australian,Surry Hills,NSW,,https://www.proquest.com/docview/3112620719
worthwhile,3112939883,Letters to the Editor,2024-10-05,Newspapers,,42764,Weekend Australian,Surry Hills,NSW,,https://www.proquest.com/docview/3112939883
risk,3113466836,British Gas owner mulls £1bn stake in Hinkley,2024-10-07,Newspapers,,33554,The Daily Telegraph,Tonbridge,,,https://www.proquest.com/docview/3113466836
risk,3113530398,British Gas owner considers £1bn investment in Hinkley Point C,2024-10-07,Newspapers,"['Oliver, Matt']",1986348,Telegraph.co.uk,London,,,https://www.proquest.com/docview/3113530398
risk,3114512189,Rolls-Royce suffers £78m loss on mini-nukes amid UK rollout delays,2024-10-09,Newspapers,"['Oliver, Matt']",1986348,Telegraph.co.uk,London,,,https://www.proquest.com/docview/3114512189
worthwhile,3114536281,"United States: Biden-Harris Administration Bringing Back Clean Nuclear Energy, Creating Clean Energy Union Jobs Across the Midwest",2024-10-10,Newspapers,,656306,Asia News Monitor,Bangkok,,,https://www.proquest.com/docview/3114536281
worthwhile,3114586077,"Colstrip, climate and electricity rates loom large in utility board race",2024-10-09,Newspapers,"['Eggert, Amanda']",46179,The Billings Gazette,Billings,MT,,https://www.proquest.com/docview/3114586077
unrelated,3114601689,The state of N.B.'s economy in 2024; The issues,2024-10-09,Newspapers,"['Huras, Adam']",40381,Telegraph-Journal,Toronto,Ontario,,https://www.proquest.com/docview/3114601689
risk,3114619034,Rolls-Royce suffers £78m loss on mini-nukes amid rollout delays,2024-10-10,Newspapers,,33554,The Daily Telegraph,Tonbridge,,,https://www.proquest.com/docview/3114619034
unrelated,3114779442,"CLP, BASF, and Envision Energy Sign Long-Term Power Purchase Agreement to Provide 100% Renewable Energy at BASF’s Manufacturing Sites in Jiangsu Province",2024-10-11,Newspapers,,5425108,LiveNews.co.nz,NEW DELHI,,,https://www.proquest.com/docview/3114779442
worthwhile,3115149785,Singapore: Second Reading Speech by 2M Tan See Leng on the Energy Transition Measures and Other Amendments Bill,2024-10-11,Newspapers,,656306,Asia News Monitor,Bangkok,,,https://www.proquest.com/docview/3115149785
worthwhile,3115151387,Singapore: Wrap-Up Speech by 2M Tan See Leng on the Energy Transition Measures and Other Amendments Bill,2024-10-11,Newspapers,,656306,Asia News Monitor,Bangkok,,,https://www.proquest.com/docview/3115151387
unrelated,3115153367,Singapore: Speech by SMS Low Yen Ling at Asia New Vision Forum (ANVF) 2024,2024-10-11,Newspapers,,656306,Asia News Monitor,Bangkok,,,https://www.proquest.com/docview/3115153367
worthwhile,3115256946,"Experts call for focusing on nuclear power projects to meet demand, lower tariff",2024-10-11,Newspapers,,29177,The Nation,,,,https://www.proquest.com/docview/3115256946
worthwhile,3115524642,Canada: Canada successfully re-opens 10-year green bond to raise an additional $2 billion,2024-10-14,Newspapers,,656306,Asia News Monitor,Bangkok,,,https://www.proquest.com/docview/3115524642
worthwhile,3115808390,Green Hydrogen: The Cost of An ‘Entertaining’ Analysis,2024-10-12,Newspapers,,2044879,The Namibian,Camden,DE,,https://www.proquest.com/docview/3115808390
worthwhile,3115816344,Vikki Campion: Why a gigantic hydrogen tank should never be built near one of our cities,2024-10-11,Newspapers,"['Campion, Vikki']",636369,The Daily Telegraph (Online),Surry Hills,NSW,,https://www.proquest.com/docview/3115816344
unrelated,3115847640,HOW THE PARTIES COMPARE,2024-10-13,Newspapers,,42785,The Courier - Mail,Surry Hills,NSW,,https://www.proquest.com/docview/3115847640
risk,3115943061,Energy bill fears as costs blow out,2024-10-14,Newspapers,,2040384,The Australian Financial Review,Pyrmont,NSW,,https://www.proquest.com/docview/3115943061
unrelated,3115945609,Side-by-side comparison of Qld election key policy promises,2024-10-12,Newspapers,"['Fellows, Taylah', 'McCormack, Madura']",636370,The Courier - Mail (Online),Surry Hills,NSW,,https://www.proquest.com/docview/3115945609
unrelated,3116028294,HOW THE PARTIES COMPARE,2024-10-13,Newspapers,,42785,The Courier - Mail,Surry Hills,NSW,,https://www.proquest.com/docview/3116028294
unrelated,3116388681,QLD Election 2024: LNP vs Labor policies and promises compared,2024-10-13,Newspapers,"['Fellows, Taylah', 'McCormack, Madura']",636370,The Courier - Mail (Online),Surry Hills,NSW,,https://www.proquest.com/docview/3116388681
risk,3116571501,"The U.S. economy's biggest threat? China's clean-energy push. As China ramps up renewable-energy production, the U.S. risks becoming dependent on oil and other outdated energy sources",2024-10-15,Newspapers,"['Indset, Anders']",7077307,MarketWatch,South Brunswick,NJ,,https://www.proquest.com/docview/3116571501
worthwhile,3116571502,"Nvidia Rally Has Legs. Why It Can Defy China Fears, Rival AI Chips and 5 Other Things to Know Today.",2024-10-15,Newspapers,,2048938,Barron's (Online),South Brunswick,NJ,,https://www.proquest.com/docview/3116571502
worthwhile,3116571504,"Uranium and utilities stocks set to soar even higher as Big Tech goes nuclear; Microsoft and other tech giants including Oracle, Amazon.com, Apple and Alphabet need more electricity to energize their AI future",2024-10-15,Newspapers,"['Brush, Michael']",7077307,MarketWatch,South Brunswick,NJ,,https://www.proquest.com/docview/3116571504
worthwhile,3116585910,"Where to invest $10,000 for two, five, 10 and 20 years",2024-10-16,Newspapers,,2040384,The Australian Financial Review,Pyrmont,NSW,,https://www.proquest.com/docview/3116585910
risk,3116586235,Gas power emerges as new energy war front,2024-10-16,Newspapers,,2040384,The Australian Financial Review,Pyrmont,NSW,,https://www.proquest.com/docview/3116586235
worthwhile,3116661844,Google to buy nuclear power for AI datacentres in ‘world first’ deal,2024-10-15,Newspapers,"['Lawson, Alex']",35249,The Guardian,London,,,https://www.proquest.com/docview/3116661844
worthwhile,3116822819,Irish Examiner View: A coherent response to flooding is badly needed,2024-10-16,Newspapers,,105811,Irish Examiner,"Blackpool, Cork",,,https://www.proquest.com/docview/3116822819
risk,3117030555,Asia will see largest demand in hydrogen amid energy transition: McKinsey,2024-10-16,Newspapers,"['Min-hyung, Lee']",2046300,The Korea Times,Seoul,,,https://www.proquest.com/docview/3117030555
worthwhile,3117122723,United States: Biden-Harris Administration Announces $900 Million to Build and Deploy Next-generation Nuclear Technologies,2024-10-17,Newspapers,,656306,Asia News Monitor,Bangkok,,,https://www.proquest.com/docview/3117122723
risk,3117140065,"China, India drive record coal demand",2024-10-17,Newspapers,,42763,The Australian,Surry Hills,NSW,,https://www.proquest.com/docview/3117140065
worthwhile,3117203722,Residents have say on plans for micro nuclear power plant,2024-10-17,Newspapers,"['Smith, Lewis']",26176,South Wales Echo,London,,,https://www.proquest.com/docview/3117203722
worthwhile,3117336747,TSMC Is the Chip Sector's Hero. Why That's a Risk for U.S. Tech and 5 Other Things to Know Today.,2024-10-17,Newspapers,,2048938,Barron's (Online),South Brunswick,NJ,,https://www.proquest.com/docview/3117336747
worthwhile,3117387053,Hydrogen Hype: Balancing the Equation – Part 2,2024-10-16,Newspapers,,2044879,The Namibian,Camden,DE,,https://www.proquest.com/docview/3117387053
worthwhile,3117719653,BLUE SKY THINKING,2024-10-18,Newspapers,,42763,The Australian,Surry Hills,NSW,,https://www.proquest.com/docview/3117719653
worthwhile,3117732253,"Nuclear-energy ETFs surge as uranium prices remain rangebound. Is now a good time to invest? Rising electricity demand related to AI and shrinking supply suggest uranium prices could bounce above $107 a pound, says one analyst",2024-10-17,Newspapers,"['Wang, Isabel']",7077307,MarketWatch,South Brunswick,NJ,,https://www.proquest.com/docview/3117732253
worthwhile,3117776505,THE SUBCOMPACT SOLUTION,2021-07-17,Newspapers,"['McCLEARN, MATTHEW']",1396354,The Globe and Mail (1936-),Toronto,Ontario,,https://www.proquest.com/docview/3117776505
risk,3117827388,Why it's so hard to quit fossil fuels,2021-10-18,Newspapers,,1396354,The Globe and Mail (1936-),Toronto,Ontario,,https://www.proquest.com/docview/3117827388
unrelated,3117918595,From Wall Street to Dalal Street: Impact of US presidential elections on Indian stock market [India Business],2024-10-18,Newspapers,,29265,The Times of India,New Delhi,,,https://www.proquest.com/docview/3117918595
unrelated,3117965178,a divided nation,2021-12-11,Newspapers,"['Savoie, Donald J']",1396354,The Globe and Mail (1936-),Toronto,Ontario,,https://www.proquest.com/docview/3117965178
worthwhile,3117969466,Emission reduction requires a new look at nuclear energy,2021-11-27,Newspapers,"['Gee, Marcus']",1396354,The Globe and Mail (1936-),Toronto,Ontario,,https://www.proquest.com/docview/3117969466
worthwhile,3118084953,"Nuclear-energy ETFs surge as uranium prices remain rangebound. Is now a good time to invest? Rising electricity demand related to AI and shrinking supply suggest uranium prices could bounce above $107 a pound, says one analyst",2024-10-18,Newspapers,"['Wang, Isabel']",7077307,MarketWatch,South Brunswick,NJ,,https://www.proquest.com/docview/3118084953
worthwhile,3118084954,"Uranium and utilities stocks can soar even higher as Big Tech goes nuclear; Microsoft and other tech giants including Oracle, Amazon.com, Apple and Alphabet need more electricity to energize their AI future",2024-10-18,Newspapers,"['Brush, Michael']",7077307,MarketWatch,South Brunswick,NJ,,https://www.proquest.com/docview/3118084954
worthwhile,3118173690,World: Amazon follows Google in taking the nuclear option to power data centres,2024-10-21,Newspapers,,656306,Asia News Monitor,Bangkok,,,https://www.proquest.com/docview/3118173690
risk,3118185238,Ban on building nuclear plants being reconsidered,2024-10-19,Newspapers,"['Begum, Shabana']",33108,The Straits Times,News Centre,,,https://www.proquest.com/docview/3118185238
risk,3118296276,"The U.S. economy's biggest threat? China's clean-energy push. As China ramps up renewable-energy production, the U.S. risks becoming dependent on oil and other outdated energy sources",2024-10-19,Newspapers,"['Indset, Anders']",7077307,MarketWatch,South Brunswick,NJ,,https://www.proquest.com/docview/3118296276
worthwhile,3118296278,"Uranium and utilities stocks can soar even higher as Big Tech goes nuclear; Microsoft and other tech giants including Oracle, Amazon.com, Apple and Alphabet need more electricity to energize their AI future",2024-10-19,Newspapers,"['Brush, Michael']",7077307,MarketWatch,South Brunswick,NJ,,https://www.proquest.com/docview/3118296278
risk,3118362584,Demand for 'fair tax' in budget to protect oil and gas jobs in North Sea,2024-10-20,Newspapers,"['Bol, David']",46327,Scotland on Sunday,Tunbridge Wells,,,https://www.proquest.com/docview/3118362584
risk,3118462886,Labor supersizes next renewable energy auction,2024-10-21,Newspapers,,2040384,The Australian Financial Review,Pyrmont,NSW,,https://www.proquest.com/docview/3118462886
unrelated,3118813992,European Union: First European Union-Gulf Cooperation Council Summit - Joint Statement,2024-10-22,Newspapers,,656306,Asia News Monitor,Bangkok,,,https://www.proquest.com/docview/3118813992
risk,3118848986,Britain’s heading for a nuclear power crunch. Blame the French,2024-10-21,Newspapers,,2040502,Yerepouni Daily News,Camden,DE,,https://www.proquest.com/docview/3118848986
worthwhile,3118955126,"Amazon, Google make dueling nuclear investments to power data centers with clean energy",2024-10-16,Newspapers,,46192,The Daily Reporter,Minneapolis,MN,,https://www.proquest.com/docview/3118955126
worthwhile,3119060921,UAE officials highlight commitment to clean energy transition on World Energy Day,2024-10-21,Newspapers,,40133,Emirates News Agency (WAM),Camden,DE,,https://www.proquest.com/docview/3119060921
risk,3119112361,O'Brien misses the chance to detail case for nuclear,2024-10-23,Newspapers,,2040384,The Australian Financial Review,Pyrmont,NSW,,https://www.proquest.com/docview/3119112361
risk,3119112458,"King coal to stay on throne, says Coalition",2024-10-23,Newspapers,,2040384,The Australian Financial Review,Pyrmont,NSW,,https://www.proquest.com/docview/3119112458
risk,3119231040,Meet the influencer trying to get Italy to go nuclear,2024-10-22,Newspapers,,2040502,Yerepouni Daily News,Camden,DE,,https://www.proquest.com/docview/3119231040
risk,3119342021,The green debate will only intensify on road to net zero,2021-11-25,Newspapers,"['Jones, Jeffrey']",1396354,The Globe and Mail (1936-),Toronto,Ontario,,https://www.proquest.com/docview/3119342021
risk,3119342273,A decision that could shape the future of Canada's nuclear industry,2021-12-27,Newspapers,"['McCLEARN, MATTHEW']",1396354,The Globe and Mail (1936-),Toronto,Ontario,,https://www.proquest.com/docview/3119342273
risk,3119602193,Nuclear an expensive fantasy,2024-10-24,Newspapers,,2040384,The Australian Financial Review,Pyrmont,NSW,,https://www.proquest.com/docview/3119602193
unrelated,3119913934,Grattan on Friday: a possible Trump victory is making the Albanese government cagey about its 2035 climate target,2024-10-24,Newspapers,,5425109,EveningReport.nz,NEW DELHI,,,https://www.proquest.com/docview/3119913934
worthwhile,3120132906,The U.S. Power Crunch Is Creating High Stakes for Tech,2024-10-24,Newspapers,"['Kissane, Carolyn']",2048938,Barron's (Online),South Brunswick,NJ,,https://www.proquest.com/docview/3120132906
unrelated,3120144776,China 'vital partner' for Abu Dhabi,2024-10-25,Newspapers,,2030588,China Daily,BEIJING,,,https://www.proquest.com/docview/3120144776
unrelated,3120144831,China 'vital partner' for Abu Dhabi,2024-10-25,Newspapers,,2030555,China Daily,BEIJING,,,https://www.proquest.com/docview/3120144831
worthwhile,3120163488,Get nuclear in the mix: Stokes,2024-10-25,Newspapers,,42763,The Australian,Surry Hills,NSW,,https://www.proquest.com/docview/3120163488
unrelated,3120164841,"2024 Qld election: Every candidate, promise, polling booth, what you need to know",2024-10-24,Newspapers,,636370,The Courier - Mail (Online),Surry Hills,NSW,,https://www.proquest.com/docview/3120164841
worthwhile,3120165091,Get nuclear in the mix: Stokes,2024-10-25,Newspapers,,42763,The Australian,Surry Hills,NSW,,https://www.proquest.com/docview/3120165091
worthwhile,3120177831,"Inside Amazon's nuclear ambitions, its 'Piano Man' project, and CEO Andy Jassy's support",2024-10-24,Newspapers,"['Kim, Eugene']",4682318,Business Insider,New York,NY,,https://www.proquest.com/docview/3120177831
worthwhile,3120356318,Nuclear energy could contribute to Asean regional grid: Panellist,2024-10-25,Newspapers,"['Tan, Cheryl']",33108,The Straits Times,News Centre,,,https://www.proquest.com/docview/3120356318
risk,3120519835,Tetris man’s new puzzle is saving planet,2024-10-26,Newspapers,,38488,The Northern Advocate,Auckland,,,https://www.proquest.com/docview/3120519835
risk,3120520022,Tetris man’s new puzzle is saving planet,2024-10-26,Newspapers,,2043507,Wanganui Chronicle,Auckland,,,https://www.proquest.com/docview/3120520022
risk,3120520067,Tetris man’s new puzzle is saving planet,2024-10-26,Newspapers,,44839,The New Zealand Herald,Auckland,,,https://www.proquest.com/docview/3120520067
risk,3120520070,Tetris man’s new puzzle is saving planet,2024-10-26,Newspapers,,38487,The Daily Post,Auckland,,,https://www.proquest.com/docview/3120520070
risk,3120521890,Tetris man’s new puzzle is saving planet,2024-10-26,Newspapers,,38485,Hawkes Bay Today,Auckland,,,https://www.proquest.com/docview/3120521890
risk,3120521939,Tetris man’s new puzzle is saving planet,2024-10-26,Newspapers,,38485,Hawkes Bay Today,Auckland,,,https://www.proquest.com/docview/3120521939
worthwhile,3120591442,Big Tech goes nuclear: Amazon's pitch to use power plants shows the crucial role the energy source plays for AI,2024-10-25,Newspapers,"['DeFrancesco, Dan']",4682318,Business Insider,New York,NY,,https://www.proquest.com/docview/3120591442
unrelated,3120917859,A looming Trump victory is putting Albanese's cagey climate target in peril,2024-10-26,Newspapers,"['Grattan, Michelle']",726339,The Canberra Times,Canberra ACT,,,https://www.proquest.com/docview/3120917859
unrelated,3120921512,QLD Election 2024: LNP vs Labor policies and promises compared,2024-10-22,Newspapers,"['Fellows, Taylah', 'McCormack, Madura']",636370,The Courier - Mail (Online),Surry Hills,NSW,,https://www.proquest.com/docview/3120921512
unrelated,3120929229,"2024 Qld election: Every candidate, promise, polling booth, what you need to know",2024-10-26,Newspapers,,636370,The Courier - Mail (Online),Surry Hills,NSW,,https://www.proquest.com/docview/3120929229
risk,3120944523,'It has become impossible to build things in Britain',2024-10-27,Newspapers,,32356,The Sunday Telegraph,Tonbridge,,,https://www.proquest.com/docview/3120944523
risk,3120999827,Investors bet against nuclear despite big tech interest,2024-10-28,Newspapers,,43154,The Age,Sydney,New South Wales,,https://www.proquest.com/docview/3120999827
risk,3120999859,Investors bet against nuclear despite big tech interest,2024-10-28,Newspapers,,44841,Sydney Morning Herald,Sydney,New South Wales,,https://www.proquest.com/docview/3120999859
worthwhile,3121001268,"It’s become impossible to build things in Britain, says mini-nuke executive",2024-10-27,Newspapers,"['Oliver, Matt']",1986348,Telegraph.co.uk,London,,,https://www.proquest.com/docview/3121001268
unrelated,3121098043,David Crisafulli as Qld Premier: How the Qld government works and who controls what,2024-10-26,Newspapers,,636370,The Courier - Mail (Online),Surry Hills,NSW,,https://www.proquest.com/docview/3121098043
risk,3121100981,"Even with a price tag, renewables future is already broken",2024-10-28,Newspapers,,42763,The Australian,Surry Hills,NSW,,https://www.proquest.com/docview/3121100981
risk,3121265933,"Even with a price tag, our renewables future is already broken",2024-10-27,Newspapers,"['Cater, Nick']",636359,The Australian (Online),Surry Hills,NSW,,https://www.proquest.com/docview/3121265933
unrelated,3121319041,David Crisafulli as Qld Premier: How the Qld government works and who controls what,2024-10-27,Newspapers,,636370,The Courier - Mail (Online),Surry Hills,NSW,,https://www.proquest.com/docview/3121319041
risk,3121336443,Atomic power probe shows experts divided on nuclear energy,2024-10-28,Newspapers,"['Wang, Jessica', 'Olbrycht-Palmer, Joseph']",636365,News.com.au,Surry Hills,NSW,,https://www.proquest.com/docview/3121336443
worthwhile,3122684302,Japan: Japanese nuclear reactor that survived earthquake restarts,2024-11-01,Newspapers,,656306,Asia News Monitor,Bangkok,,,https://www.proquest.com/docview/3122684302
worthwhile,3122859292,"Big Tech Paves Way for Nuclear Boost --- Small modular reactors could eventually make the power source cheaper, safer and faster to build",2024-11-01,Newspapers,"['Lee, Jinjoo']",10482,Wall Street Journal,South Brunswick,NJ,,https://www.proquest.com/docview/3122859292
risk,3122860182,"Three Mile Island, Notorious in Nuclear Power’s Past, May Herald Its Future",2024-11-01,Newspapers,"['Elliott, Rebecca F']",45131,The New York Times,NEW YORK,NY,,https://www.proquest.com/docview/3122860182
unrelated,3123114001,Bosses sound alarm on Reeves’s Budget as confidence evaporates,2024-11-01,Newspapers,"['Wallace, Tim']",1986348,Telegraph.co.uk,London,,,https://www.proquest.com/docview/3123114001
unrelated,3123114680,"What is ESG investing? Definition, benefits and risks",2024-11-01,Newspapers,"['Thomas, Holly']",1986348,Telegraph.co.uk,London,,,https://www.proquest.com/docview/3123114680
risk,3123196209,Laborious reversal,2024-11-02,Newspapers,"['Wetzel, Daniel']",54211,Welt am Sonntag,Berlin,,,https://www.proquest.com/docview/3123196209
risk,3123281347,‘Model is broken’: off-shore wind’s towering hype faces reality check,2024-11-01,Newspapers,"['Graham, Lloyd']",636359,The Australian (Online),Surry Hills,NSW,,https://www.proquest.com/docview/3123281347
risk,3123366827,Britain importing record amounts of electricity from Europe,2024-11-02,Newspapers,"['Oliver, Matt']",1986348,Telegraph.co.uk,London,,,https://www.proquest.com/docview/3123366827
worthwhile,3123447255,Britain imports record amounts of electricity to keep the lights on,2024-11-03,Newspapers,,32356,The Sunday Telegraph,Tonbridge,,,https://www.proquest.com/docview/3123447255
unrelated,3123489459,The HOT LIST of would-be winners from a bombshell Budget ... and how they might make YOU richer,2024-11-03,Newspapers,"['Murray-West, Rosie']",45309,Mail on Sunday,London,,,https://www.proquest.com/docview/3123489459
unrelated,3123490758,The HOT LIST of would-be winners from a bombshell Budget ... and how they might make YOU richer,2024-11-03,Newspapers,"['Murray-West, Rosie']",45309,Mail on Sunday,London,,,https://www.proquest.com/docview/3123490758
unrelated,3123544793,United States: South Africa Country Analysis Brief,2024-11-04,Newspapers,,656306,Asia News Monitor,Bangkok,,,https://www.proquest.com/docview/3123544793
risk,3123724610,Why Constellation Energy's stock is seeing a record selloff despite profit beat; Highflying stocks of fellow nuclear-power companies Vistra and Talen Energy also dropped after a disappointing regulatory ruling,2024-11-04,Newspapers,"['Kilgore, Tomi']",7077307,MarketWatch,South Brunswick,NJ,,https://www.proquest.com/docview/3123724610
unrelated,3123797048,United States: Remarks as Prepared for Delivery by National Climate Advisor Ali Zaidi at Georgetown Law School on the Biden-Harris Administration's Work to Rebuild our Middle Class and Accelerate American Manufacturing and Innovation,2024-11-05,Newspapers,,656306,Asia News Monitor,Bangkok,,,https://www.proquest.com/docview/3123797048
risk,3123797707,"Zim, Zambia explore Kariba floating solar project",2024-11-04,Newspapers,,2046060,The Herald,,,,https://www.proquest.com/docview/3123797707
worthwhile,3124009134,The trend of new electricity cost is stable.,2024-11-04,Newspapers,,4368386,Vietnam News Gazette,,,,https://www.proquest.com/docview/3124009134
risk,3124052907,Millions more households to be asked to switch off to hit Ed Miliband’s net zero targets,2024-11-05,Newspapers,"['Oliver, Matt']",1986348,Telegraph.co.uk,London,,,https://www.proquest.com/docview/3124052907
risk,3124104631,Why Miliband’s net zero blitz could play into the hands of Nigel Farage,2024-11-05,Newspapers,"['Leake, Jonathan']",1986348,Telegraph.co.uk,London,,,https://www.proquest.com/docview/3124104631
risk,3124289192,Why a Memphis Community Is Fighting Elon Musk’s Supercomputer,2024-11-06,Newspapers,"['Penn, Ivan', 'Conger, Kate']",45131,The New York Times,NEW YORK,NY,,https://www.proquest.com/docview/3124289192
risk,3124511785,The EU’s next energy chief has a money problem,2024-11-05,Newspapers,,2040502,Yerepouni Daily News,Camden,DE,,https://www.proquest.com/docview/3124511785
worthwhile,3124590184,Singapore: Speech by DPM and Minister for Trade and Industry Gan Kim Yong at the Singapore International Energy Week 2024,2024-11-07,Newspapers,,656306,Asia News Monitor,Bangkok,,,https://www.proquest.com/docview/3124590184
unrelated,3124699991,IBD's 100 Most Sustainable Companies For 2024,2024-10-11,Newspapers,"['Stanley, Anne']",7122126,Investor's Business Daily (Online),South Brunswick,NJ,,https://www.proquest.com/docview/3124699991
worthwhile,3125472569,European Union: Hearing of Commissioner-designate Dan Jørgensen,2024-11-08,Newspapers,,656306,Asia News Monitor,Bangkok,,,https://www.proquest.com/docview/3125472569
risk,3125752370,What Trump can do to reverse US climate policy − and what he probably can’t change,2024-11-07,Newspapers,"['Jain, Gautam']",4977986,The Conversation :  Economy + Business,Boston,MA,,https://www.proquest.com/docview/3125752370
risk,3125759322,What Trump can do to reverse US climate policy − and what he probably can’t change,2024-11-07,Newspapers,"['Jain, Gautam']",4977984,The Conversation : Environment + Energy,Boston,MA,,https://www.proquest.com/docview/3125759322
risk,3125768768,What Trump can do to reverse US climate policy − and what he probably can’t change,2024-11-07,Newspapers,"['Jain, Gautam']",4977988,The Conversation U.S.,Boston,MA,,https://www.proquest.com/docview/3125768768
unrelated,3125947654,Why Rwanda is updating its energy policy,2024-11-08,Newspapers,,2029748,The New Times,Camden,DE,,https://www.proquest.com/docview/3125947654
unrelated,3125951755,Revealed: The Arabian Business 100 Most Admired Companies for 2024,2024-11-08,Newspapers,,39150,Arabianbusiness.com,Camden,DE,,https://www.proquest.com/docview/3125951755
worthwhile,3126484148,China touts success of its first home-grown nuclear reactor,2024-11-10,Newspapers,"['Zhang, Lim Min']",33108,The Straits Times,News Centre,,,https://www.proquest.com/docview/3126484148
worthwhile,3126485817,Nuclear option: Small modular reactors can pave India's path to clean energy,2024-11-10,Newspapers,,75999,Mint,New Delhi,,,https://www.proquest.com/docview/3126485817
worthwhile,3126486165,Green portfolio's 74pc rise as Trump loomed,2024-11-11,Newspapers,,2040384,The Australian Financial Review,Pyrmont,NSW,,https://www.proquest.com/docview/3126486165
worthwhile,3126621135,AI's Power Needs Spark Three Mile Island Redux,2024-11-11,Newspapers,"['Hiller, Jennifer', 'Blunt, Katherine']",10482,Wall Street Journal,South Brunswick,NJ,,https://www.proquest.com/docview/3126621135
worthwhile,3126695714,Nuclear ban risks data centre opportunities,2024-11-12,Newspapers,,2040384,The Australian Financial Review,Pyrmont,NSW,,https://www.proquest.com/docview/3126695714
unrelated,3126731313,Climate Action 15: 2024's top global innovators powering green solutions,2024-11-11,Newspapers,,4682318,Business Insider,New York,NY,,https://www.proquest.com/docview/3126731313
worthwhile,3126742221,World: Latin America: When climate change ruins renewables,2024-11-12,Newspapers,,656306,Asia News Monitor,Bangkok,,,https://www.proquest.com/docview/3126742221
unrelated,3126819734,Taking control of our relationship with Trump,2024-11-09,Newspapers,"['Greenspon, Edward', 'Fagan, Drew']",46323,The Globe and Mail,Toronto,Ontario,,https://www.proquest.com/docview/3126819734
worthwhile,3126825134,"DPM Fadillah: Malaysia weighs nuclear power as clean energy source to meet rising electricity demand, assures thorough review before commitment",2024-11-11,Newspapers,,4371404,Malay Mail Online,,,,https://www.proquest.com/docview/3126825134
unrelated,3127037708,Qualcomm CEO Plays Down Trump Fears. What Tech Wants From the Next President.,2024-11-12,Newspapers,"['Clark, Adam']",2048938,Barron's (Online),South Brunswick,NJ,,https://www.proquest.com/docview/3127037708
worthwhile,3127359594,Investment implications of AI's huge appetite for energy,2024-11-13,Newspapers,['Fook'],33677,The Business Times,News Centre,,,https://www.proquest.com/docview/3127359594
risk,3127360217,Britain’s soaring reliance on foreign power exposes the great green energy scam,2024-11-12,Newspapers,"['Lodge, Tony']",1986348,Telegraph.co.uk,London,,,https://www.proquest.com/docview/3127360217
unrelated,3127382844,"United States: Remarks as Delivered by John Podesta Press Conference at the 29th UN Climate Change Conference (COP 29) in Baku, Azerbaijan",2024-11-13,Newspapers,,656306,Asia News Monitor,Bangkok,,,https://www.proquest.com/docview/3127382844
worthwhile,3127413842,"Macquarie initiates coverage on power stocks: NTPC, PFC, REC, and Power Grid could give 18-30% return [Stock in news]",2024-11-13,Newspapers,,29263,The Economic Times,New Delhi,,,https://www.proquest.com/docview/3127413842
risk,3127503946,"G.O.P. Shifts on Climate, but Not on Fossil Fuels",2021-08-14,Newspapers,"['Friedman, Lisa', 'Davenport, Coral']",45545,New York Times  (1923-),NEW YORK,NY,,https://www.proquest.com/docview/3127503946
risk,3127507878,"Senator Has Fossil Fuel Links, and a Potent Pen",2021-09-20,Newspapers,"['Davenport, Coral']",45545,New York Times  (1923-),NEW YORK,NY,,https://www.proquest.com/docview/3127507878
worthwhile,3127664074,United States: Trump set to go after measures mitigating climate change,2024-11-14,Newspapers,,656306,Asia News Monitor,Bangkok,,,https://www.proquest.com/docview/3127664074
worthwhile,3128099191,"Canada, France offer nuclear support to Philippines",2024-11-14,Newspapers,,3930286,Manila Bulletin,New Delhi,,,https://www.proquest.com/docview/3128099191
unrelated,3128310264,The Gateses' Public Split Spotlights a Very Secretive Fortune,2021-05-14,Newspapers,"['Kulish, Nicholas', 'Gelles, David', 'Das, Anupreeta', 'Kelly, Kate']",45545,New York Times  (1923-),NEW YORK,NY,,https://www.proquest.com/docview/3128310264
unrelated,3128327250,"Ending long deadlock, carbon credit trade rules approved",2024-11-15,Newspapers,,39282,The New Nation,New Delhi,,,https://www.proquest.com/docview/3128327250
unrelated,3128344540,United States: Joint Statement from the Leaders of the United States and the Republic of Indonesia: Commemorating 75 Years of Diplomatic Relations,2024-11-15,Newspapers,,656306,Asia News Monitor,Bangkok,,,https://www.proquest.com/docview/3128344540
worthwhile,3128345263,United States: FACT SHEET: Biden-Harris Administration Leverages Historic U.S. Climate Leadership at Home and Abroad to Urge Countries to Accelerate Global Climate Action at the 29th U.N. Climate Change Conference (COP29),2024-11-15,Newspapers,,656306,Asia News Monitor,Bangkok,,,https://www.proquest.com/docview/3128345263
worthwhile,3128530940,Atkins-Réalis says nuclear is key to its growth,2024-11-15,Newspapers,,44892,Toronto Star,Toronto,Ontario,,https://www.proquest.com/docview/3128530940
risk,3128895857,Why Ed Miliband's net zero dream is doomed to fail,2024-11-16,Newspapers,,33554,The Daily Telegraph,Tonbridge,,,https://www.proquest.com/docview/3128895857
risk,3128954731,Why Ed Miliband’s net zero dream is doomed to failure,2024-11-16,Newspapers,"['Wright, Ben']",1986348,Telegraph.co.uk,London,,,https://www.proquest.com/docview/3128954731
risk,3129106079,Nuclear plants in Illinois are caught in the crosshairs,2024-11-17,Newspapers,"['Atkins, Karina']",46852,Chicago Tribune,Chicago,IL,,https://www.proquest.com/docview/3129106079
risk,3129106217,Nuclear plants in Illinois are caught in the crosshairs,2024-11-17,Newspapers,"['Atkins, Karina']",46852,Chicago Tribune,Chicago,IL,,https://www.proquest.com/docview/3129106217
worthwhile,3129215575,Renewables firm provides P192 million to fund nuclear research in PHL,2024-11-17,Newspapers,,2032451,Business Mirror,,,,https://www.proquest.com/docview/3129215575
unrelated,3129229930,Your Say,2024-11-17,Newspapers,,42792,Herald Sun,Surry Hills,NSW,,https://www.proquest.com/docview/3129229930
risk,3129233154,"Miliband’s energy policy isn’t just incoherent, it’s a danger to security",2024-11-17,Newspapers,"['Nick, Timothy']",1986348,Telegraph.co.uk,London,,,https://www.proquest.com/docview/3129233154
risk,3129253227,"Miliband's energy policy isn't just incoherent, it's a danger to security",2024-11-18,Newspapers,,33554,The Daily Telegraph,Tonbridge,,,https://www.proquest.com/docview/3129253227
risk,3129828982,Letters to the Editor,2024-11-19,Newspapers,,42763,The Australian,Surry Hills,NSW,,https://www.proquest.com/docview/3129828982
unrelated,3129852953,Trump ‘to deal £20bn blow to British economy’,2024-11-18,Newspapers,"['Price, Chris']",1986348,Telegraph.co.uk,London,,,https://www.proquest.com/docview/3129852953
risk,3129875106,Chris Bowen and Ted O’Brien answer The Australian’s questions on energy and climate,2024-11-18,Newspapers,"['Lewis, Rosie']",636359,The Australian (Online),Surry Hills,NSW,,https://www.proquest.com/docview/3129875106
risk,3129932381,Political ideology v energy reality? Aussies are the losers,2024-11-18,Newspapers,,636359,The Australian (Online),Surry Hills,NSW,,https://www.proquest.com/docview/3129932381
unrelated,3129991077,"Bangladesh, other SA nations need $625 bln to triple renewable energy capacity",2024-11-19,Newspapers,,3930058,United News of Bangladesh,New Delhi,,,https://www.proquest.com/docview/3129991077
risk,3130599037,Investment shake-up puts Future Fund on a slippery slope,2024-11-21,Newspapers,,2040384,The Australian Financial Review,Pyrmont,NSW,,https://www.proquest.com/docview/3130599037
risk,3131561118,REALITY CHECK ON THE PLANET,2024-11-22,Newspapers,,42763,The Australian,Surry Hills,NSW,,https://www.proquest.com/docview/3131561118
risk,3131561512,HEAD TO HEAD ON CLIMATE,2024-11-22,Newspapers,,42763,The Australian,Surry Hills,NSW,,https://www.proquest.com/docview/3131561512
worthwhile,3131638850,"We need the clean, dependable option of nuclear energy",2024-11-21,Newspapers,"['Lombardi, Matw']",45458,National Post,Toronto,Ontario,,https://www.proquest.com/docview/3131638850
worthwhile,3131713249,"Nuclear Power, Once Shunned, Gets Place at Climate Talks",2024-11-22,Newspapers,"['Plumer, Brad']",45131,The New York Times,NEW YORK,NY,,https://www.proquest.com/docview/3131713249
risk,3131719535,Will community goodwill for action hold up in the face of less certain economic times?,2024-11-21,Newspapers,"['Graham, Lloyd']",636359,The Australian (Online),Surry Hills,NSW,,https://www.proquest.com/docview/3131719535
risk,3131762414,US-led talks on small modular reactors could renew Asean's nuclear push,2024-11-22,Newspapers,['Crystal'],33677,The Business Times,News Centre,,,https://www.proquest.com/docview/3131762414
unrelated,3131908647,Central to growth will be bridging the great divide,2024-11-23,Newspapers,"['Murison, Henri']",27174,The Yorkshire Post,Tunbridge Wells,,,https://www.proquest.com/docview/3131908647
risk,3131917042,Labor goes full steam ahead on track for fiasco,2024-11-23,Newspapers,,42764,Weekend Australian,Surry Hills,NSW,,https://www.proquest.com/docview/3131917042
risk,3131917438,"Vote for small targets, expect big mistakes",2024-11-23,Newspapers,,42764,Weekend Australian,Surry Hills,NSW,,https://www.proquest.com/docview/3131917438
risk,3131958371,Vote for the small-target candidate and watch your country shrink,2024-11-22,Newspapers,"['Kenny, Chris']",636359,The Australian (Online),Surry Hills,NSW,,https://www.proquest.com/docview/3131958371
unrelated,3132015132,FTI fuels the push for a public-private energy plan in Thailand,2024-11-22,Newspapers,,4371402,The Thaiger,,,,https://www.proquest.com/docview/3132015132
risk,3132094166,Labor goes full steam ahead on track for political fiasco,2024-11-22,Newspapers,"['Shanahan, Dennis']",636359,The Australian (Online),Surry Hills,NSW,,https://www.proquest.com/docview/3132094166
worthwhile,3132351502,Abu Dhabi announces significant progress in implementing objectives of Emirate’s Climate Change Strategy 2023-2027,2024-11-23,Newspapers,,40133,Emirates News Agency (WAM),Camden,DE,,https://www.proquest.com/docview/3132351502
risk,3132449966,Your Say,2024-11-25,Newspapers,,42792,Herald Sun,Surry Hills,NSW,,https://www.proquest.com/docview/3132449966
risk,3132461884,FTI says Trump 2.0 policy puts heavy pressure on global economy,2024-11-21,Newspapers,,4368386,Vietnam News Gazette,,,,https://www.proquest.com/docview/3132461884
unrelated,3132739774,AMWU condemns Labor over lack of local input in multibillion-dollar wind tower projects,2024-11-25,Newspapers,"['Ferguson, John']",636359,The Australian (Online),Surry Hills,NSW,,https://www.proquest.com/docview/3132739774
worthwhile,3132768975,"10 key energy-transition indicators highlight risks, opportunities",2024-11-26,Newspapers,,33677,The Business Times,News Centre,,,https://www.proquest.com/docview/3132768975
unrelated,3133443350,Malaysia/Republic of Korea (South Korea): Elevation Of Bilateral Relations Between Malaysia And The Republic Of Korea To Strategic Partnership 25 November 2024,2024-11-28,Newspapers,,656306,Asia News Monitor,Bangkok,,,https://www.proquest.com/docview/3133443350
risk,3133494427,"Mildly hot, major problems",2024-11-28,Newspapers,,42763,The Australian,Surry Hills,NSW,,https://www.proquest.com/docview/3133494427
risk,3133495194,"Mildly hot, major problems",2024-11-28,Newspapers,,42763,The Australian,Surry Hills,NSW,,https://www.proquest.com/docview/3133495194
worthwhile,3133631434,Data centres: Climate killers or green saviours?,2024-11-28,Newspapers,,33108,The Straits Times,News Centre,,,https://www.proquest.com/docview/3133631434
risk,3133636434,Mildly hot day leads to major problems for electricity grid,2024-11-27,Newspapers,"['Brown, Greg', 'Demetriadi, Alexi', 'Packham, Colin']",636359,The Australian (Online),Surry Hills,NSW,,https://www.proquest.com/docview/3133636434
risk,3133644311,Clean energy efforts run into reality,2024-11-29,Newspapers,,2040384,The Australian Financial Review,Pyrmont,NSW,,https://www.proquest.com/docview/3133644311
unrelated,3133742107,United States: G7 Foreign Ministers' Meeting Statement,2024-11-29,Newspapers,,656306,Asia News Monitor,Bangkok,,,https://www.proquest.com/docview/3133742107
risk,3133742613,World: Why are new nuclear projects still too costly in Europe?,2024-11-29,Newspapers,,656306,Asia News Monitor,Bangkok,,,https://www.proquest.com/docview/3133742613
unrelated,3133820042,"Canada-Philippines cooperation: 'Comprehensive, robust, strategic'",2024-11-28,Newspapers,,2032451,Business Mirror,,,,https://www.proquest.com/docview/3133820042
unrelated,3134031203,"Revenue streaming spreads big tech contentThe Magnificent Seven have shot the lights out this year, though Netflix would have been a more magnificent choice than Tesla, writes The Finance Ghost",2024-11-28,Newspapers,,4821771,Financial Mail,Saxonwold,,,https://www.proquest.com/docview/3134031203
worthwhile,3134032370,START-UPSPretoria’s nuke tech poised to go radioactiveExpertise in affordable uranium enrichment and medical isotope manufacture puts ASP Isotopes in a strong position,2024-11-28,Newspapers,"['Hubbard, Brendon']",4821771,Financial Mail,Saxonwold,,,https://www.proquest.com/docview/3134032370
risk,3134101040,Decommissioning old nuclear sites to cost £130bn in blow to Miliband,2024-11-29,Newspapers,"['Leake, Jonathan']",1986348,Telegraph.co.uk,London,,,https://www.proquest.com/docview/3134101040
risk,3134130720,ALP’s renewables obsession a model of self-harm,2024-11-30,Newspapers,,42764,Weekend Australian,Surry Hills,NSW,,https://www.proquest.com/docview/3134130720
worthwhile,3134229830,Nuclear Energy Wins New Fans—Even in New York State,2024-11-30,Newspapers,"['Salzman, Avi']",2048938,Barron's (Online),South Brunswick,NJ,,https://www.proquest.com/docview/3134229830
risk,3134281911,ALP’s renewables obsession a model of self-harm,2024-11-29,Newspapers,"['George, Jennie']",636359,The Australian (Online),Surry Hills,NSW,,https://www.proquest.com/docview/3134281911
unrelated,3134522503,Former Tesco boss wants to send power from Morocco to Great Britain using subsea cable,2024-12-01,Newspapers,,35249,The Guardian,London,,,https://www.proquest.com/docview/3134522503
unrelated,3134524080,European Union: Speech by Commissioner Simson in the European Parliament's plenary session on the rise of energy prices and fighting energy poverty,2024-12-02,Newspapers,,656306,Asia News Monitor,Bangkok,,,https://www.proquest.com/docview/3134524080
unrelated,3134623580,There's a missing piece in move to clean energy,2024-12-02,Newspapers,"['Atkins, Karina']",46852,Chicago Tribune,Chicago,IL,,https://www.proquest.com/docview/3134623580
risk,3134627951,Indonesia's renewable capacity targets not enough to meet new net-zero aim: report,2024-12-02,Newspapers,"['Lim, Janice']",33677,The Business Times,News Centre,,,https://www.proquest.com/docview/3134627951
worthwhile,3134878589,Reviving nuclear power programme believed a correct policy,2024-12-02,Newspapers,,4371406,Viet Nam News,,,,https://www.proquest.com/docview/3134878589
unrelated,3138955276,Ex-trade minister Robb joins hydrogen hopeful,2024-12-04,Newspapers,,42763,The Australian,Surry Hills,NSW,,https://www.proquest.com/docview/3138955276
unrelated,3138956974,Ex-trade minister Robb joins hydrogen hopeful,2024-12-04,Newspapers,,42763,The Australian,Surry Hills,NSW,,https://www.proquest.com/docview/3138956974
worthwhile,3139092223,Nuclear plant closures paused amid fear of net zero blackouts,2024-12-04,Newspapers,"['Leake, Jonathan']",1986348,Telegraph.co.uk,London,,,https://www.proquest.com/docview/3139092223
unrelated,3140485041,U.S. CONFRONTS CRITICAL CHOICES ON POWER LINES,2021-07-12,Newspapers,"['Penn, Ivan', 'Krauss, Clifford']",45545,New York Times  (1923-),NEW YORK,NY,,https://www.proquest.com/docview/3140485041
risk,3140518549,Britain Rethinks Nuclear Deal With China,2021-08-03,Newspapers,"['Reed, Stanley']",45545,New York Times  (1923-),NEW YORK,NY,,https://www.proquest.com/docview/3140518549
worthwhile,3140551154,"Miliband the Net Zero fanatic must realise that nuclear is the answer, not pointless renewables",2024-12-04,Newspapers,"['Mayer, Andy']",1986348,Telegraph.co.uk,London,,,https://www.proquest.com/docview/3140551154
worthwhile,3140859470,Top 3 investment megatrends for 2025 identified,2024-12-04,Newspapers,,38562,TradeArabia,Camden,DE,,https://www.proquest.com/docview/3140859470
risk,3141005023,Dutton dumps third wind farm before nuclear pitch,2024-12-06,Newspapers,,2040384,The Australian Financial Review,Pyrmont,NSW,,https://www.proquest.com/docview/3141005023
worthwhile,3141009301,"ERS asks the Prime Minister to review the long-term electricity plan, risking high electricity costs",2024-12-04,Newspapers,,4368386,Vietnam News Gazette,,,,https://www.proquest.com/docview/3141009301
risk,3141021267,Dutton will cancel Hunter offshore wind project if elected,2024-12-06,Newspapers,,43153,Newcastle Herald,Canberra ACT,,,https://www.proquest.com/docview/3141021267
worthwhile,3141036366,Fueling AI with atoms: Why Meta is betting big on nuclear energy,2024-12-05,Newspapers,,2040502,Yerepouni Daily News,Camden,DE,,https://www.proquest.com/docview/3141036366
risk,3141040510,Texas Looks to Capitalize on Big Tech’s Nuclear Power Push,2024-12-05,Newspapers,,2040502,Yerepouni Daily News,Camden,DE,,https://www.proquest.com/docview/3141040510
unrelated,3141390430,Economic Woes in The Making For Decades,2024-12-07,Newspapers,,2040384,The Australian Financial Review,Pyrmont,NSW,,https://www.proquest.com/docview/3141390430
unrelated,3141416302,British pensioner backing of London shares hits historic low,2024-12-06,Newspapers,"['Price, Chris']",1986348,Telegraph.co.uk,London,,,https://www.proquest.com/docview/3141416302
risk,3141548940,Higher bills could fund ‘essential’ nuclear push,2024-12-06,Newspapers,"['Oliver, Matt']",1986348,Telegraph.co.uk,London,,,https://www.proquest.com/docview/3141548940
risk,3141615199,Energy bills may rise in nuclear power push,2024-12-07,Newspapers,,33554,The Daily Telegraph,Tonbridge,,,https://www.proquest.com/docview/3141615199
risk,3141711638,The climate crisis is our greatest health crisis,2024-12-07,Newspapers,"['Mili, Roy']",44543,Winnipeg Free Press,Winnipeg,Manitoba,,https://www.proquest.com/docview/3141711638
worthwhile,3141936179,Rolls-Royce Plans to Build Small Nuclear Power Plants,2021-11-10,Newspapers,"['Reed, Stanley']",45545,New York Times  (1923-),NEW YORK,NY,,https://www.proquest.com/docview/3141936179
risk,3141947881,Be the adults in the room,2024-12-08,Newspapers,,42765,The Advertiser,Surry Hills,NSW,,https://www.proquest.com/docview/3141947881
unrelated,3141952395,Decoding the Buzzwords Around the Climate Debate,2021-11-27,Newspapers,,45545,New York Times  (1923-),NEW YORK,NY,,https://www.proquest.com/docview/3141952395
worthwhile,3141952841,"In Europe, A New Push For Nuclear",2021-11-30,Newspapers,"['Alderman, Liz', 'Reed, Stanley']",45545,New York Times  (1923-),NEW YORK,NY,,https://www.proquest.com/docview/3141952841
risk,3141980702,Be the adults in the room,2024-12-08,Newspapers,,42792,Herald Sun,Surry Hills,NSW,,https://www.proquest.com/docview/3141980702
worthwhile,3142084072,Saudi Arabia and France underscore importance of developing and diversifying economic and investment cooperation,2024-12-08,Newspapers,,2040520,Saudi Gazette,Camden,DE,,https://www.proquest.com/docview/3142084072
risk,3142087683,Be the adults in the room,2024-12-08,Newspapers,,42785,The Courier - Mail,Surry Hills,NSW,,https://www.proquest.com/docview/3142087683
worthwhile,3142232525,A time of change and opportunity,2024-12-10,Newspapers,,2040384,The Australian Financial Review,Pyrmont,NSW,,https://www.proquest.com/docview/3142232525
risk,3142250307,Regional impact of ditching offshore wind 'staggering',2024-12-10,Newspapers,,43153,Newcastle Herald,Canberra ACT,,,https://www.proquest.com/docview/3142250307
worthwhile,3142375310,Has Nuclear Energy Finally Overcome the Chernobyl Disaster?,2024-12-09,Newspapers,,2040502,Yerepouni Daily News,Camden,DE,,https://www.proquest.com/docview/3142375310
unrelated,3142540405,A break in the clouds: What COP29 got right and why it matters,2024-12-10,Newspapers,"['Somani, Sharad']",33677,The Business Times,News Centre,,,https://www.proquest.com/docview/3142540405
risk,3142549914,Forrest and BP renewables get federal backing,2024-12-11,Newspapers,,2040384,The Australian Financial Review,Pyrmont,NSW,,https://www.proquest.com/docview/3142549914
worthwhile,3142634967,"Canada: Ensuring Access to Affordable, Reliable and Clean Electricity in New Brunswick",2024-12-11,Newspapers,,656306,Asia News Monitor,Bangkok,,,https://www.proquest.com/docview/3142634967
risk,3142722682,Ed Miliband's GB Energy slammed as 'needless new quango' costing taxpayers £8.3bn,2024-12-10,Newspapers,,2030468,Express (Online),London,,,https://www.proquest.com/docview/3142722682
worthwhile,3142921726,How energy policy flicks our switch,2024-12-12,Newspapers,,636420,The Land,Canberra ACT,,,https://www.proquest.com/docview/3142921726
risk,3142921808,CSIRO doubles down on nuclear costings,2024-12-12,Newspapers,"['Gregory, Jason']",636420,The Land,Canberra ACT,,,https://www.proquest.com/docview/3142921808
risk,3142922511,Nuclear energy too expensive,2024-12-12,Newspapers,"['Gregory, Jason']",646457,Stock and Land,Canberra ACT,,,https://www.proquest.com/docview/3142922511
unrelated,3142998891,"United States: FACT SHEET: Biden-Harris Administration Leads by Example, Leveraging the Federal Government to Catalyze Clean Energy Jobs and Cut Costs and Pollution",2024-12-12,Newspapers,,656306,Asia News Monitor,Bangkok,,,https://www.proquest.com/docview/3142998891
unrelated,3143155589,How Far Has Armenia Come in Meeting Paris Climate Goals?,2024-12-11,Newspapers,,2040502,Yerepouni Daily News,Camden,DE,,https://www.proquest.com/docview/3143155589
risk,3143195080,Grattan on Friday: Dutton’s nuclear policy would have coal-fired power stations operating for a lot longer,2024-12-13,Newspapers,,5425109,EveningReport.nz,NEW DELHI,,,https://www.proquest.com/docview/3143195080
risk,3143213658,Dutton pins nuclear hopes on Ted O'Brien,2024-12-13,Newspapers,,2040384,The Australian Financial Review,Pyrmont,NSW,,https://www.proquest.com/docview/3143213658
unrelated,3143407299,Bass Strait wind zone a big lure for investors,2024-12-13,Newspapers,,42787,The Mercury,Surry Hills,NSW,,https://www.proquest.com/docview/3143407299
unrelated,3143438847,Lagarde launches veiled attack on France and Germany as eurozone cuts interest rates,2024-12-12,Newspapers,"['Price, Chris']",1986348,Telegraph.co.uk,London,,,https://www.proquest.com/docview/3143438847
unrelated,3143451242,Federal government declares massive Bass Strait wind power zone,2024-12-12,Newspapers,"['Killick, David']",4864706,The Mercury (Online),Surry Hills,NSW,,https://www.proquest.com/docview/3143451242
risk,3143734726,"Albanese, Dutton Lay Down Election Battle Lines",2024-12-14,Newspapers,,2040384,The Australian Financial Review,Pyrmont,NSW,,https://www.proquest.com/docview/3143734726
risk,3143734867,Nuclear will need Labor's help: Dutton,2024-12-14,Newspapers,,2040384,The Australian Financial Review,Pyrmont,NSW,,https://www.proquest.com/docview/3143734867
risk,3143735357,Coalition nuclear plan a risk to growth,2024-12-14,Newspapers,,44841,Sydney Morning Herald,Sydney,New South Wales,,https://www.proquest.com/docview/3143735357
unrelated,3143823995,Labor approves 20 renewable projects,2024-12-14,Newspapers,"['Gregory, Jason']",636394,Mudgee Guardian and Gulgong Advertiser,Canberra ACT,,,https://www.proquest.com/docview/3143823995
risk,3144160974,"Business bothered by costs, timing",2024-12-14,Newspapers,,42764,Weekend Australian,Surry Hills,NSW,,https://www.proquest.com/docview/3144160974
worthwhile,3144161843,Beach boss backs Coalition energy plan,2024-12-14,Newspapers,,42764,Weekend Australian,Surry Hills,NSW,,https://www.proquest.com/docview/3144161843
risk,3144177218,Vikki Campion: Judge federal MPs on showing up – it’s clear they have no interest at all,2024-12-13,Newspapers,"['Campion, Vikki']",636369,The Daily Telegraph (Online),Surry Hills,NSW,,https://www.proquest.com/docview/3144177218
risk,3144545147,LETTERS,2024-12-16,Newspapers,,43154,The Age,Sydney,New South Wales,,https://www.proquest.com/docview/3144545147
worthwhile,3144719676,Beach boss backs Coalition energy plan,2024-12-14,Newspapers,,42764,Weekend Australian,Surry Hills,NSW,,https://www.proquest.com/docview/3144719676
risk,3144719711,"Business bothered by costs, timing",2024-12-14,Newspapers,,42764,Weekend Australian,Surry Hills,NSW,,https://www.proquest.com/docview/3144719711
risk,3145010686,Energy sector caught in a political pincer,2024-12-17,Newspapers,,2040384,The Australian Financial Review,Pyrmont,NSW,,https://www.proquest.com/docview/3145010686
risk,3145010824,Dutton's reactors will hit economy,2024-12-17,Newspapers,,44841,Sydney Morning Herald,Sydney,New South Wales,,https://www.proquest.com/docview/3145010824
worthwhile,3145235085,Renewable energy tsar throws weight behind nuclear,2024-12-17,Newspapers,,42763,The Australian,Surry Hills,NSW,,https://www.proquest.com/docview/3145235085
worthwhile,3145235502,"Nation to approve, launch more nuclear power projects",2024-12-17,Newspapers,"['Zheng, Xin']",2030588,China Daily,BEIJING,,,https://www.proquest.com/docview/3145235502
worthwhile,3145235709,"Nation to approve, launch more nuclear power projects",2024-12-17,Newspapers,"['Zheng, Xin']",2030555,China Daily,BEIJING,,,https://www.proquest.com/docview/3145235709
worthwhile,3145235781,Renewable energy tsar throws weight behind nuclear,2024-12-17,Newspapers,,42763,The Australian,Surry Hills,NSW,,https://www.proquest.com/docview/3145235781
risk,3145237156,Wind power will provide plenty of clean energy,2024-12-17,Newspapers,,42787,The Mercury,Surry Hills,NSW,,https://www.proquest.com/docview/3145237156
risk,3145274276,The hidden cost of greenwashing the Indian Railways,2024-12-17,Newspapers,,866348,The Hindu,Chennai,Tamil Nadu,,https://www.proquest.com/docview/3145274276
worthwhile,3145726657,Anti-nuclear Bowen is stuck in a fantasy world of his own,2024-12-16,Newspapers,"['Sloan, Judith']",636359,The Australian (Online),Surry Hills,NSW,,https://www.proquest.com/docview/3145726657
unrelated,3145728035,United States: FACT SHEET: Celebrating U.S.-Africa Partnership Two Years After the 2022 U.S.-Africa Leaders Summit,2024-12-18,Newspapers,,656306,Asia News Monitor,Bangkok,,,https://www.proquest.com/docview/3145728035
worthwhile,3145789249,Rwanda strengthens commitment to nuclear energy development,2024-12-17,Newspapers,,2029748,The New Times,Camden,DE,,https://www.proquest.com/docview/3145789249
risk,3145853380,Letters,2024-12-18,Newspapers,,42785,The Courier - Mail,Surry Hills,NSW,,https://www.proquest.com/docview/3145853380
unrelated,3146019160,"U.S. News: U.S. Will Give PG&amp;E a $15 Billion Loan --- Funds will go toward upgrading power grid, reducing emissions as demand surges",2024-12-18,Newspapers,"['Patterson, Scott', 'Blunt, Katherine']",10482,Wall Street Journal,South Brunswick,NJ,,https://www.proquest.com/docview/3146019160
unrelated,3146214504,Middle East economic 'pivot' to Asia to continue in 2025,2024-12-18,Newspapers,"['Hammond, Andrew']",33677,The Business Times,News Centre,,,https://www.proquest.com/docview/3146214504
worthwhile,3146526195,United States: Remarks as Prepared for Delivery by Senior Advisor to the President John Podesta at American Geophysical Union Annual Meeting,2024-12-19,Newspapers,,656306,Asia News Monitor,Bangkok,,,https://www.proquest.com/docview/3146526195
unrelated,3146551943,12 Energy Trends to Watch in 2025,2024-12-18,Newspapers,,2040502,Yerepouni Daily News,Camden,DE,,https://www.proquest.com/docview/3146551943
unrelated,3146660090,"A vision for growth, sustainability, and reconciliation",2024-12-19,Newspapers,"['Rust, Christa']",44543,Winnipeg Free Press,Winnipeg,Manitoba,,https://www.proquest.com/docview/3146660090
risk,3146993621,Nuclear costings put heat on renewables plan,2024-12-20,Newspapers,,2040384,The Australian Financial Review,Pyrmont,NSW,,https://www.proquest.com/docview/3146993621
unrelated,3147033684,Approved $4.8b transmission lines project leaves residents feeling irrelevant,2024-12-20,Newspapers,"['Coleman, Finn']",636431,The Daily Advertiser,Canberra ACT,,,https://www.proquest.com/docview/3147033684
worthwhile,3147126007,France: France demands nuclear-friendly replacement for Renewable Energy Directive,2024-12-20,Newspapers,,656306,Asia News Monitor,Bangkok,,,https://www.proquest.com/docview/3147126007
worthwhile,3147283705,Sam Altman's Oklo Powers AI Revolution with Nuclear Deal,2024-12-19,Newspapers,,4371401,Sri Lanka Guardian,,,,https://www.proquest.com/docview/3147283705
unrelated,3147408759,ALBANESE HAS A HAT; DOES HE HAVE A RABBIT?,2024-12-21,Newspapers,,2040384,The Australian Financial Review,Pyrmont,NSW,,https://www.proquest.com/docview/3147408759
risk,3147433216,"Stop carrying on; steady the ship, please",2024-12-21,Newspapers,,636411,The Northern Daily Leader,Canberra ACT,,,https://www.proquest.com/docview/3147433216
worthwhile,3147513893,"United States: FACT SHEET: President Biden Sets 2035 Climate Target Aimed at Creating Good-Paying Union Jobs, Reducing Costs for All Americans, and Securing U.S. Leadership in the Clean Energy Economy of the Future",2024-12-23,Newspapers,,656306,Asia News Monitor,Bangkok,,,https://www.proquest.com/docview/3147513893
unrelated,3147513978,India: Year End Review 2024: Ministry of Heavy Industries,2024-12-23,Newspapers,,656306,Asia News Monitor,Bangkok,,,https://www.proquest.com/docview/3147513978
risk,3147519091,Nuclear will rise on rubble of failed policy,2024-12-21,Newspapers,,42764,Weekend Australian,Surry Hills,NSW,,https://www.proquest.com/docview/3147519091
worthwhile,3147645468,Malaysia readies itself for nuclear power after 2035,2024-12-21,Newspapers,,33108,The Straits Times,News Centre,,,https://www.proquest.com/docview/3147645468
risk,3147648633,Nuclear to rise on the rubble of flawed policy,2024-12-20,Newspapers,"['Uhlmann, Chris']",636359,The Australian (Online),Surry Hills,NSW,,https://www.proquest.com/docview/3147648633
risk,3147671324,Is nuke plan fission or fiction?,2024-12-22,Newspapers,,726339,The Canberra Times,Canberra ACT,,,https://www.proquest.com/docview/3147671324
worthwhile,3147690953,Miliband’s disastrous go-slow on nuclear will be Labour’s greatest mistake,2024-12-21,Newspapers,"['Coutinho, Claire']",1986348,Telegraph.co.uk,London,,,https://www.proquest.com/docview/3147690953
unrelated,3147793040,Top tech trends to watch out for in 2025 [Tech &amp; Internet],2024-12-22,Newspapers,"['Gangadharan, Sindhu']",29263,The Economic Times,New Delhi,,,https://www.proquest.com/docview/3147793040
unrelated,3147793914,Top tech trends to watch out for in 2025 [Artificial Intelligence],2024-12-22,Newspapers,"['Gangadharan, Sindhu']",29263,The Economic Times,New Delhi,,,https://www.proquest.com/docview/3147793914
risk,3147883879,Is nuclear plan fission or fiction?,2024-12-23,Newspapers,,43153,Newcastle Herald,Canberra ACT,,,https://www.proquest.com/docview/3147883879
risk,3147884108,Powerless: Residents feeling 'irrelevant',2024-12-23,Newspapers,"['Coleman, Finn']",636431,The Daily Advertiser,Canberra ACT,,,https://www.proquest.com/docview/3147884108
risk,3148030261,JURY OUT ON NUCLEAR PLAN,2024-12-23,Newspapers,,42763,The Australian,Surry Hills,NSW,,https://www.proquest.com/docview/3148030261
unrelated,3148533750,Taking SA’s nuclear industry to the next level,2024-12-24,Newspapers,,29499,The Daily News,Johannesburg,,,https://www.proquest.com/docview/3148533750
unrelated,3148533756,Taking SA nuclear industry to next level,2024-12-24,Newspapers,,45455,Cape Argus,Johannesburg,,,https://www.proquest.com/docview/3148533756
unrelated,3148534060,Taking SA’s nuclear industry to the next level,2024-12-24,Newspapers,,39818,The Star,Johannesburg,,,https://www.proquest.com/docview/3148534060
unrelated,3148537631,Opportunity knocks for UK to reset relations,2024-12-24,Newspapers,"['Yang, Li']",2030588,China Daily,BEIJING,,,https://www.proquest.com/docview/3148537631
unrelated,3148537648,Opportunity knocks for UK to reset relations,2024-12-24,Newspapers,"['Yang, Li']",2030555,China Daily,BEIJING,,,https://www.proquest.com/docview/3148537648
worthwhile,3148644663,India's green ambitions: A key milestone crossed and yet miles to go,2024-12-24,Newspapers,,75999,Mint,New Delhi,,,https://www.proquest.com/docview/3148644663
risk,3148653171,Is crypto keeping Tajikistan’s Rogun Dam project afloat?,2024-12-23,Newspapers,,6401676,Eurasianet,New York,NY,,https://www.proquest.com/docview/3148653171
risk,3148899530,Is crypto keeping Tajikistan’s Rogun Dam project afloat?,2024-12-24,Newspapers,,2040502,Yerepouni Daily News,Camden,DE,,https://www.proquest.com/docview/3148899530
worthwhile,3149195435,The Government’s first duty is to ensure Britain is properly defended,2024-12-26,Newspapers,,1986348,Telegraph.co.uk,London,,,https://www.proquest.com/docview/3149195435
worthwhile,3149279771,Guangdong to step up development of non-fossil fuel sources,2024-12-27,Newspapers,"['Li, Wenfang']",2030555,China Daily,BEIJING,,,https://www.proquest.com/docview/3149279771
worthwhile,3149279925,Guangdong to step up development of non-fossil fuel sources,2024-12-27,Newspapers,"['Li, Wenfang']",2030588,China Daily,BEIJING,,,https://www.proquest.com/docview/3149279925
worthwhile,3149309162,Japan to maximize nuclear power in clean-energy push,2024-12-26,Newspapers,,2040502,Yerepouni Daily News,Camden,DE,,https://www.proquest.com/docview/3149309162
worthwhile,3149312156,Oil Market 2024 in Review: A Year of Surprises and Shifting Demand,2024-12-26,Newspapers,,2040502,Yerepouni Daily News,Camden,DE,,https://www.proquest.com/docview/3149312156
worthwhile,3149514048,YIES / PM stresses need to develop carbon-neutral energy sources,2024-12-28,Newspapers,,736331,The Japan News,Tokyo,,,https://www.proquest.com/docview/3149514048
worthwhile,3149576209,Letters to the Editor,2024-12-28,Newspapers,,42764,Weekend Australian,Surry Hills,NSW,,https://www.proquest.com/docview/3149576209
worthwhile,3149704483,Energy equation still chasing a perfect set of numbers,2024-12-27,Newspapers,,636359,The Australian (Online),Surry Hills,NSW,,https://www.proquest.com/docview/3149704483
risk,3150106310,Big Tech's AI bets are driving a nuclear renaissance. Not everyone is buying the hype.,2024-12-30,Newspapers,"['Kanetkar, Riddhi', 'Chowdhury, Hasan']",4682318,Business Insider,New York,NY,,https://www.proquest.com/docview/3150106310
unrelated,3150215774,The 19th-Century Technology That Threatens A.I.,2024-12-31,Newspapers,,45131,The New York Times,NEW YORK,NY,,https://www.proquest.com/docview/3150215774
risk,3150486669,Coalition to kill climate reporting,2025-01-02,Newspapers,,2040384,The Australian Financial Review,Pyrmont,NSW,,https://www.proquest.com/docview/3150486669
worthwhile,3150498299,Why climate crisis demands nuclear,2025-01-02,Newspapers,,726339,The Canberra Times,Canberra ACT,,,https://www.proquest.com/docview/3150498299
unrelated,3150499210,Labor approves 19 renewable projects,2025-01-02,Newspapers,"['Gregory, Jason']",646456,Stock Journal,Canberra ACT,,,https://www.proquest.com/docview/3150499210
risk,3151324615,Winter Doldrums Set to Overshadow Europe’s Energy Markets,2025-01-04,Newspapers,"['Reed, Stanley', 'Eddy, Melissa']",45131,The New York Times,NEW YORK,NY,,https://www.proquest.com/docview/3151324615
worthwhile,3151424515,World Future Energy Summit 2025 shines light on Middle East’s sustainable cities leadership,2025-01-03,Newspapers,,40133,Emirates News Agency (WAM),Camden,DE,,https://www.proquest.com/docview/3151424515
unrelated,3151640797,Top global event shines light on Mideast sustainable cities,2025-01-05,Newspapers,,38562,TradeArabia,Camden,DE,,https://www.proquest.com/docview/3151640797
unrelated,3151654039,PSSEA: Rapid solar installation to drive Philippine energy growth in 2025,2025-01-05,Newspapers,,3930286,Manila Bulletin,New Delhi,,,https://www.proquest.com/docview/3151654039
worthwhile,3152184060,United States: FACT SHEET: The United States and India Committed to Strengthening Strategic Technology Partnership,2025-01-08,Newspapers,,656306,Asia News Monitor,Bangkok,,,https://www.proquest.com/docview/3152184060
risk,3152204756,Government analysis claims Queensland stands to lose $872bn in lost output by 2050,2025-01-06,Newspapers,"['Wang, Jessica']",636365,News.com.au,Surry Hills,NSW,,https://www.proquest.com/docview/3152204756
risk,3152505506,Trump's Greenland talk sends ASX explorer soaring,2025-01-09,Newspapers,,2040384,The Australian Financial Review,Pyrmont,NSW,,https://www.proquest.com/docview/3152505506
unrelated,3152729156,Why access to electricity reduced poverty by 10.2%,2025-01-08,Newspapers,,2029749,The New Vision,Camden,DE,,https://www.proquest.com/docview/3152729156
risk,3152976687,Letters,2025-01-10,Newspapers,,2040384,The Australian Financial Review,Pyrmont,NSW,,https://www.proquest.com/docview/3152976687
risk,3153505975,Can green power scheme keep the lights on?,2025-01-11,Newspapers,,2040384,The Australian Financial Review,Pyrmont,NSW,,https://www.proquest.com/docview/3153505975
unrelated,3153506256,Bumpy Trump era can be boom years,2025-01-11,Newspapers,,2040384,The Australian Financial Review,Pyrmont,NSW,,https://www.proquest.com/docview/3153506256
risk,3153506292,'Match-fit' Albanese up and running,2025-01-11,Newspapers,,43154,The Age,Sydney,New South Wales,,https://www.proquest.com/docview/3153506292
worthwhile,3153633676,"S&amp;P 500 Giant Soars 20% On $26 Billion Deal For Geothermal, Natural Gas Giant Calpine",2025-01-10,Newspapers,"['Norton, Kit']",7122126,Investor's Business Daily (Online),South Brunswick,NJ,,https://www.proquest.com/docview/3153633676
risk,3153950291,Climate crisis and energy policy,2025-01-11,Newspapers,,27283,Irish Times,Dublin,,,https://www.proquest.com/docview/3153950291
risk,3154005271,One week's supply of gas left as cold bites,2025-01-11,Newspapers,,33554,The Daily Telegraph,Tonbridge,,,https://www.proquest.com/docview/3154005271
risk,3154005307,One week's supply of gas left as cold bites,2025-01-11,Newspapers,,33554,The Daily Telegraph,Tonbridge,,,https://www.proquest.com/docview/3154005307
unrelated,3154360986,LA fires show why climate action matters,2025-01-13,Newspapers,,2040384,The Australian Financial Review,Pyrmont,NSW,,https://www.proquest.com/docview/3154360986
risk,3154361226,Overturning Labor funds risky: Hume,2025-01-13,Newspapers,,2040384,The Australian Financial Review,Pyrmont,NSW,,https://www.proquest.com/docview/3154361226
worthwhile,3154883682,World: Why are nuclear energy companies racing to make mini batteries?,2025-01-14,Newspapers,,656306,Asia News Monitor,Bangkok,,,https://www.proquest.com/docview/3154883682
risk,3154958101,We can’t discuss AI without talking about climate change,2025-01-14,Newspapers,"['Sheffield, Emily']",2042848,The Independent (Daily Edition),London,,,https://www.proquest.com/docview/3154958101
worthwhile,3155365881,World: Why are nuclear energy companies racing to make microreactors?,2025-01-15,Newspapers,,656306,Asia News Monitor,Bangkok,,,https://www.proquest.com/docview/3155365881
unrelated,3155367055,United Kingdom: Prime Minister sets out blueprint to turbocharge AI,2025-01-15,Newspapers,,656306,Asia News Monitor,Bangkok,,,https://www.proquest.com/docview/3155367055
risk,3155368783,Could Keir Starmer’s AI dream derail his own green energy promise?,2025-01-14,Newspapers,,35249,The Guardian,London,,,https://www.proquest.com/docview/3155368783
risk,3155400480,Sizewell C’s future in doubt as EDF told to prioritise French nuclear power,2025-01-14,Newspapers,"['Leake, Jonathan']",1986348,Telegraph.co.uk,London,,,https://www.proquest.com/docview/3155400480
risk,3155712625,World: Does a broad expansion of nuclear energy make sense?,2025-01-16,Newspapers,,656306,Asia News Monitor,Bangkok,,,https://www.proquest.com/docview/3155712625
unrelated,3155714674,United States: Statement by President Biden on the Executive Order on Advancing U.S. Leadership in Artificial Intelligence Infrastructure,2025-01-16,Newspapers,,656306,Asia News Monitor,Bangkok,,,https://www.proquest.com/docview/3155714674
unrelated,3155714695,United States: Executive Order on Advancing United States Leadership in Artificial Intelligence Infrastructure,2025-01-16,Newspapers,,656306,Asia News Monitor,Bangkok,,,https://www.proquest.com/docview/3155714695
worthwhile,3155868549,Lepreau has delivered on investment,2025-01-15,Newspapers,"['Mueller, Tom']",40381,Telegraph-Journal,Toronto,Ontario,,https://www.proquest.com/docview/3155868549
risk,3156011040,"Costs, delays threaten 'new era' for nuclear power: IEA",2025-01-17,Newspapers,,2040384,The Australian Financial Review,Pyrmont,NSW,,https://www.proquest.com/docview/3156011040
unrelated,3156136687,United States: The Biden-Harris Administration Record,2025-01-17,Newspapers,,656306,Asia News Monitor,Bangkok,,,https://www.proquest.com/docview/3156136687
risk,3156139065,World: Can nuclear energy expansion be a climate gamechanger?,2025-01-17,Newspapers,,656306,Asia News Monitor,Bangkok,,,https://www.proquest.com/docview/3156139065
risk,3156565955,World: Is a global nuclear energy expansion realistic?,2025-01-20,Newspapers,,656306,Asia News Monitor,Bangkok,,,https://www.proquest.com/docview/3156565955
unrelated,3156645233,Charting Nepal's energy and tech renaissance,2025-01-18,Newspapers,,39280,The Kathmandu Post,New Delhi,,,https://www.proquest.com/docview/3156645233
worthwhile,3157026332,TIME TO CONSIDER NUCLEAR,2025-01-20,Newspapers,,42763,The Australian,Surry Hills,NSW,,https://www.proquest.com/docview/3157026332
risk,3157026376,Trump the catalyst for net-zero retreat,2025-01-20,Newspapers,,42763,The Australian,Surry Hills,NSW,,https://www.proquest.com/docview/3157026376
worthwhile,3157080819,What Australia can learn from Trump’s NEC initiative,2025-01-19,Newspapers,"['Pritchard, Robert']",636359,The Australian (Online),Surry Hills,NSW,,https://www.proquest.com/docview/3157080819
worthwhile,3157120963,Will Budget 2025 green-light India's climate finance taxonomy? [EconomyPolicy],2025-01-20,Newspapers,"['Hajra, Shireen']",29263,The Economic Times,New Delhi,,,https://www.proquest.com/docview/3157120963
risk,3157219894,Trump the catalyst for net-zero retreat,2025-01-19,Newspapers,"['Cater, Nick']",636359,The Australian (Online),Surry Hills,NSW,,https://www.proquest.com/docview/3157219894
risk,3157394249,Time taken to ramp up nuclear power will exceed 2030 emissions timeline: Agency chief,2025-01-21,Newspapers,"['Chin, Hui Shan']",33108,The Straits Times,News Centre,,,https://www.proquest.com/docview/3157394249
risk,3157418503,America needs to pull off a colossal building plan to reach a new 'Intelligence Age',2025-01-21,Newspapers,"['Chowdhury, Hasan']",4682318,Business Insider,New York,NY,,https://www.proquest.com/docview/3157418503
risk,3158019066,United States: Unleashing American Energy,2025-01-23,Newspapers,,656306,Asia News Monitor,Bangkok,,,https://www.proquest.com/docview/3158019066
worthwhile,3158195779,"Nuclear power key to sustainable, greener energy",2025-01-23,Newspapers,"['Zheng, Xin']",2030588,China Daily,BEIJING,,,https://www.proquest.com/docview/3158195779
worthwhile,3158196218,Significant uranium ore deposit found in Ordos,2025-01-23,Newspapers,"['Zheng, Xin']",2030588,China Daily,BEIJING,,,https://www.proquest.com/docview/3158196218
worthwhile,3158196220,"Nuclear power key to sustainable, greener energy",2025-01-23,Newspapers,"['Zheng, Xin']",2030555,China Daily,BEIJING,,,https://www.proquest.com/docview/3158196220
worthwhile,3158196293,Significant uranium ore deposit found in Ordos,2025-01-23,Newspapers,"['Zheng, Xin']",2030555,China Daily,BEIJING,,,https://www.proquest.com/docview/3158196293
unrelated,3158654510,"Việt Nam should seize opportunities, overcome challenges to enter new era: official",2025-01-23,Newspapers,,4371406,Viet Nam News,,,,https://www.proquest.com/docview/3158654510
risk,3159981179,"Trump's climate war puts heat on us, too",2025-01-28,Newspapers,,2040384,The Australian Financial Review,Pyrmont,NSW,,https://www.proquest.com/docview/3159981179
risk,3160180191,A New Era for Nuclear Power,2025-01-27,Newspapers,,2040502,Yerepouni Daily News,Camden,DE,,https://www.proquest.com/docview/3160180191
unrelated,3160283362,Heroic green warriors or annoying Nimbys?,2025-01-28,Newspapers,"['Andrews, Mark']",4453624,Express and Star,Tunbridge Wells,,,https://www.proquest.com/docview/3160283362
unrelated,3160283408,Heroic green warriors or annoying Nimbys?,2025-01-28,Newspapers,"['Andrews, Mark']",4453606,Shropshire Star,Tunbridge Wells,,,https://www.proquest.com/docview/3160283408
risk,3160321301,"As CEFC billions roll in, the green bank faces a political test",2025-01-29,Newspapers,,2040384,The Australian Financial Review,Pyrmont,NSW,,https://www.proquest.com/docview/3160321301
risk,3160612575,South Africa's nuclear vision: balancing the energy security question and Just Transition,2025-01-29,Newspapers,,39814,The Mercury,Johannesburg,,,https://www.proquest.com/docview/3160612575
risk,3160613023,South Africa's nuclear vision: balancing the energy security question and Just Transition,2025-01-29,Newspapers,,39818,The Star,Johannesburg,,,https://www.proquest.com/docview/3160613023
risk,3160613767,South Africa's nuclear vision: balancing the energy security question and Just Transition,2025-01-29,Newspapers,,27299,Cape Times,Johannesburg,,,https://www.proquest.com/docview/3160613767
worthwhile,3161369499,Nuclear plant in UK to run by 2035,2025-01-30,Newspapers,,42763,The Australian,Surry Hills,NSW,,https://www.proquest.com/docview/3161369499
worthwhile,3161403227,Nuclear Energy Poised for Record Growth as Global Investments Surge,2025-01-29,Newspapers,,4371401,Sri Lanka Guardian,,,,https://www.proquest.com/docview/3161403227
worthwhile,3161648135,The Recession That Never Was Could Be Coming This Year,2025-01-31,Newspapers,"['Serwer, Andy']",2048938,Barron's (Online),South Brunswick,NJ,,https://www.proquest.com/docview/3161648135
worthwhile,3162011051,Energy Shift Must Aim for Self-Reliance [Economic Survey 2024-25],2025-02-01,Newspapers,"['Team, E T']",856332,The Economic Times (Online),New Delhi,,,https://www.proquest.com/docview/3162011051
risk,3162028795,India should not shut coal plants without ‘alternatives’: Survey,2025-02-01,Newspapers,,866348,The Hindu,Chennai,Tamil Nadu,,https://www.proquest.com/docview/3162028795
worthwhile,3162099418,"Budget 2025 Key Highlights: From new income tax bill to infra initiatives, here are the key takeaways",2025-02-01,Newspapers,,75999,Mint,New Delhi,,,https://www.proquest.com/docview/3162099418
unrelated,3162107189,Budget 2025: Read Finance Minister Nirmala Sitharaman's budget speech. Full text here. Download PDF,2025-02-01,Newspapers,,75999,Mint,New Delhi,,,https://www.proquest.com/docview/3162107189
worthwhile,3162107759,Budget 2025 Key Highlights: Here's are the top takeaways from today's budget announcement,2025-02-01,Newspapers,,75999,Mint,New Delhi,,,https://www.proquest.com/docview/3162107759
risk,3162113105,Nuclear energy expected to form key part of energy mix: Nirmala Sitharaman,2025-02-01,Newspapers,,29618,The Hindustan Times,New Delhi,,,https://www.proquest.com/docview/3162113105
unrelated,3162123428,Coalition aversion to solar power means higher bills,2025-02-02,Newspapers,,44089,Sun-Herald,Sydney,New South Wales,,https://www.proquest.com/docview/3162123428
worthwhile,3162207364,Atmanirbhar Budget for consumption and development: The ABCD of Budget 2025,2025-02-01,Newspapers,,75999,Mint,New Delhi,,,https://www.proquest.com/docview/3162207364
unrelated,3162308581,There is scope for 7% plus growth in FY26 provided all other factors play out: V Anantha Nageswaran [Market-Expert-View],2025-02-02,Newspapers,,856336,ET Now,New Delhi,,,https://www.proquest.com/docview/3162308581
worthwhile,3162311685,Here are the sectors that stand to gain from Budget 2025 [Indicators],2025-02-02,Newspapers,,29263,The Economic Times,New Delhi,,,https://www.proquest.com/docview/3162311685
worthwhile,3162426042,"Focus on clean tech, digital infra",2025-02-02,Newspapers,,866349,Businessline,Chennai,Tamil Nadu,,https://www.proquest.com/docview/3162426042
worthwhile,3162509187,Budget 2025-26: The ripple effect of Trump’s trade and tax policies,2025-02-01,Newspapers,"['Siddiqui, Huma']",105397,Financial Express,NEW DELHI,,,https://www.proquest.com/docview/3162509187
worthwhile,3162538100,Union Budget 2025 presents a bold vision for Aatmanirbhar India,2025-02-02,Newspapers,,75999,Mint,New Delhi,,,https://www.proquest.com/docview/3162538100
risk,3162562158,China’s ‘artificial sun’ fuels Western fears it has lost race to energy holy grail,2025-02-02,Newspapers,"['Titcomb, James']",1986348,Telegraph.co.uk,London,,,https://www.proquest.com/docview/3162562158
unrelated,3162749784,How Australia's gas boom turned into a nightmare,2025-02-04,Newspapers,,2040384,The Australian Financial Review,Pyrmont,NSW,,https://www.proquest.com/docview/3162749784
worthwhile,3162777395,Union Budget 2025-26: Beyond tax cuts,2025-02-03,Newspapers,"['Chowdhury, Suman']",105397,Financial Express,NEW DELHI,,,https://www.proquest.com/docview/3162777395
worthwhile,3162854988,"India: The Budget 2025-26 represents a significant milestone for the power sector paving the way for a secure, sustainable, resilient, and affordable energy future :Shri Manohar Lal",2025-02-04,Newspapers,,656306,Asia News Monitor,Bangkok,,,https://www.proquest.com/docview/3162854988
risk,3162895266,82 per cent of no chance,2025-02-04,Newspapers,,42763,The Australian,Surry Hills,NSW,,https://www.proquest.com/docview/3162895266
risk,3162896147,82 per cent of no chance,2025-02-04,Newspapers,,42763,The Australian,Surry Hills,NSW,,https://www.proquest.com/docview/3162896147
risk,3163145166,Eye on target: Chalmers brushes off business fears on ‘unrealistic’ 83 per cent green energy goal,2025-02-03,Newspapers,"['Brown, Greg']",636359,The Australian (Online),Surry Hills,NSW,,https://www.proquest.com/docview/3163145166
worthwhile,3163160930,Slowly but Surely: Tanzanias journey to nuclear prosperity,2025-02-04,Newspapers,,2043271,Daily News,New Delhi,,,https://www.proquest.com/docview/3163160930
unrelated,3163164658,Key to workforce for tomorrow,2025-02-05,Newspapers,,2040384,The Australian Financial Review,Pyrmont,NSW,,https://www.proquest.com/docview/3163164658
risk,3163207030,Zealots of net zero steer us ever closer to energy disaster,2025-02-03,Newspapers,"['Sloan, Judith']",636359,The Australian (Online),Surry Hills,NSW,,https://www.proquest.com/docview/3163207030
unrelated,3163567517,"At energy crossroads, we must see gas as key to prosperity",2025-02-06,Newspapers,,42763,The Australian,Surry Hills,NSW,,https://www.proquest.com/docview/3163567517
risk,3163738024,"Too late to avert Vic energy crisis, CEOs warn",2025-02-07,Newspapers,,2040384,The Australian Financial Review,Pyrmont,NSW,,https://www.proquest.com/docview/3163738024
worthwhile,3163944005,How India has signalled a shift in the way it views climate crisis,2025-02-07,Newspapers,"['Sinha, Amitabh']",55068,Indian Express,NEW DELHI,,,https://www.proquest.com/docview/3163944005
unrelated,3163950047,"In new term, Trump set to go after measures that are doing the most to fight climate change",2024-12-01,Newspapers,['Anonymous'],25882,Confederated Umatilla Journal,PENDLETON,OR,,https://www.proquest.com/docview/3163950047
worthwhile,3164360553,"On nuclear energy, budget 2025 sets India up for an audacious but achievable target",2025-02-07,Newspapers,"['Todi, Saurabh']",55068,Indian Express,NEW DELHI,,,https://www.proquest.com/docview/3164360553
worthwhile,3164461428,Miner blast: don’t waste our billions,2025-02-08,Newspapers,,42764,Weekend Australian,Surry Hills,NSW,,https://www.proquest.com/docview/3164461428
worthwhile,3164461577,Rethink energy transition or face economic disaster,2025-02-08,Newspapers,,42764,Weekend Australian,Surry Hills,NSW,,https://www.proquest.com/docview/3164461577
worthwhile,3164472053,‘Excessive preoccupation with temperature goal’: How India has signalled shift in approach to climate crisis,2025-02-07,Newspapers,"['Sinha, Amitabh']",55068,Indian Express,NEW DELHI,,,https://www.proquest.com/docview/3164472053
worthwhile,3164536607,SNP’s opposition to nuclear power leaves it with an energy dilemma,2025-02-08,Newspapers,,45319,The Herald,Mc Lean,VA,,https://www.proquest.com/docview/3164536607
worthwhile,3164572696,Energy sector accelerates improvements for robust economic growth ahead,2025-02-08,Newspapers,,4371406,Viet Nam News,,,,https://www.proquest.com/docview/3164572696
worthwhile,3164576712,Miners’ blast to Treasurer Jim Chalmers: don’t waste our billions,2025-02-07,Newspapers,"['Chambers, Geoff']",636359,The Australian (Online),Surry Hills,NSW,,https://www.proquest.com/docview/3164576712
risk,3164597268,Our energy transition needs a serious rethink,2025-02-07,Newspapers,"['George, Jennie']",636359,The Australian (Online),Surry Hills,NSW,,https://www.proquest.com/docview/3164597268
worthwhile,3164793402,Uranium bull not fazed by AI shake-up,2025-02-10,Newspapers,,2040384,The Australian Financial Review,Pyrmont,NSW,,https://www.proquest.com/docview/3164793402
worthwhile,3164816747,United States: Department of Energy Shares Applicant Self-Disclosed Projects Receiving Clean Energy Manufacturing Investments in America's Industrial and Energy Communities,2025-02-10,Newspapers,,656306,Asia News Monitor,Bangkok,,,https://www.proquest.com/docview/3164816747
worthwhile,3164816895,United States: Secretary Wright Acts to Unleash Golden Era of American Energy Dominance,2025-02-10,Newspapers,,656306,Asia News Monitor,Bangkok,,,https://www.proquest.com/docview/3164816895
risk,3164854557,PM tries to dig himself out of strife,2025-02-10,Newspapers,,42763,The Australian,Surry Hills,NSW,,https://www.proquest.com/docview/3164854557
worthwhile,3164854659,Miner blast: don’t waste our billions,2025-02-08,Newspapers,,42764,Weekend Australian,Surry Hills,NSW,,https://www.proquest.com/docview/3164854659
risk,3164854791,PM tries to dig himself out of strife,2025-02-10,Newspapers,,42763,The Australian,Surry Hills,NSW,,https://www.proquest.com/docview/3164854791
worthwhile,3164865656,ETMarkets Smart Talk: Clean Energy and Nuclear Reforms - The Budget's Big Bet on Sustainable Growth [Market-Expert-View],2025-02-10,Newspapers,,29263,The Economic Times,New Delhi,,,https://www.proquest.com/docview/3164865656
risk,3164934478,"PM facing NSW miners’ revolt in key election seats, as mining sector banks record jobs",2025-02-09,Newspapers,"['Chambers, Geoff']",636359,The Australian (Online),Surry Hills,NSW,,https://www.proquest.com/docview/3164934478
unrelated,3165128030,GCC nations to invest $100bn in renewable energy by 2030,2025-02-08,Newspapers,,2026747,Muscat Daily,Camden,DE,,https://www.proquest.com/docview/3165128030
unrelated,3165224326,Decades of betrayal,2025-02-11,Newspapers,,33554,The Daily Telegraph,Tonbridge,,,https://www.proquest.com/docview/3165224326
unrelated,3165322840,"AI is writing the code for humanity, but proceed with caution, says PM Modi at AI Summit in France [Artificial Intelligence]",2025-02-11,Newspapers,,29263,The Economic Times,New Delhi,,,https://www.proquest.com/docview/3165322840
unrelated,3165322848,"AI is writing the code for humanity, but proceed with caution, says PM Modi at AI Summit in France [India]",2025-02-11,Newspapers,,29263,The Economic Times,New Delhi,,,https://www.proquest.com/docview/3165322848
unrelated,3165338519,"Fifty years ago today, Mrs Thatcher became Tory leader. Here’s how her legacy has been ripped up",2025-02-11,Newspapers,"['Heffer, Simon']",1986348,Telegraph.co.uk,London,,,https://www.proquest.com/docview/3165338519
unrelated,3165496139,"The ace of tariffs: To expand strategic partnership, Budget announcements should be crystallised with action",2025-02-12,Newspapers,['Guest'],105397,Financial Express,NEW DELHI,,,https://www.proquest.com/docview/3165496139
worthwhile,3165540269,"ETMarkets Smart Talk: Budget 2025! India deserves a rating upgrade, says Jiten Parmar on fiscal consolidation [Market-Expert-View]",2025-02-12,Newspapers,"['Anand, Kshitij']",29263,The Economic Times,New Delhi,,,https://www.proquest.com/docview/3165540269
worthwhile,3165627072,Nuclear Power's Rising Role in the Global South's Energy Future,2025-02-11,Newspapers,,4371401,Sri Lanka Guardian,,,,https://www.proquest.com/docview/3165627072
unrelated,3165667214,"UPSC Key: India and France, Death Penalty in India and Vulgarity",2025-02-11,Newspapers,,55068,Indian Express,NEW DELHI,,,https://www.proquest.com/docview/3165667214
unrelated,3165970342,ETMarkets Smart Talk: Will tax slab tationalization drive market participation or consumption? Pranav Haridasan weighs in [Market-Expert-View],2025-02-13,Newspapers,"['Anand, Kshitij']",29263,The Economic Times,New Delhi,,,https://www.proquest.com/docview/3165970342
risk,3166106290,Lessons the region must heed as it plans a nuclear push,2025-02-13,Newspapers,"['Fogarty, David']",33108,The Straits Times,News Centre,,,https://www.proquest.com/docview/3166106290
risk,3166737422,"Defence to energy, deepening of India-France ties amid geopolitical shifts",2025-02-14,Newspapers,"['Sachdeva, Gulshan']",55068,Indian Express,NEW DELHI,,,https://www.proquest.com/docview/3166737422
risk,3166818072,Albo hecklers homing in on voters’ concerns,2025-02-15,Newspapers,,42765,The Advertiser,Surry Hills,NSW,,https://www.proquest.com/docview/3166818072
unrelated,3166994837,"CII welcomes the outcomes of Modi's US visit, eyes stronger trade and tech ties [EconomyPolicy]",2025-02-15,Newspapers,,29263,The Economic Times,New Delhi,,,https://www.proquest.com/docview/3166994837
worthwhile,3167341007,Europe needs a new energy plan,2025-02-16,Newspapers,,38707,Cyprus Mail,Camden,DE,,https://www.proquest.com/docview/3167341007
worthwhile,3167595550,"NA deputies discuss special policies to boost science, innovation and digital transformation",2025-02-17,Newspapers,,4371406,Viet Nam News,,,,https://www.proquest.com/docview/3167595550
worthwhile,3167644267,Europe needs a new energy plan cover Europe needs a new energy plan,2025-02-17,Newspapers,,2040502,Yerepouni Daily News,Camden,DE,,https://www.proquest.com/docview/3167644267
unrelated,3167760318,The danger of a peace deal in Ukraine that Putin regards as a victory,2025-02-17,Newspapers,,1986348,Telegraph.co.uk,London,,,https://www.proquest.com/docview/3167760318
worthwhile,3167797347,Nuclear power plant plan takes a step forward,2025-02-18,Newspapers,,26176,South Wales Echo,London,,,https://www.proquest.com/docview/3167797347
unrelated,3167797959,Gavel to Gavel: Unleashing American energy by executive order,2025-02-12,Newspapers,"['Gregg, Emily']",31157,Journal Record,Minneapolis,MN,,https://www.proquest.com/docview/3167797959
worthwhile,3167799620,Plans for new nuclear reactor in licence boost,2025-02-18,Newspapers,"['Sion, Barry']",26175,Western Mail,London,,,https://www.proquest.com/docview/3167799620
unrelated,3167828381,Japan's $1.5B Solar Bet Aims to Challenge China's Renewable Dominance,2025-02-17,Newspapers,,4371401,Sri Lanka Guardian,,,,https://www.proquest.com/docview/3167828381
risk,3168022401,World: Nuclear sidelined in leaked rules on state aid for clean tech,2025-02-19,Newspapers,,656306,Asia News Monitor,Bangkok,,,https://www.proquest.com/docview/3168022401
unrelated,3168059518,"Thailand: The cabinet met on February 4, 2025",2025-02-19,Newspapers,,656306,Asia News Monitor,Bangkok,,,https://www.proquest.com/docview/3168059518
worthwhile,3168134704,ETMarkets Smart Talk: The road ahead for Indian markets - Pradeep Gupta talks sector focus and investor opportunities in 2025 [Market-Expert-View],2025-02-19,Newspapers,"['Anand, Kshitij']",29263,The Economic Times,New Delhi,,,https://www.proquest.com/docview/3168134704
worthwhile,3168226693,Singapore to study potential deployment of nuclear power,2025-02-19,Newspapers,"['Begum, Shabana']",33108,The Straits Times,News Centre,,,https://www.proquest.com/docview/3168226693
risk,3168277473,Letters,2025-02-20,Newspapers,,43154,The Age,Sydney,New South Wales,,https://www.proquest.com/docview/3168277473
unrelated,3168278083,Albanese treats voters as fools,2025-02-20,Newspapers,,2040384,The Australian Financial Review,Pyrmont,NSW,,https://www.proquest.com/docview/3168278083
worthwhile,3168286833,Prague intends to task KHNP with another nuclear project,2025-02-19,Newspapers,,2046300,The Korea Times,Seoul,,,https://www.proquest.com/docview/3168286833
worthwhile,3168313653,Meeting new energy targets challenging,2025-02-20,Newspapers,"['Nagahara, Kazuma', 'Naganuma, Miho']",736331,The Japan News,Tokyo,,,https://www.proquest.com/docview/3168313653
risk,3168704033,Reasonable electricity prices to attract investment in Việt Nam’s energy sector,2025-02-20,Newspapers,,4371406,Viet Nam News,,,,https://www.proquest.com/docview/3168704033
risk,3168829389,Gold medal for craziest energy policy is all ours,2025-02-21,Newspapers,,42785,The Courier - Mail,Surry Hills,NSW,,https://www.proquest.com/docview/3168829389
risk,3169102362,Opinion: Australia sells off energy independence for renewables ideology,2025-02-20,Newspapers,"['Canavan, Matt']",636370,The Courier - Mail (Online),Surry Hills,NSW,,https://www.proquest.com/docview/3169102362
risk,3169105291,PM gambles on our future with Whyalla rescue,2025-02-22,Newspapers,,2040384,The Australian Financial Review,Pyrmont,NSW,,https://www.proquest.com/docview/3169105291
worthwhile,3169261209,Climate Change and You: What's faith got to do with it?,2025-02-22,Newspapers,,75999,Mint,New Delhi,,,https://www.proquest.com/docview/3169261209
risk,3169663271,Miliband to be told to ditch his 'wasteful' hydrogen plan,2025-02-23,Newspapers,,32356,The Sunday Telegraph,Tonbridge,,,https://www.proquest.com/docview/3169663271
risk,3169764186,"Hydrogen boilers are a waste of time, climate committee to warn Miliband",2025-02-23,Newspapers,"['Oliver, Matt']",1986348,Telegraph.co.uk,London,,,https://www.proquest.com/docview/3169764186
worthwhile,3169876662,Reviving Indo-US nuclear deal: For a clean energy future,2025-02-21,Newspapers,"['Bhaskar, Pranav', 'Dudeja, Tejaswi']",55068,Indian Express,NEW DELHI,,,https://www.proquest.com/docview/3169876662
risk,3169974030,Somerset's coast may be dumping ground,2025-02-24,Newspapers,,27176,Western Daily Press,London,,,https://www.proquest.com/docview/3169974030
risk,3169974344,Somerset's coast may be dumping ground,2025-02-24,Newspapers,,27173,The Western Morning News,London,,,https://www.proquest.com/docview/3169974344
risk,3170008833,"Vietnam aims for first nuclear power plant by 2030, but experts question feasibility",2025-02-24,Newspapers,"['Tran, Jamille']",33677,The Business Times,News Centre,,,https://www.proquest.com/docview/3170008833
worthwhile,3170229006,Canada: Canada successfully prices 7-year green bond to raise $2 billion,2025-02-25,Newspapers,,656306,Asia News Monitor,Bangkok,,,https://www.proquest.com/docview/3170229006
worthwhile,3170626360,ESG-based nuclear energy: A solution to Tanzanias environmental challenges,2025-02-25,Newspapers,,2043271,Daily News,New Delhi,,,https://www.proquest.com/docview/3170626360
worthwhile,3170973225,"Philippines eyeing new nuclear deals with UAE, Argentina",2025-02-25,Newspapers,,3930286,Manila Bulletin,New Delhi,,,https://www.proquest.com/docview/3170973225
unrelated,3171066248,Starmer is right to boost defence funds – but how will they be spent?,2025-02-25,Newspapers,,1986348,Telegraph.co.uk,London,,,https://www.proquest.com/docview/3171066248
risk,3171304779,'Distraction' and 'a wrecking ball': candidates reveal nuclear power stance,2025-02-27,Newspapers,"['Chamberlain, Rachel']",636442,Western Advocate,Canberra ACT,,,https://www.proquest.com/docview/3171304779
unrelated,3171410254,United Kingdom: NDA funds Plutonium Ceramics Academic Hub with universities,2025-02-27,Newspapers,,656306,Asia News Monitor,Bangkok,,,https://www.proquest.com/docview/3171410254
risk,3171501182,The £110bn net zero bill poised to wreck Reeves’s growth mission,2025-02-26,Newspapers,"['Chan, Szu Ping']",1986348,Telegraph.co.uk,London,,,https://www.proquest.com/docview/3171501182
risk,3171542417,Reeves is imprisoned by Labour's green targets,2025-02-27,Newspapers,,33554,The Daily Telegraph,Tonbridge,,,https://www.proquest.com/docview/3171542417
risk,3171543690,Reeves is imprisoned by Labour's green targets,2025-02-27,Newspapers,,33554,The Daily Telegraph,Tonbridge,,,https://www.proquest.com/docview/3171543690
unrelated,3171772631,Climate: the hot-button election issue,2025-02-28,Newspapers,,44841,Sydney Morning Herald,Sydney,New South Wales,,https://www.proquest.com/docview/3171772631
risk,3171803512,'Distraction': Candidates reveal their nuclear power stance,2025-02-28,Newspapers,"['Chamberlain, Rachel']",636442,Western Advocate,Canberra ACT,,,https://www.proquest.com/docview/3171803512
risk,3171803553,coverprint'Distraction' and 'a wrecking ball': candidates reveal nuclear power stance,2025-02-28,Newspapers,"['Chamberlain, Rachel']",636442,Western Advocate,Canberra ACT,,,https://www.proquest.com/docview/3171803553
unrelated,3171897462,European Union: Questions and answers on the Action Plan for Affordable Energy,2025-02-28,Newspapers,,656306,Asia News Monitor,Bangkok,,,https://www.proquest.com/docview/3171897462
risk,3172164998,Candidates discuss nuclear power,2025-03-01,Newspapers,"['Chamberlain, Rachel']",646488,Lithgow Mercury,Canberra ACT,,,https://www.proquest.com/docview/3172164998
risk,3172295718,Ed Miliband to visit China amid wind farm security fears,2025-02-28,Newspapers,"['Oliver, Matt']",1986348,Telegraph.co.uk,London,,,https://www.proquest.com/docview/3172295718
risk,3172323339,DELUSIONS OF ALBONOMICS,2025-03-01,Newspapers,,42764,Weekend Australian,Surry Hills,NSW,,https://www.proquest.com/docview/3172323339
risk,3172323413,HIGH-RISK PROSPECT OF LABOR MINORITY RULE,2025-03-01,Newspapers,,42764,Weekend Australian,Surry Hills,NSW,,https://www.proquest.com/docview/3172323413
risk,3172444216,Anthony Albanese’s first term has been a mess — but a second would be worse,2025-02-28,Newspapers,"['Kenny, Chris']",636359,The Australian (Online),Surry Hills,NSW,,https://www.proquest.com/docview/3172444216
risk,3172499291,Labor’s ‘big and busy’ government spree means higher taxes,2025-02-28,Newspapers,"['Dusevic, Tom']",636359,The Australian (Online),Surry Hills,NSW,,https://www.proquest.com/docview/3172499291
risk,3172741487,Candidates reject nuclear proposal,2025-03-03,Newspapers,"['Chamberlain, Rachel']",646482,Central Western Daily,Canberra ACT,,,https://www.proquest.com/docview/3172741487
risk,3172741494,Candidates reject nuclear proposal,2025-03-03,Newspapers,"['Chamberlain, Rachel']",646469,Daily Liberal and Macquarie Advocate,Canberra ACT,,,https://www.proquest.com/docview/3172741494
risk,3172905612,"Power Stocks' AI Fever Shifts to Gas --- Nuclear companies have been the main beneficiaries of a rally, but regulatory uncertainty could widen its scope",2025-03-03,Newspapers,"['Lee, Jinjoo']",10482,Wall Street Journal,South Brunswick,NJ,,https://www.proquest.com/docview/3172905612
risk,3172955043,Dutton's nuclear bid short on detail - but who cares?,2025-03-04,Newspapers,,2040384,The Australian Financial Review,Pyrmont,NSW,,https://www.proquest.com/docview/3172955043
unrelated,3173476378,SUSTAINABILITY TUG OF WAR,2025-03-05,Newspapers,,42763,The Australian,Surry Hills,NSW,,https://www.proquest.com/docview/3173476378
risk,3173485322,Green hydrogen pipedream more hot air than energy,2025-03-05,Newspapers,,42763,The Australian,Surry Hills,NSW,,https://www.proquest.com/docview/3173485322
worthwhile,3173885845,Zimbabwe Joins Other African Nations in Pursuit of Nuclear Power,2025-03-04,Newspapers,,2029754,The Zimbabwean,Camden,DE,,https://www.proquest.com/docview/3173885845
risk,3173977052,Green hydrogen pipedream more hot air than energy,2025-03-04,Newspapers,,636359,The Australian (Online),Surry Hills,NSW,,https://www.proquest.com/docview/3173977052
unrelated,3174697142,S'pore could buy its first set of carbon credits in 2025; MTI to call for proposals,2025-03-07,Newspapers,"['Begum, Shabana']",33108,The Straits Times,News Centre,,,https://www.proquest.com/docview/3174697142
unrelated,3175539501,Europe moves to lower energy prices with 2025 action plan,2025-03-10,Newspapers,,38707,Cyprus Mail,Camden,DE,,https://www.proquest.com/docview/3175539501
worthwhile,3175729379,Trump team focused on new energy strategy,2025-03-11,Newspapers,,42763,The Australian,Surry Hills,NSW,,https://www.proquest.com/docview/3175729379
worthwhile,3176047636,Singapore: Speech by 2M Tan See Leng at MTI's Committee of Supply Debate 2025,2025-03-12,Newspapers,,656306,Asia News Monitor,Bangkok,,,https://www.proquest.com/docview/3176047636
worthwhile,3176170086,India's best days are unfolding now,2025-03-12,Newspapers,,29618,The Hindustan Times,New Delhi,,,https://www.proquest.com/docview/3176170086
risk,3176284414,The $32.5b question hanging over the green bank,2025-03-13,Newspapers,,2040384,The Australian Financial Review,Pyrmont,NSW,,https://www.proquest.com/docview/3176284414
worthwhile,3176466289,India needs 600 GW non-fossil fuel capacity to meet growing power demand: Study,2025-03-13,Newspapers,,29618,The Hindustan Times,New Delhi,,,https://www.proquest.com/docview/3176466289
risk,3176567994,"PTT is ready to accept change, create stability for sustainable growth.",2025-03-12,Newspapers,,4368386,Vietnam News Gazette,,,,https://www.proquest.com/docview/3176567994
risk,3176619879,Power bills set to rise by up to $200,2025-03-14,Newspapers,,44841,Sydney Morning Herald,Sydney,New South Wales,,https://www.proquest.com/docview/3176619879
risk,3176619997,Power bills set to rise by up to $200,2025-03-14,Newspapers,,43154,The Age,Sydney,New South Wales,,https://www.proquest.com/docview/3176619997
risk,3177096324,Taxpayers will always foot the bill for energy failure,2025-03-15,Newspapers,,2040384,The Australian Financial Review,Pyrmont,NSW,,https://www.proquest.com/docview/3177096324
risk,3177096416,Australia is pretending the world hasn't changed,2025-03-15,Newspapers,,2040384,The Australian Financial Review,Pyrmont,NSW,,https://www.proquest.com/docview/3177096416
worthwhile,3177104230,"Energy Stocks Power S&amp;P 500 Upside; Amazon, Google Make Nuclear Pledge",2025-03-14,Newspapers,"['Miller, Harrison']",7122126,Investor's Business Daily (Online),South Brunswick,NJ,,https://www.proquest.com/docview/3177104230
worthwhile,3177226281,Coalition says gas the fix for bill surge,2025-03-15,Newspapers,,42785,The Courier - Mail,Surry Hills,NSW,,https://www.proquest.com/docview/3177226281
worthwhile,3177226603,We’re gas-ping for help,2025-03-15,Newspapers,,42789,The Daily Telegraph,Surry Hills,NSW,,https://www.proquest.com/docview/3177226603
worthwhile,3177305190,Deploying 600 GW renewable energy capacity by 2030 can meet India’s electricity demand: Report,2025-03-15,Newspapers,,866349,Businessline,Chennai,Tamil Nadu,,https://www.proquest.com/docview/3177305190
risk,3177325324,U.S. energy dominance all about natural gas,2025-03-15,Newspapers,"['Jones, Jeffrey']",46323,The Globe and Mail,Toronto,Ontario,,https://www.proquest.com/docview/3177325324
worthwhile,3177476055,Coalition vows to harness gas to stop soaring power bills,2025-03-14,Newspapers,"['Leeming, Lachlan']",636369,The Daily Telegraph (Online),Surry Hills,NSW,,https://www.proquest.com/docview/3177476055
worthwhile,3177498964,France: EIB and Orano sign a loan agreement for 400 million relating to the project to extend the Georges Besse 2 uranium enrichment plant,2025-03-17,Newspapers,,656306,Asia News Monitor,Bangkok,,,https://www.proquest.com/docview/3177498964
risk,3177605262,VCs have poured billions into a nascent nuclear technology — these are the 4 companies to watch,2025-03-16,Newspapers,"['Lee, Lloyd']",4682318,Business Insider,New York,NY,,https://www.proquest.com/docview/3177605262
risk,3177662018,LETTERS TO THE EDITOR,2025-03-17,Newspapers,,42763,The Australian,Surry Hills,NSW,,https://www.proquest.com/docview/3177662018
worthwhile,3177677694,Jindal’s steely expansion on global stage,2025-03-17,Newspapers,,866349,Businessline,Chennai,Tamil Nadu,,https://www.proquest.com/docview/3177677694
risk,3177780403,Energy crisis a ‘red light warning’ for national security,2025-03-16,Newspapers,,636359,The Australian (Online),Surry Hills,NSW,,https://www.proquest.com/docview/3177780403
unrelated,3178240370,Blaming renewables a costly exercise,2025-03-19,Newspapers,,726339,The Canberra Times,Canberra ACT,,,https://www.proquest.com/docview/3178240370
unrelated,3178344062,Stay course on climate: Bowen,2025-03-19,Newspapers,,42763,The Australian,Surry Hills,NSW,,https://www.proquest.com/docview/3178344062
risk,3178344145,Dutton’s energy policy hostage to climate deniers,2025-03-19,Newspapers,,42763,The Australian,Surry Hills,NSW,,https://www.proquest.com/docview/3178344145
unrelated,3178381974,Germany and defence spending,2025-03-19,Newspapers,,27283,Irish Times,Dublin,,,https://www.proquest.com/docview/3178381974
unrelated,3178399560,Strategies for energy security,2025-03-19,Newspapers,,866349,Businessline,Chennai,Tamil Nadu,,https://www.proquest.com/docview/3178399560
unrelated,3178408433,"We've more than doubled our money and this stock looks expensive, but we're still buying",2025-03-19,Newspapers,,33554,The Daily Telegraph,Tonbridge,,,https://www.proquest.com/docview/3178408433
risk,3178424722,New Pitch for Solar and Wind: Cheap Power ASAP,2025-03-19,Newspapers,"['Plumer, Brad']",45131,The New York Times,NEW YORK,NY,,https://www.proquest.com/docview/3178424722
unrelated,3178478124,Rolls-Royce looks expensive – this is why we’re not done buying,2025-03-19,Newspapers,"['Stephens, Robert']",1986348,Telegraph.co.uk,London,,,https://www.proquest.com/docview/3178478124
unrelated,3178822243,Chris Bowen’s not for turning on his climate agenda,2025-03-18,Newspapers,"['Brown, Greg']",636359,The Australian (Online),Surry Hills,NSW,,https://www.proquest.com/docview/3178822243
risk,3178822244,Peter Dutton’s energy policy is hostage to climate deniers,2025-03-18,Newspapers,"['Bowen, Chris']",636359,The Australian (Online),Surry Hills,NSW,,https://www.proquest.com/docview/3178822244
worthwhile,3178913771,"‘Looking to become a billion-dollar company in 3-5 years’, says Amit Sharma",2025-03-19,Newspapers,"['Kamath, Raghavendra']",105397,Financial Express,NEW DELHI,,,https://www.proquest.com/docview/3178913771
worthwhile,3179250613,North India's first Nuclear project coming up in Haryana in a small town called Gorakhpur,2025-03-20,Newspapers,,3930278,New Delhi Times,New Delhi,,,https://www.proquest.com/docview/3179250613
worthwhile,3179370102,"From gold to energy, trade tar can boost commodities",2025-03-20,Newspapers,"['Pickering, Tim']",45458,National Post,Toronto,Ontario,,https://www.proquest.com/docview/3179370102
unrelated,3179640648,"Wind, solar firms shift strategy to highlight economic benefits",2025-03-21,Newspapers,,46852,Chicago Tribune,Chicago,IL,,https://www.proquest.com/docview/3179640648
unrelated,3179740270,FORCE OF NATURE,2025-03-22,Newspapers,,44841,Sydney Morning Herald,Sydney,New South Wales,,https://www.proquest.com/docview/3179740270
worthwhile,3179843499,India: North India's first Nuclear project coming up in Haryana in a small town called Gorakhpur,2025-03-24,Newspapers,,656306,Asia News Monitor,Bangkok,,,https://www.proquest.com/docview/3179843499
risk,3180319149,Weighing environmental tradeoffs,2025-03-23,Newspapers,"['Lippert, John']",46852,Chicago Tribune,Chicago,IL,,https://www.proquest.com/docview/3180319149
unrelated,3180319160,Weighing environmental tradeoffs,2025-03-23,Newspapers,"['Lippert, John']",46852,Chicago Tribune,Chicago,IL,,https://www.proquest.com/docview/3180319160
unrelated,3180348112,Four stocks tipped to go on a tear,2025-03-24,Newspapers,,2040384,The Australian Financial Review,Pyrmont,NSW,,https://www.proquest.com/docview/3180348112
risk,3180433197,Costly bungle if Liberals stick to nuclear dream,2025-03-24,Newspapers,,42787,The Mercury,Surry Hills,NSW,,https://www.proquest.com/docview/3180433197
unrelated,3180552617,Budget 2025 leaves no Singaporean behind in 60th year of independence,2025-03-24,Newspapers,"['Tan, Sue-Ann']",33108,The Straits Times,News Centre,,,https://www.proquest.com/docview/3180552617
risk,3181051707,Nation sinks deeper in red as Labor pitches for votes,2025-03-26,Newspapers,,42763,The Australian,Surry Hills,NSW,,https://www.proquest.com/docview/3181051707
risk,3181053136,Nation sinks deeper in red as Labor pitches for votes,2025-03-26,Newspapers,,42763,The Australian,Surry Hills,NSW,,https://www.proquest.com/docview/3181053136
worthwhile,3182336878,Advantage China in Africa’s nuclear energy market race,2025-03-29,Newspapers,,866348,The Hindu,Chennai,Tamil Nadu,,https://www.proquest.com/docview/3182336878
worthwhile,3182345525,"On a mission to be prime minister, Peter Dutton says ‘I’m determined to succeed’",2025-03-27,Newspapers,"['Bramston, Troy']",636359,The Australian (Online),Surry Hills,NSW,,https://www.proquest.com/docview/3182345525
risk,3182674705,"New Wave of Smaller, Cheaper Nuclear Reactors Sends US States Racing to Attract the Industry",2025-03-29,Newspapers,,646330,Asharq Alawsat,Camden,DE,,https://www.proquest.com/docview/3182674705
risk,3182690970,Dutton's Trumpian nuclear con,2025-03-30,Newspapers,,44202,Sunday Age,Sydney,New South Wales,,https://www.proquest.com/docview/3182690970
worthwhile,3182694249,"On a mission to be prime minister, Peter Dutton says ‘I’m determined to succeed’",2025-03-28,Newspapers,"['Bramston, Troy']",636359,The Australian (Online),Surry Hills,NSW,,https://www.proquest.com/docview/3182694249
risk,3182880520,Federal Election 2025: Hecklers target both leaders in day one of campaign trail focused on Queensland,2025-03-28,Newspapers,"['Wang, Jessica', 'Schmidt, Nathan']",636365,News.com.au,Surry Hills,NSW,,https://www.proquest.com/docview/3182880520
unrelated,3182936555,'The UK risks missing out on next generation green energy',2025-03-30,Newspapers,,32356,The Sunday Telegraph,Tonbridge,,,https://www.proquest.com/docview/3182936555
unrelated,3183103057,‘Back our £25bn green energy project or we’ll take it overseas’,2025-03-30,Newspapers,"['Marlow, Ben']",1986348,Telegraph.co.uk,London,,,https://www.proquest.com/docview/3183103057
worthwhile,3183467561,Why Ontario won’t cancel big U.S. nuclear contracts while backing out of other deals,2025-03-31,Newspapers,"['Mcclearn, Matthew']",46323,The Globe and Mail,Toronto,Ontario,,https://www.proquest.com/docview/3183467561
worthwhile,3183519160,India is taking the nuclear energy leap,2025-03-31,Newspapers,"['Singh, Jitendra']",55068,Indian Express,NEW DELHI,,,https://www.proquest.com/docview/3183519160
risk,3183621825,Nuclear folly has echoes of Trump,2025-04-01,Newspapers,,44841,Sydney Morning Herald,Sydney,New South Wales,,https://www.proquest.com/docview/3183621825
risk,3183635887,"UPSC Key: AI copyright concerns, Gold Monetisation Scheme and Myanmar earthquake",2025-03-31,Newspapers,"['Yadav, Roshni']",55068,Indian Express,NEW DELHI,,,https://www.proquest.com/docview/3183635887
risk,3185995920,Finland: Finland 'ahead of schedule' on coal phase out as Helsinki's Salmisaari plant closes,2025-04-04,Newspapers,,656306,Asia News Monitor,Bangkok,,,https://www.proquest.com/docview/3185995920
risk,3185997950,World: Why is Southeast Asia turning to nuclear power?,2025-04-04,Newspapers,,656306,Asia News Monitor,Bangkok,,,https://www.proquest.com/docview/3185997950
risk,3186000551,"This election, what are Labor and the Coalition offering on the energy transition, climate adaptation and emissions?",2025-04-04,Newspapers,,5425109,EveningReport.nz,NEW DELHI,,,https://www.proquest.com/docview/3186000551
risk,3186304936,What's in it for over-55s? Major parties' key policies affecting you,2025-04-05,Newspapers,"['Cowley, Rowan']",6828551,The Senior - NSW,Canberra ACT,,,https://www.proquest.com/docview/3186304936
risk,3186305159,What's in it for over-55s? Major parties' key policies affecting you,2025-04-05,Newspapers,"['Cowley, Rowan']",6828550,The Senior - QLD,Canberra ACT,,,https://www.proquest.com/docview/3186305159
risk,3186305508,What's in it for over-55s? Major parties' key policies affecting you,2025-04-05,Newspapers,"['Cowley, Rowan']",6828547,The Senior - WA,Canberra ACT,,,https://www.proquest.com/docview/3186305508
risk,3186305587,What's in it for over-55s? Major parties' key policies affecting you,2025-04-05,Newspapers,"['Cowley, Rowan']",6829467,The Senior - TAS,Canberra ACT,,,https://www.proquest.com/docview/3186305587
risk,3186306497,What's in it for over-55s? Major parties' key policies affecting you,2025-04-05,Newspapers,"['Cowley, Rowan']",6828548,The Senior - VIC,Canberra ACT,,,https://www.proquest.com/docview/3186306497
risk,3186306596,What's in it for over-55s? Major parties' key policies affecting you,2025-04-05,Newspapers,"['Cowley, Rowan']",6828549,The Senior - SA,Canberra ACT,,,https://www.proquest.com/docview/3186306596
unrelated,3186308441,Election rhetoric sidesteps crucial economic reform,2025-04-05,Newspapers,,2040384,The Australian Financial Review,Pyrmont,NSW,,https://www.proquest.com/docview/3186308441
risk,3186348464,Federal election 2025: The viability of the Coalition’s nuclear policy,2025-04-03,Newspapers,"['Fowler, Conor']",4864705,The Weekly Times (Online),Surry Hills,NSW,,https://www.proquest.com/docview/3186348464
risk,3186389933,Miliband pours £2.7bn into nuclear power plant after EDF cuts stake,2025-04-04,Newspapers,"['Leake, Jonathan']",1986348,Telegraph.co.uk,London,,,https://www.proquest.com/docview/3186389933
risk,3186457361,Miliband sinks £2.7bn into Sizewell C as EDF cuts stake,2025-04-05,Newspapers,,33554,The Daily Telegraph,Tonbridge,,,https://www.proquest.com/docview/3186457361
unrelated,3186494693,What Canada’s power can be,2025-04-05,Newspapers,"['Radwanski, Adam']",46323,The Globe and Mail,Toronto,Ontario,,https://www.proquest.com/docview/3186494693
worthwhile,3186570726,Việt Nam’s nuclear comeback powers the future,2025-04-05,Newspapers,,4371406,Viet Nam News,,,,https://www.proquest.com/docview/3186570726
risk,3186721328,Spies warn we all need 3-day blackout kits as Putin plots to sabotage vital gas pipelines,2025-04-06,Newspapers,"['Owen, Glen', 'Hookham, Mark']",45309,Mail on Sunday,London,,,https://www.proquest.com/docview/3186721328
risk,3186721824,Spies warn we all need 3-day blackout kits as Putin plots to sabotage vital gas pipelines,2025-04-06,Newspapers,"['Owen, Glen', 'Hookham, Mark']",45309,Mail on Sunday,London,,,https://www.proquest.com/docview/3186721824
risk,3187164146,Queensland tears up transition targets to prolong coal,2025-04-08,Newspapers,,2040384,The Australian Financial Review,Pyrmont,NSW,,https://www.proquest.com/docview/3187164146
unrelated,3187243997,Australia needs China amid global tariff tensions,2025-04-08,Newspapers,,2030555,China Daily,BEIJING,,,https://www.proquest.com/docview/3187243997
unrelated,3187244007,Australia needs China amid global tariff tensions,2025-04-08,Newspapers,,2030588,China Daily,BEIJING,,,https://www.proquest.com/docview/3187244007
worthwhile,3187291918,LETTERS TO THE EDITOR,2025-04-08,Newspapers,,42763,The Australian,Surry Hills,NSW,,https://www.proquest.com/docview/3187291918
risk,3187298572,"Trump’s stock market chaos could kill ‘drill, baby, drill’",2025-04-08,Newspapers,"['Wright, Chris']",2042848,The Independent (Daily Edition),London,,,https://www.proquest.com/docview/3187298572
worthwhile,3187481810,Subsidies not the solution to the failing energy transition,2025-04-07,Newspapers,,636359,The Australian (Online),Surry Hills,NSW,,https://www.proquest.com/docview/3187481810
risk,3187615818,Putting energy back into common sense,2025-04-09,Newspapers,,42763,The Australian,Surry Hills,NSW,,https://www.proquest.com/docview/3187615818
risk,3187615980,Energy plan that cuts risk and puts engineers in front,2025-04-09,Newspapers,,42763,The Australian,Surry Hills,NSW,,https://www.proquest.com/docview/3187615980
risk,3187762384,Queensland’s common sense approach has lessons for others,2025-04-08,Newspapers,"['Graham, Lloyd']",636359,The Australian (Online),Surry Hills,NSW,,https://www.proquest.com/docview/3187762384
risk,3187872557,Energy plan that cuts risk and puts engineers in front,2025-04-08,Newspapers,,636359,The Australian (Online),Surry Hills,NSW,,https://www.proquest.com/docview/3187872557
risk,3188099701,Trump's Dangerous Fossil Fuel Nationalism,2025-04-10,Newspapers,,646540,Daily Times,New Delhi,,,https://www.proquest.com/docview/3188099701
risk,3188200183,Nationalising British Steel won't help our dying industry,2025-04-10,Newspapers,"['Bale, Elinor']",686317,City A.M.,Tunbridge Wells,,,https://www.proquest.com/docview/3188200183
unrelated,3188367033,Dutton running out of time on policy,2025-04-11,Newspapers,,43154,The Age,Sydney,New South Wales,,https://www.proquest.com/docview/3188367033
unrelated,3188367372,Dutton running out of time on policy,2025-04-11,Newspapers,,44841,Sydney Morning Herald,Sydney,New South Wales,,https://www.proquest.com/docview/3188367372
worthwhile,3188513687,ENERGY DEBATE: THE RESPONSE Proudly supported by Minerals Council of [Derived Headline],2025-04-11,Newspapers,,42792,Herald Sun,Surry Hills,NSW,,https://www.proquest.com/docview/3188513687
risk,3188513912,Policies don’t add up to lower prices say experts,2025-04-11,Newspapers,,42785,The Courier - Mail,Surry Hills,NSW,,https://www.proquest.com/docview/3188513912
worthwhile,3188514316,ENERGY DEBATE: THE RESPONSE Proudly supported by Minerals Council of [Derived Headline],2025-04-11,Newspapers,,42787,The Mercury,Surry Hills,NSW,,https://www.proquest.com/docview/3188514316
worthwhile,3188514355,ENERGY DEBATE: THE RESPONSE,2025-04-11,Newspapers,,42765,The Advertiser,Surry Hills,NSW,,https://www.proquest.com/docview/3188514355
risk,3188514455,Gosling rejects Middle Arm dig,2025-04-11,Newspapers,,75791,The Northern Territory News,Surry Hills,NSW,,https://www.proquest.com/docview/3188514455
risk,3188514470,Policies don’t add up to lower prices say experts,2025-04-11,Newspapers,,42789,The Daily Telegraph,Surry Hills,NSW,,https://www.proquest.com/docview/3188514470
worthwhile,3188516190,"Protester tries to shout down Labor, Coalition energy spokesmen during election campaign debate",2025-04-10,Newspapers,"['Jackson, Blair']",636365,News.com.au,Surry Hills,NSW,,https://www.proquest.com/docview/3188516190
worthwhile,3188516252,Home news in brief,2025-04-11,Newspapers,,2042848,The Independent (Daily Edition),London,,,https://www.proquest.com/docview/3188516252
risk,3188587704,Why the Trump administration wants to make coal a ‘critical mineral’,2025-04-11,Newspapers,"['Walia, Aggam']",55068,Indian Express,NEW DELHI,,,https://www.proquest.com/docview/3188587704
worthwhile,3188590333,Starmer goes nuclear in push for UK growth,2025-04-11,Newspapers,,2030454,Daily Express,London,,,https://www.proquest.com/docview/3188590333
worthwhile,3188592967,Starmer goes nuclear in push for UK growth,2025-04-11,Newspapers,,2030454,Daily Express,London,,,https://www.proquest.com/docview/3188592967
risk,3188658515,“Ideological debate”: Experts unpack Chris Bowen’s fiery face-off with Ted O’Brien,2025-04-10,Newspapers,"['Bharadwaj, Angira']",636369,The Daily Telegraph (Online),Surry Hills,NSW,,https://www.proquest.com/docview/3188658515
risk,3189378909,Federal election live updates: Peter Dutton and Anthony Albanese campaign on day 16,2025-04-12,Newspapers,"['Evans, Duncan', 'Schmidt, Nathan', 'Wang, Jessica']",636365,News.com.au,Surry Hills,NSW,,https://www.proquest.com/docview/3189378909
worthwhile,3189390069,Sumant Sinha: Nuclear energy is a crucial piece in the puzzle of climate action,2025-04-13,Newspapers,,75999,Mint,New Delhi,,,https://www.proquest.com/docview/3189390069
unrelated,3189571872,"UPSC Key: IMEEC initiative, US-China tariff war and Article 143",2025-04-13,Newspapers,"['Yadav, Roshni']",55068,Indian Express,NEW DELHI,,,https://www.proquest.com/docview/3189571872
risk,3189577453,Federal election live updates: Peter Dutton and Anthony Albanese campaign on day 16,2025-04-13,Newspapers,"['Evans, Duncan', 'Schmidt, Nathan', 'Wang, Jessica']",636365,News.com.au,Surry Hills,NSW,,https://www.proquest.com/docview/3189577453
unrelated,3189876017,Early voting starts April 22 with nine contestants on the Hunter ballot paper,2025-04-15,Newspapers,"['Nichols, Louise']",646470,Singleton Argus,Canberra ACT,,,https://www.proquest.com/docview/3189876017
unrelated,3190088532,Brazil: Procel - extended public call for R$ 100 million to zero energy consumption in public buildings,2025-04-14,Newspapers,,2050693,Brazil Business News,NEW DELHI,,,https://www.proquest.com/docview/3190088532
worthwhile,3190114368,Government proposes allowing Prime Minister to approve nuclear power projects,2025-04-14,Newspapers,,4371406,Viet Nam News,,,,https://www.proquest.com/docview/3190114368
risk,3190290817,Britain’s ‘bonkers’ net zero plan puts us at China’s mercy,2025-04-15,Newspapers,"['Chan, Szu Ping']",1986348,Telegraph.co.uk,London,,,https://www.proquest.com/docview/3190290817
worthwhile,3190354855,United Kingdom: International Summit on the Future of Energy Security Partners,2025-04-16,Newspapers,,656306,Asia News Monitor,Bangkok,,,https://www.proquest.com/docview/3190354855
worthwhile,3190354880,Vietnam: Vietnam's nuclear comeback powers the future,2025-04-16,Newspapers,,656306,Asia News Monitor,Bangkok,,,https://www.proquest.com/docview/3190354880
unrelated,3190927338,Company plays big role in Southeast Asian nation's clean energy transition,2025-04-17,Newspapers,"['Zheng, Xin']",2030588,China Daily,BEIJING,,,https://www.proquest.com/docview/3190927338
unrelated,3190927527,Company plays big role in Southeast Asian nation's clean energy transition,2025-04-17,Newspapers,"['Zheng, Xin']",2030555,China Daily,BEIJING,,,https://www.proquest.com/docview/3190927527
worthwhile,3190964799,The AI boom can't stay in the clouds,2025-04-17,Newspapers,,686317,City A.M.,Tunbridge Wells,,,https://www.proquest.com/docview/3190964799
unrelated,3191247957,Election 2025: Page candidates and what they stand for,2025-04-17,Newspapers,"['Piltz, Catherine']",39878,The Northern Star,Surry Hills,NSW,,https://www.proquest.com/docview/3191247957
unrelated,3191276471,Federal Election 2025: Warringah candidates and what they stand for,2025-04-17,Newspapers,,75794,The Manly Daily,Surry Hills,NSW,,https://www.proquest.com/docview/3191276471
unrelated,3191364404,Protect our universities in these times of ignorance,2025-04-19,Newspapers,,44841,Sydney Morning Herald,Sydney,New South Wales,,https://www.proquest.com/docview/3191364404
risk,3191486614,Light breeze instead of dark doldrums,2025-04-19,Newspapers,"['Wetzel, Daniel']",54211,Welt am Sonntag,Berlin,,,https://www.proquest.com/docview/3191486614
risk,3191628783,India eyes 100 GW nuclear power capacity by 2047 -- but should it gamble on small reactors or stick to proven tech? [Power],2025-04-20,Newspapers,"['Nirmal, John']",29263,The Economic Times,New Delhi,,,https://www.proquest.com/docview/3191628783
risk,3191632881,"Starmer’s EU carbon tax will favour China, energy firm warns",2025-04-19,Newspapers,"['Gutteridge, Nick']",1986348,Telegraph.co.uk,London,,,https://www.proquest.com/docview/3191632881
worthwhile,3191636468,Vietnam: Government proposes allowing Prime Minister to approve nuclear power projects,2025-04-21,Newspapers,,656306,Asia News Monitor,Bangkok,,,https://www.proquest.com/docview/3191636468
risk,3191673881,"N, It's Back [Deep Dive]",2025-04-20,Newspapers,"['Nirmal, John']",856332,The Economic Times (Online),New Delhi,,,https://www.proquest.com/docview/3191673881
risk,3191834106,Ed Miliband attacks Nigel Farage over net zero claims,2025-04-20,Newspapers,"['Penna, Dominic']",1986348,Telegraph.co.uk,London,,,https://www.proquest.com/docview/3191834106
unrelated,3191841523,"Vietnam: Vietnam, China issue joint statement",2025-04-21,Newspapers,,656306,Asia News Monitor,Bangkok,,,https://www.proquest.com/docview/3191841523
unrelated,3191841802,"Vietnam/China: Vietnam, China issue joint statement following Chinese leader Xi Jinping's visit",2025-04-21,Newspapers,,656306,Asia News Monitor,Bangkok,,,https://www.proquest.com/docview/3191841802
worthwhile,3192049636,"Don't be fooled by Farage 'lies' about net zero, says Miliband",2025-04-21,Newspapers,,33554,The Daily Telegraph,Tonbridge,,,https://www.proquest.com/docview/3192049636
worthwhile,3192222078,Diversify your portfolio’s power with this elite energy business,2025-04-21,Newspapers,"['Costello, Miles']",1986348,Telegraph.co.uk,London,,,https://www.proquest.com/docview/3192222078
risk,3192261860,Renewables investors urge nuclear plan clarity,2025-04-22,Newspapers,,43154,The Age,Sydney,New South Wales,,https://www.proquest.com/docview/3192261860
risk,3192262631,Renewables investors urge nuclear plan clarity,2025-04-22,Newspapers,,44841,Sydney Morning Herald,Sydney,New South Wales,,https://www.proquest.com/docview/3192262631
risk,3192269365,Voters' clear choice between wind and nuclear,2025-04-22,Newspapers,"['King, Malcom']",43300,Illawarra Mercury,Canberra ACT,,,https://www.proquest.com/docview/3192269365
unrelated,3192388492,Major players who are helping to shape the region's future,2025-04-22,Newspapers,"['Leech, Ian']",27174,The Yorkshire Post,Tunbridge Wells,,,https://www.proquest.com/docview/3192388492
unrelated,3192451187,Election 2025: Page candidates and what they stand for,2025-04-21,Newspapers,"['Piltz, Catherine']",39878,The Northern Star,Surry Hills,NSW,,https://www.proquest.com/docview/3192451187
risk,3192553928,Rely on modern geothermal energy to power our AI ambitions,2025-04-22,Newspapers,,75999,Mint,New Delhi,,,https://www.proquest.com/docview/3192553928
risk,3193435491,Fairfax MP under fire for controversial nuclear power scheme,2025-04-22,Newspapers,"['Tutbury, Jarrod']",39014,Sunshine Coast Daily,Surry Hills,NSW,,https://www.proquest.com/docview/3193435491
worthwhile,3194493802,"Tanzania’s renewable energy ambitions: Progress, challenges, and the role of nuclear energy",2025-04-23,Newspapers,,2029756,The Citizen,Camden,DE,,https://www.proquest.com/docview/3194493802
worthwhile,3194759575,United Kingdom: PM remarks at the IEA Future of Energy Security summit,2025-04-28,Newspapers,,656306,Asia News Monitor,Bangkok,,,https://www.proquest.com/docview/3194759575
unrelated,3194778910,Desktop warrior Marles vs the real thing in Hastie,2025-04-25,Newspapers,"['Kenny, Chris']",636359,The Australian (Online),Surry Hills,NSW,,https://www.proquest.com/docview/3194778910
unrelated,3194780246,Desktop warrior Marles vs the real thing in Hastie,2025-04-26,Newspapers,,42764,Weekend Australian,Surry Hills,NSW,,https://www.proquest.com/docview/3194780246
unrelated,3194780292,Business forced into long political game on reform,2025-04-26,Newspapers,,42764,Weekend Australian,Surry Hills,NSW,,https://www.proquest.com/docview/3194780292
unrelated,3194838989,"Alberta’s vision for AI data centres is long on ambition, short on energy",2025-04-26,Newspapers,"['Castaldo, Joe']",46323,The Globe and Mail,Toronto,Ontario,,https://www.proquest.com/docview/3194838989
worthwhile,3195350530,India should keep all its nuclear power options in play,2025-04-28,Newspapers,,75999,Mint,New Delhi,,,https://www.proquest.com/docview/3195350530
risk,3195620631,Chalmers raids public sector for $7.2b savings,2025-04-29,Newspapers,,2040384,The Australian Financial Review,Pyrmont,NSW,,https://www.proquest.com/docview/3195620631
worthwhile,3195859002,"China tops global ranking of overall nuclear power capacity, report says",2025-04-29,Newspapers,"['Zheng, Xin']",2030588,China Daily,BEIJING,,,https://www.proquest.com/docview/3195859002
worthwhile,3195859007,"China tops global ranking of overall nuclear power capacity, report says",2025-04-29,Newspapers,"['Zheng, Xin']",2030555,China Daily,BEIJING,,,https://www.proquest.com/docview/3195859007
unrelated,3196004284,Dear next prime minister: We’re an Arctic nation and must invest accordingly,2025-04-28,Newspapers,"['Pence, Eliot', 'Ferguson, Iris']",46323,The Globe and Mail,Toronto,Ontario,,https://www.proquest.com/docview/3196004284
worthwhile,3196048402,"Cyprus Business Now: Nuclear energy, Hellenic Bank, Oev, CySEC",2025-04-29,Newspapers,,38707,Cyprus Mail,Camden,DE,,https://www.proquest.com/docview/3196048402
risk,3196128087,Labor must do more after poll,2025-04-30,Newspapers,,2040384,The Australian Financial Review,Pyrmont,NSW,,https://www.proquest.com/docview/3196128087
risk,3196571694,Spain power cut ‘caused by solar farm failures’,2025-04-29,Newspapers,,1986348,Telegraph.co.uk,London,,,https://www.proquest.com/docview/3196571694
worthwhile,3196571783,"Net zero is ‘doomed to fail’, Blair tells Starmer",2025-04-29,Newspapers,"['Martin, Daniel']",1986348,Telegraph.co.uk,London,,,https://www.proquest.com/docview/3196571783
unrelated,3196708107,​How would Britain cope without electricity? Very badly,2025-04-29,Newspapers,"['Oliphant, Roland']",1986348,Telegraph.co.uk,London,,,https://www.proquest.com/docview/3196708107
unrelated,3196728358,'Chaos and rationing' - the reality of a total grid failure,2025-04-30,Newspapers,,33554,The Daily Telegraph,Tonbridge,,,https://www.proquest.com/docview/3196728358
worthwhile,3196946079,Tide turning on politics of climate,2025-05-01,Newspapers,,44841,Sydney Morning Herald,Sydney,New South Wales,,https://www.proquest.com/docview/3196946079
worthwhile,3196949418,Tide turning on politics of climate,2025-05-01,Newspapers,,43154,The Age,Sydney,New South Wales,,https://www.proquest.com/docview/3196949418
worthwhile,3197818630,India: Consultative Committee of the Members of Parliament for the Ministry of Power held on the subject- Roadmap for Development of Nuclear Power Generation,2025-05-01,Newspapers,,656306,Asia News Monitor,Bangkok,,,https://www.proquest.com/docview/3197818630
worthwhile,3197953915,Green Ed must go [Scot Region],2025-05-01,Newspapers,,46329,Daily Mail,London,,,https://www.proquest.com/docview/3197953915
worthwhile,3197954238,Green Ed must go ED Miliband likes to think of himself as,2025-05-01,Newspapers,,46329,Daily Mail,London,,,https://www.proquest.com/docview/3197954238
unrelated,3197993950,Uganda urged to strengthen environmental safeguards in oil and gas sector,2025-04-30,Newspapers,,2029901,Daily Monitor,Camden,DE,,https://www.proquest.com/docview/3197993950
worthwhile,3198122442,"Department of Atomic Energy celebrates 40 years, plans to enhance nuclear energy regulation and public awareness",2025-05-01,Newspapers,,4371404,Malay Mail Online,,,,https://www.proquest.com/docview/3198122442
worthwhile,3198147218,SNP’s ‘senseless’ nuclear ban ‘damaging Scotland’,2025-05-01,Newspapers,"['Taggart, Emma']",1986348,Telegraph.co.uk,London,,,https://www.proquest.com/docview/3198147218
risk,3198832704,$30BN CHANGE OF CLIMATE,2025-05-02,Newspapers,,42763,The Australian,Surry Hills,NSW,,https://www.proquest.com/docview/3198832704
risk,3198832768,"National security, living standards are on the line",2025-05-02,Newspapers,,42763,The Australian,Surry Hills,NSW,,https://www.proquest.com/docview/3198832768
risk,3198832868,COALITION’S $30BN CHANGE OF CLIMATE,2025-05-02,Newspapers,,42763,The Australian,Surry Hills,NSW,,https://www.proquest.com/docview/3198832868
risk,3198834585,"National security, living standards are on the line",2025-05-02,Newspapers,,42763,The Australian,Surry Hills,NSW,,https://www.proquest.com/docview/3198834585
risk,3198844778,"ER Report: A Roundup of Significant Articles on EveningReport.nz for May 2, 2025",2025-05-02,Newspapers,,5425109,EveningReport.nz,NEW DELHI,,,https://www.proquest.com/docview/3198844778
worthwhile,3198881574,Spain has a crazy plan to scrap nuclear by 2035. Britain must run the other way,2025-05-02,Newspapers,,33554,The Daily Telegraph,Tonbridge,,,https://www.proquest.com/docview/3198881574
worthwhile,3198999310,Britain has precious little time to heed the warnings from Spain’s blackout,2025-05-02,Newspapers,"['Marlow, Ben']",1986348,Telegraph.co.uk,London,,,https://www.proquest.com/docview/3198999310
risk,3199013176,Election 2025: Coalition’s $30bn change of climate for energy market,2025-05-01,Newspapers,"['Chambers, Geoff', 'Cranston, Matthew']",636359,The Australian (Online),Surry Hills,NSW,,https://www.proquest.com/docview/3199013176
risk,3199158965,"This campaign, regrettably, has fallen way short of the contest of ideas that circumstances demand",2025-05-01,Newspapers,,636359,The Australian (Online),Surry Hills,NSW,,https://www.proquest.com/docview/3199158965
unrelated,3199514972,Spain/Portugal: Fact check - Did wind and solar really cause Portugal and Spain's mass blackout?,2025-05-05,Newspapers,,656306,Asia News Monitor,Bangkok,,,https://www.proquest.com/docview/3199514972
worthwhile,3199555234,Look to Spain for a glimpse of our emissions-free future,2025-05-03,Newspapers,,42764,Weekend Australian,Surry Hills,NSW,,https://www.proquest.com/docview/3199555234
risk,3199555738,The pain in Spain will be ours if Labor reigns,2025-05-03,Newspapers,,42789,The Daily Telegraph,Surry Hills,NSW,,https://www.proquest.com/docview/3199555738
risk,3199563381,The United States is at risk of a Spanish-style electricity meltdown,2025-05-02,Newspapers,"['Furchtgott-Roth, Diana']",1986348,Telegraph.co.uk,London,,,https://www.proquest.com/docview/3199563381
risk,3199563953,"Vikki Campion: Import hot tennis players from Spain, not a blueprint to run Australia",2025-05-02,Newspapers,"['Campion, Vikki']",636369,The Daily Telegraph (Online),Surry Hills,NSW,,https://www.proquest.com/docview/3199563953
risk,3199811311,This election is a historic chance to end our energy self-harm,2025-05-02,Newspapers,"['Kenny, Chris']",636359,The Australian (Online),Surry Hills,NSW,,https://www.proquest.com/docview/3199811311
risk,3199812068,Memories faltering on health risks of nuclear,2025-05-04,Newspapers,,44202,Sunday Age,Sydney,New South Wales,,https://www.proquest.com/docview/3199812068
unrelated,3199812468,Our memory's faltering of nuclear's health risks,2025-05-04,Newspapers,,44089,Sun-Herald,Sydney,New South Wales,,https://www.proquest.com/docview/3199812468
risk,3200004610,Lord Blunkett: Net zero push risks making Labour toxic to voters,2025-05-04,Newspapers,"['Penna, Dominic']",1986348,Telegraph.co.uk,London,,,https://www.proquest.com/docview/3200004610
worthwhile,3200383727,Steps to boost private energy economy,2025-05-06,Newspapers,"['Zheng, Xin']",2030588,China Daily,BEIJING,,,https://www.proquest.com/docview/3200383727
worthwhile,3200383964,Steps to boost private energy economy,2025-05-06,Newspapers,"['Zheng, Xin']",2030555,China Daily,BEIJING,,,https://www.proquest.com/docview/3200383964
risk,3200793232,EU power grid needs trillion-dollar upgrade to avert Spain-style blackouts,2025-05-06,Newspapers,,38707,Cyprus Mail,Camden,DE,,https://www.proquest.com/docview/3200793232
worthwhile,3201164041,The building blocks of an India-U.S. energy future,2025-05-08,Newspapers,,866348,The Hindu,Chennai,Tamil Nadu,,https://www.proquest.com/docview/3201164041
risk,3201548675,Ireland’s path is clear: ‘Electricity is the future’,2025-05-09,Newspapers,,27283,Irish Times,Dublin,,,https://www.proquest.com/docview/3201548675
unrelated,3201594559,"China, Russia foster green partnership",2025-05-09,Newspapers,"['Zheng, Xin']",2030555,China Daily,BEIJING,,,https://www.proquest.com/docview/3201594559
unrelated,3201594560,"China, Russia foster green partnership",2025-05-09,Newspapers,"['Zheng, Xin']",2030588,China Daily,BEIJING,,,https://www.proquest.com/docview/3201594560
unrelated,3201718483,"Australia is set to be a renewables nation. After Labor’s win, there’s no turning back",2025-05-08,Newspapers,,5425109,EveningReport.nz,NEW DELHI,,,https://www.proquest.com/docview/3201718483
unrelated,3201731483,Egypt urges stronger support for developing nations to meet climate goals at Copenhagen Dialogue,2025-05-07,Newspapers,,38557,Daily News Egypt,Camden,DE,,https://www.proquest.com/docview/3201731483
risk,3201747625,Illinois Municipal Electric Agency faces long-term contract uncertainties,2025-05-08,Newspapers,"['Shea, Jennifer']",45433,The Bond Buyer,NEW YORK,NY,,https://www.proquest.com/docview/3201747625
worthwhile,3201769832,Norway: The Minister of Energy's speech at Nordic Electricy Markets Forum,2025-05-08,Newspapers,,656306,Asia News Monitor,Bangkok,,,https://www.proquest.com/docview/3201769832
worthwhile,3201881397,Miliband's grand vision of Britain's net zero future is blown to smithereens,2025-05-09,Newspapers,,33554,The Daily Telegraph,Tonbridge,,,https://www.proquest.com/docview/3201881397
worthwhile,3201918834,Ed Miliband’s net zero target is now in tatters,2025-05-09,Newspapers,"['Marlow, Ben']",1986348,Telegraph.co.uk,London,,,https://www.proquest.com/docview/3201918834
unrelated,3201955922,"China, Russia foster green partnership",2025-05-09,Newspapers,,2032725,People's Daily,Beijing,,,https://www.proquest.com/docview/3201955922
unrelated,3201963614,America’s focus on factories is misguided,2025-05-09,Newspapers,"['Tayob, Rashaad']",4821773,Business Day,Saxonwold,,,https://www.proquest.com/docview/3201963614
unrelated,3202692867,"Việt Nam, Russia issue joint statement on major orientations for comprehensive strategic partnership in new period",2025-05-11,Newspapers,,4371406,Viet Nam News,,,,https://www.proquest.com/docview/3202692867
risk,3202930304,"From nuclear to nature laws, here’s where new Liberal leader Sussan Ley stands on 4 energy and environment flashpoints",2025-05-13,Newspapers,,5425109,EveningReport.nz,NEW DELHI,,,https://www.proquest.com/docview/3202930304
worthwhile,3203098813,Egis appoints Regional Director for Nuclear,2025-05-13,Newspapers,,38562,TradeArabia,Camden,DE,,https://www.proquest.com/docview/3203098813
risk,3203200729,Briefs,2025-05-14,Newspapers,,2040384,The Australian Financial Review,Pyrmont,NSW,,https://www.proquest.com/docview/3203200729
unrelated,3203230023,Brazil: Alexandre Silveira reinforces commitment to energy transition during business seminar in China,2025-05-12,Newspapers,,2050693,Brazil Business News,NEW DELHI,,,https://www.proquest.com/docview/3203230023
unrelated,3203404988,Letters to the Editor,2025-05-14,Newspapers,,42763,The Australian,Surry Hills,NSW,,https://www.proquest.com/docview/3203404988
worthwhile,3203842889,Liberal Party rebuild must champion lower income tax,2025-05-15,Newspapers,"['Kehoe, John']",2040384,The Australian Financial Review,Pyrmont,NSW,,https://www.proquest.com/docview/3203842889
unrelated,3203847188,Delusional optimism to believe Labor on productivity,2025-05-13,Newspapers,,636359,The Australian (Online),Surry Hills,NSW,,https://www.proquest.com/docview/3203847188
worthwhile,3203983748,Solar vs. nuclear: Rival candidates float contrasting energy policies,2025-05-15,Newspapers,,2046300,The Korea Times,Seoul,,,https://www.proquest.com/docview/3203983748
risk,3204572239,India’s nuclear ambitions: Can Bharat Small Reactors trigger a 100 GW chain reaction?,2025-05-16,Newspapers,"['Podishetti, Akash']",29263,The Economic Times,New Delhi,,,https://www.proquest.com/docview/3204572239
unrelated,3204596717,Thumping Win Changes Rules of The Game,2025-05-17,Newspapers,"['Tillett, Andrew']",2040384,The Australian Financial Review,Pyrmont,NSW,,https://www.proquest.com/docview/3204596717
risk,3204597325,Big Step To Green Energy Reality,2025-05-17,Newspapers,"['Cropp, Ryan']",2040384,The Australian Financial Review,Pyrmont,NSW,,https://www.proquest.com/docview/3204597325
worthwhile,3204699094,CGNPC takes steps to ensure ample fuel supply for projects,2021-12-06,Newspapers,"['Zheng, Xin']",2030555,China Daily,BEIJING,,,https://www.proquest.com/docview/3204699094
unrelated,3204765069,"13 Energy Stocks to Buy Even as Oil Prices Fall, According to Roundtable Pros; OPEC is pumping, and shale producers are pulling up rigs. Our experts see plenty of opportunities in the sector's upheaval.",2025-05-16,Newspapers,"['Salzman, Avi']",2048938,Barron's (Online),South Brunswick,NJ,,https://www.proquest.com/docview/3204765069
unrelated,3204777498,"Vietnam/Russia: Vietnam, Russia issue joint statement on major orientations for comprehensive strategic partnership in new period",2025-05-19,Newspapers,,656306,Asia News Monitor,Bangkok,,,https://www.proquest.com/docview/3204777498
unrelated,3205369927,Qatar-Turkiye economic partnership yet to reach full potential: Turkish Minister,2025-05-19,Newspapers,,2026746,The Peninsula,Camden,DE,,https://www.proquest.com/docview/3205369927
unrelated,3205646492,"13 Energy Stocks to Buy Even as Oil Prices Fall, According to Roundtable Pros; OPEC is pumping, and shale producers are pulling up rigs. Our experts see plenty of opportunities in the sector's upheaval.",2025-05-19,Newspapers,"['Salzman, Avi']",2048938,Barron's (Online),South Brunswick,NJ,,https://www.proquest.com/docview/3205646492
worthwhile,3205882662,Netherlands: Dutch Industry Reels as High Energy Prices Take Heavy Toll,2025-05-21,Newspapers,,656306,Asia News Monitor,Bangkok,,,https://www.proquest.com/docview/3205882662
worthwhile,3205989039,"Berlin, Paris overcome rift over nuclear energy, French official says",2025-05-20,Newspapers,,38707,Cyprus Mail,Camden,DE,,https://www.proquest.com/docview/3205989039
risk,3206472622,"Donald Trump's tax and spending mega-bill to cost millions of jobs in US, drive up your bills",2025-05-22,Newspapers,,29263,The Economic Times,New Delhi,,,https://www.proquest.com/docview/3206472622
unrelated,3206662665,Consider Petronas-like model to develop Malaysia's REE industry - Ahmad Ibrahim,2025-05-23,Newspapers,,27292,Malay Mail,New Delhi,,,https://www.proquest.com/docview/3206662665
risk,3206739722,G.O.P. Aims to Cut Clean Energy Perks Flowing to Its Own Turf,2025-05-23,Newspapers,"['Plumer, Brad', 'Stevens, Harry']",45131,The New York Times,NEW YORK,NY,,https://www.proquest.com/docview/3206739722
unrelated,3206741026,Việt Nam-France comprehensive strategic partnership opens new horizons for cooperation,2025-05-22,Newspapers,,4371406,Viet Nam News,,,,https://www.proquest.com/docview/3206741026
worthwhile,3206994104,Trump Tax Bill Could 'Devastate' Clean Energy. Here Are the Few Bright Spots.,2025-05-23,Newspapers,"['Salzman, Avi']",2048938,Barron's (Online),South Brunswick,NJ,,https://www.proquest.com/docview/3206994104
risk,3207595511,Presidential candidates debated the wrong question: nuclear or renewables?,2025-05-26,Newspapers,"['Jae-yun, Shim']",2046300,The Korea Times,Seoul,,,https://www.proquest.com/docview/3207595511
risk,3207652414,Nuclear engineers want the industry to get 'unstuck' after years of bad PR. The AI boom could be the key.,2025-05-26,Newspapers,"['Perkel, Sarah']",4682318,Business Insider,New York,NY,,https://www.proquest.com/docview/3207652414
risk,3207671750,Scott's antisemitism blind spot,2025-05-27,Newspapers,,2040384,The Australian Financial Review,Pyrmont,NSW,,https://www.proquest.com/docview/3207671750
risk,3211847379,Nuclear power is having a renaissance. Here's what consultants say about the industry's future.,2025-05-27,Newspapers,"['Varanasi, Lakshmi']",4682318,Business Insider,New York,NY,,https://www.proquest.com/docview/3211847379
worthwhile,3212146393,2 reasons BlackRock sees upside ahead for one beaten-down corner of the stock market,2025-05-27,Newspapers,"['De Mott, Filip']",4682318,Business Insider,New York,NY,,https://www.proquest.com/docview/3212146393
worthwhile,3212464034,France ready to accompany Việt Nam in energy transition: French President,2025-05-27,Newspapers,,4371406,Viet Nam News,,,,https://www.proquest.com/docview/3212464034
unrelated,3212506598,Youm-e-Takbir: A heraldry of Pak strategic prowess in SA,2025-05-28,Newspapers,,55155,Pakistan Observer,,,,https://www.proquest.com/docview/3212506598
worthwhile,3212835586,US flip can be boost for UK clean energy sector,2025-05-29,Newspapers,"['Crossland, Michael']",27174,The Yorkshire Post,Tunbridge Wells,,,https://www.proquest.com/docview/3212835586
risk,3212885398,Presidential candidates debated the wrong question: nuclear or renewables?,2025-05-29,Newspapers,"['Hyun-kyung, Kang']",2046300,The Korea Times,Seoul,,,https://www.proquest.com/docview/3212885398
worthwhile,3213212276,India’s energy ascendancy: Navigating growth and sustainability,2025-05-29,Newspapers,,3882661,The Sentinel,NEW DELHI,,,https://www.proquest.com/docview/3213212276
worthwhile,3213443510,A new legal architecture for nuclear power sector,2025-05-29,Newspapers,,29618,The Hindustan Times,New Delhi,,,https://www.proquest.com/docview/3213443510
unrelated,3214389141,Cross-pollination of ideas for a greener Zim,2025-06-02,Newspapers,,2029773,The Standard,Camden,DE,,https://www.proquest.com/docview/3214389141
worthwhile,3214404499,Miliband needs to abandon his fxation with renewables at the expense of everything else,2025-06-02,Newspapers,,33554,The Daily Telegraph,Tonbridge,,,https://www.proquest.com/docview/3214404499
risk,3214463976,The Spanish socialist nightmare that serves as a warning to Starmer’s Britain,2025-06-02,Newspapers,"['Steafel, Eleanor']",1986348,Telegraph.co.uk,London,,,https://www.proquest.com/docview/3214463976
worthwhile,3214689822,Ed Miliband is strangling Britain’s nuclear power potential,2025-06-02,Newspapers,"['Orlowski, Andrew']",1986348,Telegraph.co.uk,London,,,https://www.proquest.com/docview/3214689822
worthwhile,3215233861,Mark Zuckerberg saves nuclear plant from closure with 20-year power deal,2025-06-03,Newspapers,"['Field, Matthew']",1986348,Telegraph.co.uk,London,,,https://www.proquest.com/docview/3215233861
worthwhile,3215329635,Zuckerberg saves nuclear plant from closure,2025-06-04,Newspapers,,33554,The Daily Telegraph,Tonbridge,,,https://www.proquest.com/docview/3215329635
risk,3215336444,Civil groups to ADB: Drop harmful 'big-ticket' projects,2025-06-03,Newspapers,,2032451,Business Mirror,,,,https://www.proquest.com/docview/3215336444
risk,3215589967,Constellation's Meta Contract Saved a Plant. More Deals Could Be on the Way.,2025-06-04,Newspapers,,2048938,Barron's (Online),South Brunswick,NJ,,https://www.proquest.com/docview/3215589967
worthwhile,3215630126,Nuclear power is having a renaissance. Here's what consultants say about the industry's future.,2025-06-04,Newspapers,"['Varanasi, Lakshmi']",4682318,Business Insider,New York,NY,,https://www.proquest.com/docview/3215630126
unrelated,3215957432,"UNICAT catalysts, process tech boost KSA petchem efficiency",2025-06-05,Newspapers,,50677,Oil & Gas News,Camden,DE,,https://www.proquest.com/docview/3215957432
worthwhile,3216105328,Should India amend its nuclear energy laws?,2025-06-06,Newspapers,,866348,The Hindu,Chennai,Tamil Nadu,,https://www.proquest.com/docview/3216105328
worthwhile,3216197864,GPSC accelerates green energy development according to Decarbonization roadmap,2025-06-05,Newspapers,,4368386,Vietnam News Gazette,,,,https://www.proquest.com/docview/3216197864
worthwhile,3216224941,Clean energy investment rising despite economic uncertainty: IEA,2025-06-06,Newspapers,,39814,The Mercury,Johannesburg,,,https://www.proquest.com/docview/3216224941
worthwhile,3216225184,Clean energy investment rising despite economic uncertainty: IEA,2025-06-06,Newspapers,,39818,The Star,Johannesburg,,,https://www.proquest.com/docview/3216225184
worthwhile,3216225621,Clean energy investment rising despite economic uncertainty: IEA,2025-06-06,Newspapers,,27299,Cape Times,Johannesburg,,,https://www.proquest.com/docview/3216225621
unrelated,3216609281,US clean energy policy and its implications for Asia,2025-06-08,Newspapers,"['Jae-yun, Shim']",2046300,The Korea Times,Seoul,,,https://www.proquest.com/docview/3216609281
worthwhile,3216683593,UN Nuclear Chief Warns of 'Catastrophic' Iran Crisis,2025-06-07,Newspapers,,4371401,Sri Lanka Guardian,,,,https://www.proquest.com/docview/3216683593
risk,3216744339,POWER FAILURE,2025-06-09,Newspapers,,33554,The Daily Telegraph,Tonbridge,,,https://www.proquest.com/docview/3216744339
worthwhile,3216976649,Coalition must face energy issue as substance not style,2025-06-10,Newspapers,,42763,The Australian,Surry Hills,NSW,,https://www.proquest.com/docview/3216976649
worthwhile,3217161699,What’s behind Keir Starmer’s decision to back nuclear power?,2025-06-10,Newspapers,,35249,The Guardian,London,,,https://www.proquest.com/docview/3217161699
worthwhile,3217206792,"Power ministry announces additional Rs.5,400 cr VGF for 30 GWh battery energy storage",2025-06-10,Newspapers,,75999,Mint,New Delhi,,,https://www.proquest.com/docview/3217206792
risk,3217214812,"The Guardian view on Labour’s nuclear bet: big promises, but bigger questions remain unanswered",2025-06-10,Newspapers,,35249,The Guardian,London,,,https://www.proquest.com/docview/3217214812
worthwhile,3217277412,UK goes nuclear as outage fears rise,2025-06-11,Newspapers,,42763,The Australian,Surry Hills,NSW,,https://www.proquest.com/docview/3217277412
risk,3217282242,This vision for Britain’s nuclear future is to be warmly welcomed,2025-06-11,Newspapers,,2042848,The Independent (Daily Edition),London,,,https://www.proquest.com/docview/3217282242
risk,3217283998,Miliband has got his nuclear plans wrong. Here’s what we should do,2025-06-10,Newspapers,"['Porter, Kathryn']",1986348,Telegraph.co.uk,London,,,https://www.proquest.com/docview/3217283998
risk,3217386609,Record numbers in nuclear as fossils shift accelerates,2025-06-11,Newspapers,"['Jones, Alan']",25381,The Post,London,,,https://www.proquest.com/docview/3217386609
risk,3217757025,Great British Energy’s budget has been nuked,2025-06-11,Newspapers,"['Pratley, Nils']",35249,The Guardian,London,,,https://www.proquest.com/docview/3217757025
risk,3217758041,A reversal in US climate policy will send renewables investors packing – and Australia can reap the benefits,2025-06-12,Newspapers,,5425109,EveningReport.nz,NEW DELHI,,,https://www.proquest.com/docview/3217758041
risk,3217807353,The winners and losers of Rachel Reeves’s spending review,2025-06-11,Newspapers,,1986348,Telegraph.co.uk,London,,,https://www.proquest.com/docview/3217807353
unrelated,3217819952,MIT Turns Soda Cans and Sea Water Into Green Hydrogen,2025-06-11,Newspapers,,2040502,Yerepouni Daily News,Camden,DE,,https://www.proquest.com/docview/3217819952
risk,3217851634,The SNP hate nuclear power – and maybe they are right,2025-06-12,Newspapers,,45319,The Herald,Mc Lean,VA,,https://www.proquest.com/docview/3217851634
worthwhile,3217857257,Startups Plot an Ambitious Reboot Of U.S.'s Nuclear-Energy Program,2025-06-12,Newspapers,"['Somerville, Heather']",10482,Wall Street Journal,South Brunswick,NJ,,https://www.proquest.com/docview/3217857257
worthwhile,3218241773,"State should consider nuclear power option, says EirGrid chairman",2025-06-13,Newspapers,,27283,Irish Times,Dublin,,,https://www.proquest.com/docview/3218241773
risk,3218454789,"Spending billions on unclean, risky energy? What a nuclear waste",2025-06-13,Newspapers,,35249,The Guardian,London,,,https://www.proquest.com/docview/3218454789
worthwhile,3218525790,Reboot of the US nuclear energy program,2025-06-14,Newspapers,,42764,Weekend Australian,Surry Hills,NSW,,https://www.proquest.com/docview/3218525790
risk,3218567205,Power plants urgently needed,2025-06-14,Newspapers,"['Wetzel, Daniel']",54211,Welt am Sonntag,Berlin,,,https://www.proquest.com/docview/3218567205
risk,3218567605,Climate targets under pressure,2025-06-14,Newspapers,"['Klauth, Jan', 'Seibel, Karsten']",54211,Welt am Sonntag,Berlin,,,https://www.proquest.com/docview/3218567605
worthwhile,3218577955,"Innovations, challenges and wary optimism; Global Energy Show shines spotlight on more than just oil and gas as it wraps up",2025-06-13,Newspapers,"['Wilhelm, Steven']",47083,Calgary Herald,Toronto,Ontario,,https://www.proquest.com/docview/3218577955
risk,3218698273,POWER failure,2025-06-15,Newspapers,"['VEVERS, DAN']",45312,Sunday Mail,London,,,https://www.proquest.com/docview/3218698273
worthwhile,3218741145,Rachel's gone on a £4trillion,2025-06-15,Newspapers,"['Murray-West, Rosie']",45309,Mail on Sunday,London,,,https://www.proquest.com/docview/3218741145
worthwhile,3218741387,Rachel's gone on a,2025-06-15,Newspapers,"['Murray-West, Rosie']",45309,Mail on Sunday,London,,,https://www.proquest.com/docview/3218741387
unrelated,3218757426,Study claims gas can replace coal in Asia,2025-06-16,Newspapers,"['Cropp, Ryan']",2040384,The Australian Financial Review,Pyrmont,NSW,,https://www.proquest.com/docview/3218757426
worthwhile,3218757854,European Union: Commission assesses nuclear investment needs by 2050 in view of decarbonisation and competitiveness goals,2025-06-16,Newspapers,,656306,Asia News Monitor,Bangkok,,,https://www.proquest.com/docview/3218757854
worthwhile,3218757905,European Union: Questions and answers on the 8th illustrative programme for nuclear (PINC),2025-06-16,Newspapers,,656306,Asia News Monitor,Bangkok,,,https://www.proquest.com/docview/3218757905
risk,3219344470,Perils of India's Amended Civil Liability Nuclear Laws,2025-06-18,Newspapers,,646540,Daily Times,New Delhi,,,https://www.proquest.com/docview/3219344470
unrelated,3219346372,Remitly Stock Jumps As Senate Eases Remittance Tax. But Many Immigrants Still On The Hook.,2025-06-17,Newspapers,"['Arancibia, Juan Carlos']",7122126,Investor's Business Daily (Online),South Brunswick,NJ,,https://www.proquest.com/docview/3219346372
worthwhile,3219366783,Uzbekistan Moves Toward a Sustainable Energy Future,2025-06-17,Newspapers,,646303,Uzbekistan National News Agency (UzA),Camden,DE,,https://www.proquest.com/docview/3219366783
worthwhile,3219473120,New Policies Spark Optimism for Uranium Market Revival,2025-06-17,Newspapers,,2040502,Yerepouni Daily News,Camden,DE,,https://www.proquest.com/docview/3219473120
risk,3219853427,AI runs on dirty power — and the public pays the price,2025-06-18,Newspapers,"['Beckler, Hannah', 'Ho, Rosemarie', 'Thomas, Ellen']",4682318,Business Insider,New York,NY,,https://www.proquest.com/docview/3219853427
risk,3219909022,Targeting nuclear plants in Iran and Ukraine: Playing with fire,2025-06-19,Newspapers,,55068,Indian Express,NEW DELHI,,,https://www.proquest.com/docview/3219909022
worthwhile,3222250961,"Invest in nuclear energy: DBS cites opportunities in mining, utilities stocks",2025-06-19,Newspapers,"['Pillai, Sharanya']",33677,The Business Times,News Centre,,,https://www.proquest.com/docview/3222250961
unrelated,3222392935,GBA Briefs,2025-06-20,Newspapers,,2030555,China Daily,BEIJING,,,https://www.proquest.com/docview/3222392935
worthwhile,3222646827,"India: English Translation of Prime Minister's address during the G7 Outreach Session on Energy Security (June 17, 2025)",2025-06-23,Newspapers,,656306,Asia News Monitor,Bangkok,,,https://www.proquest.com/docview/3222646827
risk,3222723114,Heatwaves to set off net zero meltdown,2025-06-21,Newspapers,,33554,The Daily Telegraph,Tonbridge,,,https://www.proquest.com/docview/3222723114
worthwhile,3222744112,"Under China’s Threat, Taiwan Needs Its Own Power Sources More Than Ever",2025-06-21,Newspapers,"['Tobin, Meaghan']",45131,The New York Times,NEW YORK,NY,,https://www.proquest.com/docview/3222744112
worthwhile,3222860012,"Atlantic Canada can't afford to miss any more opportunities; In an op-ed piece, New Brunswick MP says the region is well-positioned to lead on nationbuilding projects",2025-06-21,Newspapers,"['Long, Wayne']",40381,Telegraph-Journal,Toronto,Ontario,,https://www.proquest.com/docview/3222860012
risk,3222872510,Miliband's £8bn energy company is sliding into irrelevance,2025-06-22,Newspapers,,32356,The Sunday Telegraph,Tonbridge,,,https://www.proquest.com/docview/3222872510
risk,3222933633,Prabowo charts independent course by skipping G-7 for Russia visit,2025-06-22,Newspapers,"['Arshad, Arlina']",33108,The Straits Times,News Centre,,,https://www.proquest.com/docview/3222933633
worthwhile,3222949460,Catalysts of change: China's energy strategy could offer lessons for the PHL's carbon path,2025-06-22,Newspapers,,2032451,Business Mirror,,,,https://www.proquest.com/docview/3222949460
risk,3222950462,How governments can get best bang for climate buck,2025-06-23,Newspapers,"['Fitzsimmons, Caitlin']",44841,Sydney Morning Herald,Sydney,New South Wales,,https://www.proquest.com/docview/3222950462
risk,3222950600,How governments can get best bang for climate buck,2025-06-23,Newspapers,"['Fitzsimmons, Caitlin']",43154,The Age,Sydney,New South Wales,,https://www.proquest.com/docview/3222950600
worthwhile,3222964497,Rolls-Royce plots market domination after ‘Turbo Tufan’s’ turnaround,2025-06-22,Newspapers,"['Jasper, Christopher']",1986348,Telegraph.co.uk,London,,,https://www.proquest.com/docview/3222964497
risk,3222964600,Ed Miliband’s £8bn pet project is sliding into irrelevance,2025-06-22,Newspapers,"['Oliver, Matt']",1986348,Telegraph.co.uk,London,,,https://www.proquest.com/docview/3222964600
worthwhile,3223040166,Letters,2025-06-23,Newspapers,,42789,The Daily Telegraph,Surry Hills,NSW,,https://www.proquest.com/docview/3223040166
worthwhile,3223395707,Tanzania charts path towards nuclear-powered electricity,2025-06-23,Newspapers,,2029756,The Citizen,Camden,DE,,https://www.proquest.com/docview/3223395707
worthwhile,3223436726,Electricity bill cut for 1000s of firms,2025-06-24,Newspapers,"['Hughes, Owen']",26178,Daily Post,London,,,https://www.proquest.com/docview/3223436726
worthwhile,3223488950,U.S. News: New York Aims to Build Nuclear Plant,2025-06-24,Newspapers,"['Dezember, Ryan', 'Hiller, Jennifer']",10482,Wall Street Journal,South Brunswick,NJ,,https://www.proquest.com/docview/3223488950
worthwhile,3223596618,United Kingdom: Clean energy future to be 'built in Britain',2025-06-25,Newspapers,,656306,Asia News Monitor,Bangkok,,,https://www.proquest.com/docview/3223596618
worthwhile,3224071297,‘SNP’s dogmatic but outdated opposition to nuclear has to waver’,2025-06-26,Newspapers,"['Simpson, Alan']",45319,The Herald,Mc Lean,VA,,https://www.proquest.com/docview/3224071297
worthwhile,3224071649,‘Why simply discard 40 years of nuclear expertise at Torness?’,2025-06-26,Newspapers,"['Simpson, Alan']",45319,The Herald,Mc Lean,VA,,https://www.proquest.com/docview/3224071649
worthwhile,3224148387,Deputy PM stresses importance of learning int’l experiences in nuclear power development,2025-06-25,Newspapers,,4371406,Viet Nam News,,,,https://www.proquest.com/docview/3224148387
worthwhile,3224250025,United Kingdom: Business leaders welcome the government's modern Industrial Strategy,2025-06-27,Newspapers,,656306,Asia News Monitor,Bangkok,,,https://www.proquest.com/docview/3224250025
risk,3224414947,Need for a replacement is clear as major cracks appear in nuclear reactors,2025-06-27,Newspapers,"['Simpson, Alan']",45319,The Herald,Mc Lean,VA,,https://www.proquest.com/docview/3224414947
risk,3225065916,Why Britain pays such a high price for electricity,2025-06-29,Newspapers,,32356,The Sunday Telegraph,Tonbridge,,,https://www.proquest.com/docview/3225065916
risk,3225142024,Why Britain pays such a crippling price for electricity,2025-06-29,Newspapers,"['Oliver, Matt']",1986348,Telegraph.co.uk,London,,,https://www.proquest.com/docview/3225142024
worthwhile,3225222496,"Exclusive: Greenko founders buy Orix Corp.' 20% in Greenko Energy for $1.4 billion, announcement on Monday",2025-06-29,Newspapers,,75999,Mint,New Delhi,,,https://www.proquest.com/docview/3225222496
worthwhile,3225280852,"War, tariffs, growth slump take $33bn toll on miners",2025-06-30,Newspapers,,42763,The Australian,Surry Hills,NSW,,https://www.proquest.com/docview/3225280852
unrelated,3225383922,Pralhad Joshi: The International Solar Alliance has shone a path to clean energy,2025-06-30,Newspapers,,75999,Mint,New Delhi,,,https://www.proquest.com/docview/3225383922
worthwhile,3225412255,"Aussie mining exports rocked by war, tariffs and slowdown",2025-06-29,Newspapers,"['Chambers, Geoff']",636359,The Australian (Online),Surry Hills,NSW,,https://www.proquest.com/docview/3225412255
unrelated,3225533133,"Canada: Minister Tim Hodgson Speech to the Toronto Region Board of Trade June 25, 2025",2025-07-01,Newspapers,,656306,Asia News Monitor,Bangkok,,,https://www.proquest.com/docview/3225533133
risk,3225874361,"Russia: Germany's hopes for green energy dashed, country needs Russian energy - AfD deputy",2025-07-02,Newspapers,,656306,Asia News Monitor,Bangkok,,,https://www.proquest.com/docview/3225874361
worthwhile,3225911274,Cathie Wood Loads Up On This Nuclear Play As The Senate Announces Industry Support In Trump Bill,2025-07-01,Newspapers,"['Norton, Kit']",7122126,Investor's Business Daily (Online),South Brunswick,NJ,,https://www.proquest.com/docview/3225911274
unrelated,3225924935,CGN project brings green ingenuity to Brazil,2025-07-02,Newspapers,"['Zheng, Xin']",2030555,China Daily,BEIJING,,,https://www.proquest.com/docview/3225924935
unrelated,3225925066,CGN project brings green ingenuity to Brazil,2025-07-02,Newspapers,"['Zheng, Xin']",2030588,China Daily,BEIJING,,,https://www.proquest.com/docview/3225925066
risk,3225957660,Bowen’s energy revolution dodges inconvenient truths,2025-07-02,Newspapers,,42763,The Australian,Surry Hills,NSW,,https://www.proquest.com/docview/3225957660
risk,3225958140,Bowen’s energy revolution dodges inconvenient truths,2025-07-02,Newspapers,,42763,The Australian,Surry Hills,NSW,,https://www.proquest.com/docview/3225958140
unrelated,3226357473,United States: WHAT THEY ARE SAYING: Senate Approves Landmark One Big Beautiful Bill,2025-07-03,Newspapers,,656306,Asia News Monitor,Bangkok,,,https://www.proquest.com/docview/3226357473
worthwhile,3226364592,Chris Bowen’s energy revolution dodges inconvenient truths,2025-07-01,Newspapers,"['George, Jennie']",636359,The Australian (Online),Surry Hills,NSW,,https://www.proquest.com/docview/3226364592
unrelated,3226411134,"Trump's Spending Plans Target Huge Programs That Favored U.S. Industries. The Upshot For Chip Stocks, Energy And Construction.",2025-07-02,Newspapers,"['Norton, Kit']",7122126,Investor's Business Daily (Online),South Brunswick,NJ,,https://www.proquest.com/docview/3226411134
risk,3226429870,"Before we light up nuclear, let us get the basics right",2025-07-02,Newspapers,,2029750,Daily Nation,Camden,DE,,https://www.proquest.com/docview/3226429870
risk,3227462040,"IDEOLOGY, NOT FACTS, DRIVING ENERGY POLICY",2025-07-07,Newspapers,,42763,The Australian,Surry Hills,NSW,,https://www.proquest.com/docview/3227462040
worthwhile,3227476854,Silveira Signs Agreements with Chinese Giant to Promote Energy Transition and Mineral Sector Cooperation,2025-07-05,Newspapers,,2050693,Brazil Business News,NEW DELHI,,,https://www.proquest.com/docview/3227476854
risk,3227542501,Ideology trumps facts as our leaders run out of gas,2025-07-06,Newspapers,"['Mitchell, Chris']",636359,The Australian (Online),Surry Hills,NSW,,https://www.proquest.com/docview/3227542501
worthwhile,3227581595,Nuclear power boom has uranium surging,2025-07-08,Newspapers,"['Tran, Joanne']",2040384,The Australian Financial Review,Pyrmont,NSW,,https://www.proquest.com/docview/3227581595
unrelated,3228247855,REA scales up access to clean cooking energy,2025-07-09,Newspapers,,2043271,Daily News,New Delhi,,,https://www.proquest.com/docview/3228247855
unrelated,3228504275,European Union: Clarity to hydrogen sector with new EU methodology for low-carbon hydrogen and fuels,2025-07-10,Newspapers,,656306,Asia News Monitor,Bangkok,,,https://www.proquest.com/docview/3228504275
unrelated,3228716343,India's population can be an asset in the world's war against climate change,2025-07-10,Newspapers,,75999,Mint,New Delhi,,,https://www.proquest.com/docview/3228716343
worthwhile,3229135413,De-dollarisation and shifting safe havens,2025-07-09,Newspapers,,33677,The Business Times,News Centre,,,https://www.proquest.com/docview/3229135413
worthwhile,3229459553,S'pore nuclear safety research gets boost with new institute,2025-07-12,Newspapers,"['Begum, Shabana']",33108,The Straits Times,News Centre,,,https://www.proquest.com/docview/3229459553
worthwhile,3229676031,Tehan tees off at Labor over ‘renewables only’ push,2025-07-14,Newspapers,,42789,The Daily Telegraph,Surry Hills,NSW,,https://www.proquest.com/docview/3229676031
worthwhile,3229676636,Power down on gas search,2025-07-14,Newspapers,,42765,The Advertiser,Surry Hills,NSW,,https://www.proquest.com/docview/3229676636
worthwhile,3229943370,"Indonesia: Kadin suggests nuclear partnership with Canada, South Korea",2025-07-15,Newspapers,,656306,Asia News Monitor,Bangkok,,,https://www.proquest.com/docview/3229943370
worthwhile,3230042712,Koeberg Nuclear Power Station's Unit 1 return postponed: what it means for South Africa's energy,2025-07-15,Newspapers,,2029752,Weekend Argus,Camden,DE,,https://www.proquest.com/docview/3230042712
unrelated,3230138514,"CoreWeave's stock pops on data-center investment — and that's not the only big AI news today; As the Pennsylvania Energy and Innovation Summit kicks off, Google is making a $25 billion data-center commitment to the broader region",2025-07-15,Newspapers,"['Bary, Emily']",7077307,MarketWatch,South Brunswick,NJ,,https://www.proquest.com/docview/3230138514
worthwhile,3230138977,The Philippines' risky energy gamble,2025-07-15,Newspapers,,2032451,Business Mirror,,,,https://www.proquest.com/docview/3230138977
worthwhile,3230256265,Eskom says delayed return of Koeberg Unit 1 will not increase loadshedding,2025-07-16,Newspapers,"['Buthelezi, Siphesihle']",27299,Cape Times,Johannesburg,,,https://www.proquest.com/docview/3230256265
unrelated,3230294995,"Amazon CTO: The future is African, but let’s educate everyone on AI",2025-07-15,Newspapers,,2029768,The East African,Camden,DE,,https://www.proquest.com/docview/3230294995
unrelated,3230302805,Carney's extensive business ties pose 'new challenge'; Prime Minister has to Recuse himself from discussions Involving more than 100 Companies,2025-07-15,Newspapers,"['Nardi, Christopher']",45458,National Post,Toronto,Ontario,,https://www.proquest.com/docview/3230302805
unrelated,3230302821,PM's business ties pose 'challenge'; Carney has to recuse himself from discussions involving more than 100 companies,2025-07-15,Newspapers,"['Nardi, Christopher']",44878,The Ottawa Citizen,Toronto,Ontario,,https://www.proquest.com/docview/3230302821
unrelated,3230302915,PM's business ties pose 'challenge'; Carney has to recuse himself from discussions involving more than 100 companies,2025-07-15,Newspapers,"['Nardi, Christopher']",46778,The Windsor Star,Toronto,Ontario,,https://www.proquest.com/docview/3230302915
unrelated,3230303007,PM to recuse himself from dealings with more than 100 companies; Carney was previously the chairman of Brookfield Asset Management,2025-07-15,Newspapers,"['Nardi, Christopher']",44338,Kingston Whig - Standard,Toronto,Ontario,,https://www.proquest.com/docview/3230303007
unrelated,3230303026,PM's business ties pose 'challenge'; Carney has to recuse himself from discussions involving more than 100 companies,2025-07-15,Newspapers,"['Nardi, Christopher']",46779,Edmonton Journal,Toronto,Ontario,,https://www.proquest.com/docview/3230303026
unrelated,3230313631,PM's business ties pose 'challenge'; Carney has to recuse himself from discussions Involving more than 100 Companies,2025-07-15,Newspapers,"['Nardi, Christopher']",44893,Montreal Gazette,Toronto,Ontario,,https://www.proquest.com/docview/3230313631
unrelated,3230316249,PM's business ties pose 'challenge'; Carney has to recuse himself from discussions involving more than 100 companies,2025-07-15,Newspapers,"['Nardi, Christopher']",47083,Calgary Herald,Toronto,Ontario,,https://www.proquest.com/docview/3230316249
unrelated,3230316926,PM's business ties pose 'challenge'; Carney has to recuse himself from discussions involving more than 100 companies,2025-07-15,Newspapers,"['Nardi, Christopher']",44883,The Vancouver Sun,Toronto,Ontario,,https://www.proquest.com/docview/3230316926
unrelated,3230337125,PM to recuse himself from dealings with more than 100 companies; Carney was previously the chairman of Brookfield Asset Management,2025-07-15,Newspapers,"['Nardi, Christopher']",43415,Sudbury Star,Toronto,Ontario,,https://www.proquest.com/docview/3230337125
worthwhile,3230538163,'Floating power barge' could come to Humber,2025-07-16,Newspapers,"['Spence, Andrew']",25523,Hull Daily Mail,London,,,https://www.proquest.com/docview/3230538163
worthwhile,3230779761,Markets Cover Story: Power Sector Powering Your Portfolio Returns,2025-04-30,Newspapers,,4443755,Indian Economy & Market,NEW DELHI,,,https://www.proquest.com/docview/3230779761
unrelated,3230909284,India needs $1.5 trillion to meet 2030 climate and energy goals: Deloitte,2025-07-17,Newspapers,,75999,Mint,New Delhi,,,https://www.proquest.com/docview/3230909284
worthwhile,3231093445,Miliband urged to rethink energy policy to cut transmission charges for Scottish renewables,2025-07-18,Newspapers,,45319,The Herald,Mc Lean,VA,,https://www.proquest.com/docview/3231093445
risk,3231312929,Once upon a time in energy transition,2025-07-19,Newspapers,,42764,Weekend Australian,Surry Hills,NSW,,https://www.proquest.com/docview/3231312929
risk,3231520130,Why Starmer’s nuclear power push raises cancer fears,2025-07-19,Newspapers,"['Knapton, Sarah']",1986348,Telegraph.co.uk,London,,,https://www.proquest.com/docview/3231520130
worthwhile,3231540517,Converting idle thermal plants into nuclear plants: A strategic leap towards a clean energy future in Zim,2025-07-20,Newspapers,,2029773,The Standard,Camden,DE,,https://www.proquest.com/docview/3231540517
risk,3231568926,Why Starmer's push for nuclear power raises fears of cancer risk,2025-07-20,Newspapers,,32356,The Sunday Telegraph,Tonbridge,,,https://www.proquest.com/docview/3231568926
risk,3231575389,Why Starmer's push for nuclear power raises fears of cancer risk,2025-07-20,Newspapers,,32356,The Sunday Telegraph,Tonbridge,,,https://www.proquest.com/docview/3231575389
risk,3231729173,MD struggles to meet its ambitious climate goals,2025-07-15,Newspapers,,46169,The Daily Record,Minneapolis,MN,,https://www.proquest.com/docview/3231729173
worthwhile,3231986212,X-energy makes advancements in U.S. nuclear fuel production,2025-07-16,Newspapers,,2031856,Finance and Commerce,Minneapolis,MN,,https://www.proquest.com/docview/3231986212
worthwhile,3232138143,Want your portfolio to grow this year? Follow this rule,2025-07-23,Newspapers,"['Leung, Billy']",43154,The Age,Sydney,New South Wales,,https://www.proquest.com/docview/3232138143
worthwhile,3232138205,Want your portfolio to grow this year? Follow this rule,2025-07-23,Newspapers,"['Leung, Billy']",44841,Sydney Morning Herald,Sydney,New South Wales,,https://www.proquest.com/docview/3232138205
risk,3232181699,The U.S. Aims To Be An AI Data Center Powerhouse. Trump And Big Tech See This State As The Epicenter.,2025-07-22,Newspapers,"['Norton, Kit']",7122126,Investor's Business Daily (Online),South Brunswick,NJ,,https://www.proquest.com/docview/3232181699
risk,3232269591,Caisse invests up to $3.2-billion in new nuclear energy project in England,2025-07-23,Newspapers,"['Patterson, Dayne']",46323,The Globe and Mail,Toronto,Ontario,,https://www.proquest.com/docview/3232269591
risk,3232483663,"Sizewell C could cost extra £10bn, Labour admits day after approval",2025-07-23,Newspapers,"['Leake, Jonathan']",1986348,Telegraph.co.uk,London,,,https://www.proquest.com/docview/3232483663
worthwhile,3232492514,United Kingdom: Sizewell C gets green light with final investment decision,2025-07-24,Newspapers,,656306,Asia News Monitor,Bangkok,,,https://www.proquest.com/docview/3232492514
unrelated,3232492651,European Union: EU-Japan Summit 2025,2025-07-24,Newspapers,,656306,Asia News Monitor,Bangkok,,,https://www.proquest.com/docview/3232492651
unrelated,3232533739,Create more space for solar power,2025-07-24,Newspapers,,105397,Financial Express,NEW DELHI,,,https://www.proquest.com/docview/3232533739
unrelated,3233319429,India/United Kingdom: INDIA-UK VISION 2035,2025-07-28,Newspapers,,656306,Asia News Monitor,Bangkok,,,https://www.proquest.com/docview/3233319429
worthwhile,3233325027,India partners with CIS Nations for clean energy and security,2025-07-26,Newspapers,,75994,The Pioneer,New Delhi,,,https://www.proquest.com/docview/3233325027
worthwhile,3233373523,Caisse invests $3.2b in U.K Nuclear facility; Energy Financing structure offers potential model for Canadian projects,2025-07-25,Newspapers,"['Shecter, Barbara']",45458,National Post,Toronto,Ontario,,https://www.proquest.com/docview/3233373523
unrelated,3233377306,Germany is currently undergoing a revaluation,2025-07-26,Newspapers,"['Gersemann, Olaf', 'Seyffarth, Moritz']",54211,Welt am Sonntag,Berlin,,,https://www.proquest.com/docview/3233377306
worthwhile,3233465991,"AI Data Center Plays, DoorDash Lead Five Stocks Near Buy Points",2025-07-26,Newspapers,"['Arancibia, Juan Carlos']",7122126,Investor's Business Daily (Online),South Brunswick,NJ,,https://www.proquest.com/docview/3233465991
worthwhile,3233599235,British Gas owner mulls mini-nuke division,2025-07-27,Newspapers,,32356,The Sunday Telegraph,Tonbridge,,,https://www.proquest.com/docview/3233599235
worthwhile,3233651428,British Gas owner mulls mini-nuke challenge to Rolls-Royce,2025-07-27,Newspapers,"['Barr, Luke']",1986348,Telegraph.co.uk,London,,,https://www.proquest.com/docview/3233651428
worthwhile,3233835032,Can’t keep the nuclear option closed forever,2025-07-28,Newspapers,,42789,The Daily Telegraph,Surry Hills,NSW,,https://www.proquest.com/docview/3233835032
worthwhile,3233912076,"Green dreams, broken promises: Can’t keep the nuclear option closed forever",2025-07-27,Newspapers,"['Talacko, Christina']",636369,The Daily Telegraph (Online),Surry Hills,NSW,,https://www.proquest.com/docview/3233912076
unrelated,3233920479,Not feasible for S'pore to avoid net-zero emissions: Tan See Leng,2025-07-28,Newspapers,"['Chin, Hui Shan']",33108,The Straits Times,News Centre,,,https://www.proquest.com/docview/3233920479
worthwhile,3234060310,Can’t keep the nuclear option closed forever,2025-07-29,Newspapers,,75791,The Northern Territory News,Surry Hills,NSW,,https://www.proquest.com/docview/3234060310
worthwhile,3234061465,Can’t keep the nuclear option closed forever,2025-07-29,Newspapers,,43521,The Gold Coast Bulletin,Surry Hills,NSW,,https://www.proquest.com/docview/3234061465
risk,3234077729,"Joyce, McCormack unite in push to scrap net zero climate targets",2025-07-28,Newspapers,"['Fowler, Conor']",4864705,The Weekly Times (Online),Surry Hills,NSW,,https://www.proquest.com/docview/3234077729
worthwhile,3234186198,The nuclear investment thesis: India's atomic energy expansion story,2025-07-29,Newspapers,"['Basumallick, Abhishek']",29263,The Economic Times,New Delhi,,,https://www.proquest.com/docview/3234186198
risk,3234204115,Labor risks 'buying failure' with subsidies,2025-07-30,Newspapers,"['Cropp, Ryan', 'Macdonald-Smith, Angela']",2040384,The Australian Financial Review,Pyrmont,NSW,,https://www.proquest.com/docview/3234204115
unrelated,3234407538,Rejecting net zero will condemn Libs to electoral oblivion,2025-07-30,Newspapers,,42763,The Australian,Surry Hills,NSW,,https://www.proquest.com/docview/3234407538
unrelated,3234698037,Rejecting net zero will condemn Liberals to electoral oblivion,2025-07-29,Newspapers,"['Kelly, Paul']",636359,The Australian (Online),Surry Hills,NSW,,https://www.proquest.com/docview/3234698037
risk,3234716666,What Japan Can Teach Us About Energy Security,2025-07-30,Newspapers,"['Cahill, Ben']",2048938,Barron's (Online),South Brunswick,NJ,,https://www.proquest.com/docview/3234716666
risk,3234731624,Nuclear power start-up pulls out of Britain as Miliband drags feet,2025-07-30,Newspapers,"['Oliver, Matt']",1986348,Telegraph.co.uk,London,,,https://www.proquest.com/docview/3234731624
worthwhile,3234740211,Ramokgopa urges global shift from pledges to execution for Just Energy Transition,2025-07-31,Newspapers,"['Ginindza, Banele']",39814,The Mercury,Johannesburg,,,https://www.proquest.com/docview/3234740211
worthwhile,3234740306,Ramokgopa urges global shift from pledges to execution for Just Energy Transition,2025-07-31,Newspapers,"['Ginindza, Banele']",39818,The Star,Johannesburg,,,https://www.proquest.com/docview/3234740306
worthwhile,3234740321,Ramokgopa urges global shift from pledges to execution for Just Energy Transition,2025-07-31,Newspapers,"['Ginindza, Banele']",27299,Cape Times,Johannesburg,,,https://www.proquest.com/docview/3234740321
worthwhile,3234747906,"Energy orthodoxy meets realpolitik in Europe, but will our region wake up to reality?",2025-07-31,Newspapers,,42763,The Australian,Surry Hills,NSW,,https://www.proquest.com/docview/3234747906
worthwhile,3234748776,"Energy orthodoxy meets realpolitik in Europe, but will our region wake up to reality?",2025-07-31,Newspapers,,42763,The Australian,Surry Hills,NSW,,https://www.proquest.com/docview/3234748776
worthwhile,3234773466,Mugged by reality: energy orthodoxy meets realpolitik,2025-07-30,Newspapers,"['Hartwich, Oliver']",636359,The Australian (Online),Surry Hills,NSW,,https://www.proquest.com/docview/3234773466
risk,3234775687,Nuclear startup pulls out of UK as Miliband drags feet,2025-07-31,Newspapers,,33554,The Daily Telegraph,Tonbridge,,,https://www.proquest.com/docview/3234775687
worthwhile,3234994548,Nano Nuclear Energy Surged On Soaring AI Power Demand. But Can The Nuclear Power Play Plug Into Profitability?,2025-07-31,Newspapers,"['Garcia, Alexis']",7122126,Investor's Business Daily (Online),South Brunswick,NJ,,https://www.proquest.com/docview/3234994548
risk,3235534620,Nuclear option,2025-08-02,Newspapers,"['Schlesinger, Joel']",44543,Winnipeg Free Press,Winnipeg,Manitoba,,https://www.proquest.com/docview/3235534620
worthwhile,3235722562,Enough doom-mongering about climate change,2025-08-02,Newspapers,"['Ough, Tom']",1986348,Telegraph.co.uk,London,,,https://www.proquest.com/docview/3235722562
risk,3236098322,Atomic hype: Nuclear energy is a story of more frisson than fission,2025-08-04,Newspapers,,75999,Mint,New Delhi,,,https://www.proquest.com/docview/3236098322
risk,3236115783,Consumers and businesses facing high-cost net zero future amid a new carbon price push,2025-08-03,Newspapers,"['Chambers, Geoff']",636359,The Australian (Online),Surry Hills,NSW,,https://www.proquest.com/docview/3236115783
worthwhile,3236128431,Economic reality bites the net zero faithful,2025-08-02,Newspapers,,42764,Weekend Australian,Surry Hills,NSW,,https://www.proquest.com/docview/3236128431
risk,3236128601,"Higher costs for a net-zero future: PM, Bowen handed climate warrior’s dream shopping list",2025-08-04,Newspapers,,42763,The Australian,Surry Hills,NSW,,https://www.proquest.com/docview/3236128601
worthwhile,3236128756,Economic reality bites the net zero faithful,2025-08-02,Newspapers,,42764,Weekend Australian,Surry Hills,NSW,,https://www.proquest.com/docview/3236128756
worthwhile,3236128902,Economic reality bites the net zero faithful,2025-08-02,Newspapers,,42764,Weekend Australian,Surry Hills,NSW,,https://www.proquest.com/docview/3236128902
risk,3236130150,"Higher costs for a net-zero future: PM, Bowen handed climate warrior’s dream shopping list",2025-08-04,Newspapers,,42763,The Australian,Surry Hills,NSW,,https://www.proquest.com/docview/3236130150
worthwhile,3236139394,Economic reality bites the net zero faithful,2025-08-02,Newspapers,,42764,Weekend Australian,Surry Hills,NSW,,https://www.proquest.com/docview/3236139394
worthwhile,3236155841,"‘We’re in talks with states for nuclear sites, will bid for discoms’: Tata Power CEO &amp; MD",2025-08-04,Newspapers,,105397,Financial Express,NEW DELHI,,,https://www.proquest.com/docview/3236155841
risk,3236626008,"Renewables zone originally costing $650m, now $5.5b",2025-08-06,Newspapers,"['Macdonald-Smith, Angela']",2040384,The Australian Financial Review,Pyrmont,NSW,,https://www.proquest.com/docview/3236626008
worthwhile,3236716495,Small Modular Reactors: A strategic opportunity for South Africa’s energy future,2025-08-06,Newspapers,,27299,Cape Times,Johannesburg,,,https://www.proquest.com/docview/3236716495
worthwhile,3236716609,Small Modular Reactors: A strategic opportunity for South Africa’s energy future,2025-08-06,Newspapers,,39814,The Mercury,Johannesburg,,,https://www.proquest.com/docview/3236716609
worthwhile,3236716936,Small Modular Reactors: A strategic opportunity for South Africa’s energy future,2025-08-06,Newspapers,,39818,The Star,Johannesburg,,,https://www.proquest.com/docview/3236716936
worthwhile,3236853388,"DPDzero, Gladful, Hylenr, Cautio, CodeKarma raise early-stage funding",2025-08-06,Newspapers,,5316524,VCCiRCLE,New Delhi,,,https://www.proquest.com/docview/3236853388
unrelated,3236914972,Singapore at 60 -- a sustainability journey and the way forward,2025-08-06,Newspapers,,33677,The Business Times,News Centre,,,https://www.proquest.com/docview/3236914972
risk,3236919782,Letters,2025-08-06,Newspapers,,44892,Toronto Star,Toronto,Ontario,,https://www.proquest.com/docview/3236919782
worthwhile,3236949110,"DPDzero, Gladful, Hylenr, Cautio, CodeKarma, others raise early-stage funding",2025-08-06,Newspapers,,5316524,VCCiRCLE,New Delhi,,,https://www.proquest.com/docview/3236949110
worthwhile,3237067214,"From railways to renewables, this PSU is quietly powering India's clean-energy dream",2025-08-07,Newspapers,,75999,Mint,New Delhi,,,https://www.proquest.com/docview/3237067214
risk,3237205671,"China's green paradox: Cleaner at home, digging dirt abroad",2025-08-07,Newspapers,"['Tan, Dawn Wei']",33108,The Straits Times,News Centre,,,https://www.proquest.com/docview/3237205671
worthwhile,3237367795,Brookfield wants boring slice of the $10trn AI boom,2025-08-08,Newspapers,"['Thomson, James']",2040384,The Australian Financial Review,Pyrmont,NSW,,https://www.proquest.com/docview/3237367795
worthwhile,3238241732,"SOLO nuclear reactor promises fast, clean energy for Middle East",2025-08-11,Newspapers,,50677,Oil & Gas News,Camden,DE,,https://www.proquest.com/docview/3238241732
worthwhile,3238293708,Breaking free from fossil dependency,2025-08-12,Newspapers,"['Ji-soo, Kim']",2046300,The Korea Times,Seoul,,,https://www.proquest.com/docview/3238293708
worthwhile,3238723867,United Kingdom: Taskforce to tackle regulatory barriers holding back nuclear,2025-08-13,Newspapers,,656306,Asia News Monitor,Bangkok,,,https://www.proquest.com/docview/3238723867
unrelated,3238988486,Singapore at 60 -- a sustainability journey and the way forward,2025-08-13,Newspapers,,33108,The Straits Times,News Centre,,,https://www.proquest.com/docview/3238988486
risk,3239604042,Mounting stranded assets expose a new Achilles heel of BPDB,2025-08-15,Newspapers,,3930058,United News of Bangladesh,New Delhi,,,https://www.proquest.com/docview/3239604042
unrelated,3240411116,Reeves failed to raise closure of Grangemouth with Ineos boss [Scot Region],2025-08-18,Newspapers,"['Gordon, Tom']",46329,Daily Mail,London,,,https://www.proquest.com/docview/3240411116
risk,3240462726,Google Signs Nuclear Power Deal. What It Means for the Stocks.,2025-08-18,Newspapers,"['Clark, Adam', 'Salzman, Avi']",2048938,Barron's (Online),South Brunswick,NJ,,https://www.proquest.com/docview/3240462726
worthwhile,3240498835,India: Atmanirbhar Bharat: The Foundation of a Strong and Developed India,2025-08-19,Newspapers,,656306,Asia News Monitor,Bangkok,,,https://www.proquest.com/docview/3240498835
worthwhile,3240500719,India: Atmanirbhar Bharat - The Foundation of a Strong and Developed India,2025-08-19,Newspapers,,656306,Asia News Monitor,Bangkok,,,https://www.proquest.com/docview/3240500719
unrelated,3240500906,India: Highlights from the Prime Minister Shri Narendra Modi's address on the 79th Independence Day,2025-08-19,Newspapers,,656306,Asia News Monitor,Bangkok,,,https://www.proquest.com/docview/3240500906
unrelated,3240519739,PM Modi’s August 15 charter isn’t about headlines — it’s for India of 2047,2025-08-19,Newspapers,,55068,Indian Express,NEW DELHI,,,https://www.proquest.com/docview/3240519739
worthwhile,3241066893,Modi’s Brahmastra of reforms for a Viksit Bharat,2025-08-20,Newspapers,,3882661,The Sentinel,NEW DELHI,,,https://www.proquest.com/docview/3241066893
worthwhile,3241206446,"Yes, AI is power-hungry. But there’s more to surging electricity prices.",2025-08-20,Newspapers,"['Babcock, Caitlin']",17099,The Christian Science Monitor,Boston,MA,,https://www.proquest.com/docview/3241206446
risk,3241381753,"Farmers under net zero siege, ‘Climategate’ still to come: Rinehart",2025-08-21,Newspapers,,42763,The Australian,Surry Hills,NSW,,https://www.proquest.com/docview/3241381753
risk,3241542959,"2025 Bush Summit: Farmers under net zero siege, ‘Climategate’ still to come, says Gina Rinehart",2025-08-20,Newspapers,"['Thompson, Brad']",636359,The Australian (Online),Surry Hills,NSW,,https://www.proquest.com/docview/3241542959
worthwhile,3241714364,Canada: Joint statement: Toward a strategic partnership between Canada and Sweden,2025-08-25,Newspapers,,656306,Asia News Monitor,Bangkok,,,https://www.proquest.com/docview/3241714364
risk,3242554898,"Grain Belt Express sparks high emotions Power Chicago businessman, politicians and farmers in power line dispute",2025-08-24,Newspapers,"['Lippert, John']",46852,Chicago Tribune,Chicago,IL,,https://www.proquest.com/docview/3242554898
risk,3242556052,"Grain Belt Express sparks high emotions Power Chicago businessman, politicians and farmers in power line dispute",2025-08-24,Newspapers,"['Lippert, John']",46852,Chicago Tribune,Chicago,IL,,https://www.proquest.com/docview/3242556052
risk,3242556062,"Grain Belt Express sparks high emotions Power Power Chicago businessman, politicians and farmers in power line dispute",2025-08-24,Newspapers,"['Lippert, John']",46852,Chicago Tribune,Chicago,IL,,https://www.proquest.com/docview/3242556062
risk,3242556069,"Grain Belt Express sparks high emotions Power Chicago businessman, politicians and farmers in power line dispute",2025-08-24,Newspapers,"['Lippert, John']",46852,Chicago Tribune,Chicago,IL,,https://www.proquest.com/docview/3242556069
risk,3242556107,"Grain Belt Express sparks high emotions Power Chicago businessman, politicians and farmers in power line dispute",2025-08-24,Newspapers,"['Lippert, John']",46852,Chicago Tribune,Chicago,IL,,https://www.proquest.com/docview/3242556107
risk,3242556124,"Grain Belt Express sparks high emotions Power Power Chicago businessman, politicians and farmers in power line dispute",2025-08-24,Newspapers,"['Lippert, John']",46852,Chicago Tribune,Chicago,IL,,https://www.proquest.com/docview/3242556124
worthwhile,3243199878,Korea’s Green New Deal: Security through transition,2025-08-26,Newspapers,"['Ji-soo, Kim']",2046300,The Korea Times,Seoul,,,https://www.proquest.com/docview/3243199878
unrelated,3243200068,Hyundai Motor expands investment commitment to US to $ 26 billion,2025-08-26,Newspapers,,2029686,IANS English,Noida,,,https://www.proquest.com/docview/3243200068
risk,3244414603,"Renewable energy may be the future, but its stocks are full of hot air",2025-08-28,Newspapers,,75999,Mint,New Delhi,,,https://www.proquest.com/docview/3244414603
worthwhile,3244965868,"In an unstable world, energy sovereignty is the new oil",2025-08-30,Newspapers,,866348,The Hindu,Chennai,Tamil Nadu,,https://www.proquest.com/docview/3244965868
worthwhile,3244969486,Blinded by science as Donald Trump’s economic policy leads to chaos,2025-08-30,Newspapers,,45319,The Herald,Mc Lean,VA,,https://www.proquest.com/docview/3244969486
risk,3245298221,Real roundtable came up with real solutions,2025-09-01,Newspapers,,42785,The Courier - Mail,Surry Hills,NSW,,https://www.proquest.com/docview/3245298221
risk,3245402564,"Opinion: Sorry Jim, this is how you do a REAL productivity summit",2025-08-31,Newspapers,"['Canavan, Matt']",636370,The Courier - Mail (Online),Surry Hills,NSW,,https://www.proquest.com/docview/3245402564
unrelated,3245444312,The President of Uzbekistan outlined the priorities for deepening multilateral cooperation within the SCO,2025-09-01,Newspapers,,646303,Uzbekistan National News Agency (UzA),Camden,DE,,https://www.proquest.com/docview/3245444312
unrelated,3245445356,Address by the President of the Republic of Uzbekistan Shavkat Mirziyoyev at the meeting of the Council of Heads of the Member States of the Shanghai Cooperation Organization,2025-09-01,Newspapers,,646303,Uzbekistan National News Agency (UzA),Camden,DE,,https://www.proquest.com/docview/3245445356
worthwhile,3245459910,Cormann: move on from row on net zero,2025-09-02,Newspapers,,42763,The Australian,Surry Hills,NSW,,https://www.proquest.com/docview/3245459910
worthwhile,3245582479,Mathias Cormann weighs in on Liberals 2050 climate split,2025-09-01,Newspapers,"['Hannan, Ewin', 'Ferguson, Richard']",636359,The Australian (Online),Surry Hills,NSW,,https://www.proquest.com/docview/3245582479
worthwhile,3245682402,Ageing UK nuclear plants to run longer: operators,2025-09-02,Newspapers,,2026746,The Peninsula,Camden,DE,,https://www.proquest.com/docview/3245682402
unrelated,3245741913,Advancing toward a fairer world order,2025-09-03,Newspapers,"['Zhou, Jin']",2030588,China Daily,BEIJING,,,https://www.proquest.com/docview/3245741913
unrelated,3245742035,Advancing toward a fairer world order,2025-09-03,Newspapers,"['Zhou, Jin']",2030555,China Daily,BEIJING,,,https://www.proquest.com/docview/3245742035
unrelated,3245793307,National Rally has a plan to prevent France from bankrupting itself,2025-09-03,Newspapers,,33554,The Daily Telegraph,Tonbridge,,,https://www.proquest.com/docview/3245793307
unrelated,3246297077,This is Marine Le Pen’s plan to stop France bankrupting itself,2025-09-03,Newspapers,,1986348,Telegraph.co.uk,London,,,https://www.proquest.com/docview/3246297077
unrelated,3246436507,'Our confidence in India backed by proven track record': Singapore PM Lawrence Wong,2025-09-04,Newspapers,,29618,The Hindustan Times,New Delhi,,,https://www.proquest.com/docview/3246436507
unrelated,3246511680,Business plea for show of bipartisan climate policy,2025-09-05,Newspapers,"['Sakkal, Paul', 'O'Malley, Nick']",43154,The Age,Sydney,New South Wales,,https://www.proquest.com/docview/3246511680
unrelated,3246516873,$500b risk for Labor on climate vow: businesses,2025-09-05,Newspapers,"['Sakkal, Paul', 'O'Malley, Nick']",44841,Sydney Morning Herald,Sydney,New South Wales,,https://www.proquest.com/docview/3246516873
risk,3247276885,"As India readies legal tweaks to open up nuclear sector, foreign vendors flag quality upgrade gaps in domestic&#xa0;supplier&#xa0;base",2025-09-06,Newspapers,,55068,Indian Express,NEW DELHI,,,https://www.proquest.com/docview/3247276885
worthwhile,3247571463,Vietnam: Power play as Vietnam charges up for energy future,2025-09-08,Newspapers,,656306,Asia News Monitor,Bangkok,,,https://www.proquest.com/docview/3247571463
risk,3248725161,Bold vision meets brutal reality - can Malaysia bridge the gap in RMK13? - Ahmad Ibrahim,2025-09-11,Newspapers,,27292,Malay Mail,New Delhi,,,https://www.proquest.com/docview/3248725161
risk,3248729748,Canada's LNG ambitions ramp up; Will they rattle U.S. as policies diverge?,2025-09-10,Newspapers,"['Moran, Tracy']",25399,Star - Phoenix,Toronto,Ontario,,https://www.proquest.com/docview/3248729748
risk,3248739534,Canada's LNG ambitions ramp up; Will they rattle U.S. as policies diverge?,2025-09-10,Newspapers,"['Moran, Tracy']",27469,Leader Post,Toronto,Ontario,,https://www.proquest.com/docview/3248739534
worthwhile,3248754493,Inside nuclear startup Terra Innovatum's plan to cash in on the SPAC comeback,2025-09-11,Newspapers,"['Kanetkar, Riddhi']",4682318,Business Insider,New York,NY,,https://www.proquest.com/docview/3248754493
worthwhile,3248796648,"US trip confirms Wannon MP Dan Tehan's nuclear beliefs, but who paid for it?",2025-09-12,Newspapers,"['Baker, Sophia']",636461,The Standard,Canberra ACT,,,https://www.proquest.com/docview/3248796648
worthwhile,3248802022,US trip confirms Tehan's belief that nuclear ban must be lifted,2025-09-12,Newspapers,"['Baker, Sophia']",636461,The Standard,Canberra ACT,,,https://www.proquest.com/docview/3248802022
risk,3249090361,Could Canadian LNG ambitions put Washington on edge?,2025-09-09,Newspapers,"['Moran, Tracy']",44338,Kingston Whig - Standard,Toronto,Ontario,,https://www.proquest.com/docview/3249090361
risk,3249137335,"India's energy transition lags amid land, funding and regulatory hurdles",2025-09-10,Newspapers,,75999,Mint,New Delhi,,,https://www.proquest.com/docview/3249137335
risk,3249145980,U.S. Could derail our LNG ambitions; White House wary of drain on investment,2025-09-09,Newspapers,"['Moran, Tracy']",45458,National Post,Toronto,Ontario,,https://www.proquest.com/docview/3249145980
risk,3249148972,Could canadian lng ambitions put washington on edge?,2025-09-09,Newspapers,"['Moran, Tracy']",43415,Sudbury Star,Toronto,Ontario,,https://www.proquest.com/docview/3249148972
risk,3249463121,Don't follow Spain's mistakes on renewables,2025-09-11,Newspapers,"['Mueller, Tom']",40381,Telegraph-Journal,Toronto,Ontario,,https://www.proquest.com/docview/3249463121
worthwhile,3249500796,"Pact with European Free Trade Association: The global stage, on our terms",2025-09-10,Newspapers,,55068,Indian Express,NEW DELHI,,,https://www.proquest.com/docview/3249500796
worthwhile,3250063350,The nuclear powerhouses,2025-09-13,Newspapers,"['Ashworth, Anne']",46329,Daily Mail,London,,,https://www.proquest.com/docview/3250063350
worthwhile,3250065652,The nuclear powerhouses,2025-09-13,Newspapers,"['Ashworth, Anne']",46329,Daily Mail,London,,,https://www.proquest.com/docview/3250065652
worthwhile,3250261482,Time to break away from all the binary thinking on green energy transition,2025-09-15,Newspapers,"['Smith, Fl-mark']",45319,The Herald,Mc Lean,VA,,https://www.proquest.com/docview/3250261482
risk,3250309898,Clean Energy Investment Faces Half-Trillion Dollar Hit,2025-09-12,Newspapers,,2040502,Yerepouni Daily News,Camden,DE,,https://www.proquest.com/docview/3250309898
risk,3250310005,America’s Grid is Nearing Its Breaking Point,2025-09-12,Newspapers,,2040502,Yerepouni Daily News,Camden,DE,,https://www.proquest.com/docview/3250310005
risk,3250344362,Scotland ‘missing out on thousands of jobs’ after SNP ban on nuclear plants,2025-09-15,Newspapers,"['Johnson, Simon']",1986348,Telegraph.co.uk,London,,,https://www.proquest.com/docview/3250344362
worthwhile,3250455950,Region can lead a global nuclear renaissance,2025-09-16,Newspapers,"['Caborn, Richard']",27174,The Yorkshire Post,Tunbridge Wells,,,https://www.proquest.com/docview/3250455950
risk,3250589958,This is how electricity prices can come down,2025-09-16,Newspapers,,27283,Irish Times,Dublin,,,https://www.proquest.com/docview/3250589958
risk,3251261957,Feel the heat of a nuclear switch,2025-09-17,Newspapers,"['Evans, Amanda']",26401,The Daily Mirror,London,,,https://www.proquest.com/docview/3251261957
risk,3251265107,Feel the heat of a nuclear switch [Ulster Region],2025-09-17,Newspapers,"['Evans, Amanda']",26401,The Daily Mirror,London,,,https://www.proquest.com/docview/3251265107
worthwhile,3251288389,Blackout warning with no nuclear back-up [Scot Region],2025-09-17,Newspapers,"['Walker, David']",2030454,Daily Express,London,,,https://www.proquest.com/docview/3251288389
worthwhile,3251894129,"What a big, beautiful week for Brexit Britain",2025-09-19,Newspapers,,33554,The Daily Telegraph,Tonbridge,,,https://www.proquest.com/docview/3251894129
risk,3252061419,Balancing Growth and Sustainability: How Data Centers Can Navigate the Energy Demands of the AI Era,2025-09-19,Newspapers,,55068,Indian Express,NEW DELHI,,,https://www.proquest.com/docview/3252061419
unrelated,3252073868,"Singapore to review public housing income ceiling, study options for singles, seniors, large families",2025-09-19,Newspapers,"['Lim, Jessie']",33677,The Business Times,News Centre,,,https://www.proquest.com/docview/3252073868
worthwhile,3252075246,"Trump’s big, beautiful tech pact is a watershed moment for Brexit Britain",2025-09-19,Newspapers,"['Evans-Pritchard, Ambrose']",1986348,Telegraph.co.uk,London,,,https://www.proquest.com/docview/3252075246
worthwhile,3252279882,United Kingdom: Record-breaking �150bn investment unveiled during US State Visit,2025-09-22,Newspapers,,656306,Asia News Monitor,Bangkok,,,https://www.proquest.com/docview/3252279882
unrelated,3252280757,Canada: The Honourable Tim Hodgson From the Prairies to the World: Making Canada an Energy Superpower Winnipeg Chamber of Commerce,2025-09-22,Newspapers,,656306,Asia News Monitor,Bangkok,,,https://www.proquest.com/docview/3252280757
worthwhile,3252286341,SNP rule bars new reactors at Hunterston and Torness,2025-09-20,Newspapers,"['Quinn, Andrew']",46325,The Scotsman,Edinburgh,,,https://www.proquest.com/docview/3252286341
risk,3252446658,Power up with data centres,2025-09-20,Newspapers,"['Ashworth, Anne']",46329,Daily Mail,London,,,https://www.proquest.com/docview/3252446658
risk,3252448077,"If Starmer really wants Britain to succeed, he needs to give up his obsession with the EU and fire Ed Miliband...",2025-09-20,Newspapers,"['Neil, Andrew']",46329,Daily Mail,London,,,https://www.proquest.com/docview/3252448077
risk,3252452401,Power up with data centres,2025-09-20,Newspapers,"['Ashworth, Anne']",46329,Daily Mail,London,,,https://www.proquest.com/docview/3252452401
risk,3252452559,"If Starmer really wants Britain to succeed, he needs to give up his obsession with the EU and fire Ed Miliband...",2025-09-20,Newspapers,"['Neil, Andrew']",46329,Daily Mail,London,,,https://www.proquest.com/docview/3252452559
risk,3252707512,Ireland and the world must improve their handling of megaprojects,2025-09-22,Newspapers,,27283,Irish Times,Dublin,,,https://www.proquest.com/docview/3252707512
worthwhile,3252860065,US and UK sign cooperation agreements on nuclear power,2025-09-22,Newspapers,,38562,TradeArabia,Camden,DE,,https://www.proquest.com/docview/3252860065
risk,3253013457,Miliband poised to overrule Nimbys to build nuclear waste dumps,2025-09-22,Newspapers,"['Oliver, Matt']",1986348,Telegraph.co.uk,London,,,https://www.proquest.com/docview/3253013457
worthwhile,3253196865,SNP ban on nuclear plants gifts vital jobs to England,2025-09-23,Newspapers,,45319,The Herald,Mc Lean,VA,,https://www.proquest.com/docview/3253196865
unrelated,3253271803,"Long-term planning, political will needed to tackle climate change here: Zaqy",2025-09-23,Newspapers,"['Chin, Hui Shan']",33108,The Straits Times,News Centre,,,https://www.proquest.com/docview/3253271803
risk,3253512076,IPR Gandhinagar proposes roadmap for India’s fusion power plans,2025-09-24,Newspapers,,866348,The Hindu,Chennai,Tamil Nadu,,https://www.proquest.com/docview/3253512076
worthwhile,3253886436,Nuclear ‘should be on the table’ for net zero,2025-09-25,Newspapers,,42763,The Australian,Surry Hills,NSW,,https://www.proquest.com/docview/3253886436
worthwhile,3253948075,Nuclear ‘should be on the table’ for net zero,2025-09-24,Newspapers,"['Cranston, Matthew']",636359,The Australian (Online),Surry Hills,NSW,,https://www.proquest.com/docview/3253948075
unrelated,3254374341,"Loans are not the answer, climate pledges must be honoured",2025-09-26,Newspapers,,55189,The Financial Daily,,,,https://www.proquest.com/docview/3254374341
worthwhile,3254699630,Letters to the Editor,2025-09-27,Newspapers,,42764,Weekend Australian,Surry Hills,NSW,,https://www.proquest.com/docview/3254699630
unrelated,3254823682,To our youths: A note on the future Asean,2025-09-27,Newspapers,,27292,Malay Mail,New Delhi,,,https://www.proquest.com/docview/3254823682
unrelated,3254887095,To our youths: A note on the future Asean,2025-09-27,Newspapers,,4371404,Malay Mail Online,,,,https://www.proquest.com/docview/3254887095
worthwhile,3255121426,Capital raises show two paths for energy,2025-09-29,Newspapers,"['Shapiro, Jonathan']",2040384,The Australian Financial Review,Pyrmont,NSW,,https://www.proquest.com/docview/3255121426
unrelated,3255183647,TO OUR YOUTHS: NOTE ON ASEAN’S FUTURE,2025-09-27,Newspapers,,34367,New Straits Times,Kuala Lumpur,,,https://www.proquest.com/docview/3255183647
worthwhile,3255244545,Siaya bets big on Sh500bn nuclear plant as Orengo defends project,2025-09-29,Newspapers,,2029750,Daily Nation,Camden,DE,,https://www.proquest.com/docview/3255244545
unrelated,3255441611,REVEALED: The 150 Most Influential Arabs,2025-09-29,Newspapers,,39150,Arabianbusiness.com,Camden,DE,,https://www.proquest.com/docview/3255441611
worthwhile,3255441989,"India, France share commitment to rules-based world order: Top French diplomat",2025-09-29,Newspapers,,29618,The Hindustan Times,New Delhi,,,https://www.proquest.com/docview/3255441989
unrelated,3255512555,"Droughts, flooding rains and a solar panel eclipse",2025-09-30,Newspapers,,42763,The Australian,Surry Hills,NSW,,https://www.proquest.com/docview/3255512555
unrelated,3255512569,"Droughts, flooding rains and a solar panel eclipse",2025-09-30,Newspapers,,42763,The Australian,Surry Hills,NSW,,https://www.proquest.com/docview/3255512569
worthwhile,3255572123,Why Your Electric Bill Keeps Rising,2025-09-30,Newspapers,"['Loyola, Mario']",10482,Wall Street Journal,South Brunswick,NJ,,https://www.proquest.com/docview/3255572123
unrelated,3255635317,Revealed: the stunning scale of the renewables rollout,2025-09-29,Newspapers,"['Denholm, Matthew']",636359,The Australian (Online),Surry Hills,NSW,,https://www.proquest.com/docview/3255635317
worthwhile,3255808369,"Vietnam: Vietnam ensures funding and investment sources grow in safe, healthy, effective manner: PM",2025-10-01,Newspapers,,656306,Asia News Monitor,Bangkok,,,https://www.proquest.com/docview/3255808369
worthwhile,3256067853,10 sustainability ideas that can change the world,2025-09-30,Newspapers,,38562,TradeArabia,Camden,DE,,https://www.proquest.com/docview/3256067853
risk,3256147925,Follow the money: plot to sabotage nation’s wealth,2025-10-02,Newspapers,,42763,The Australian,Surry Hills,NSW,,https://www.proquest.com/docview/3256147925
risk,3256377716,Follow the money: plot to sabotage nation’s prosperity,2025-10-01,Newspapers,"['Credlin, Peta']",636359,The Australian (Online),Surry Hills,NSW,,https://www.proquest.com/docview/3256377716
unrelated,3256606978,"'India, France can ensure stability in uncertain times'",2025-10-03,Newspapers,,29618,The Hindustan Times,New Delhi,,,https://www.proquest.com/docview/3256606978
worthwhile,3257139497,Danger High Prices,2025-10-05,Newspapers,"['Foxe, Ken']",26314,Sunday Mirror,London,,,https://www.proquest.com/docview/3257139497
worthwhile,3257185461,Nuclear power best option for cutting cost to households ... and it's green! [Eire Region],2025-10-05,Newspapers,"['Foxe, Ken']",45309,Mail on Sunday,London,,,https://www.proquest.com/docview/3257185461
worthwhile,3257591617,Call for uranium listing as US goes all out on nuclear power,2025-10-07,Newspapers,,42763,The Australian,Surry Hills,NSW,,https://www.proquest.com/docview/3257591617
worthwhile,3257591886,Call for uranium listing as US goes all out on nuclear power,2025-10-07,Newspapers,,42763,The Australian,Surry Hills,NSW,,https://www.proquest.com/docview/3257591886
worthwhile,3257710002,Coalition calls for uranium on list as US goes all out on nuclear power,2025-10-06,Newspapers,"['Benson, Simon']",636359,The Australian (Online),Surry Hills,NSW,,https://www.proquest.com/docview/3257710002
risk,2759940592,Brussels plans to curb bills for renewables,2023-01-03,Newspapers,,2040384,The Australian Financial Review,Pyrmont,NSW,,https://www.proquest.com/docview/2759940592
unrelated,2760041970,'10m tonnes of steel vital for UK to decarbonise',2023-01-03,Newspapers,"['Phillips, Lauren']",26175,Western Mail,London,,,https://www.proquest.com/docview/2760041970
unrelated,2760236108,Steel 'can be at forefront of UK's green revolution',2023-01-03,Newspapers,"['Phillips, Lauren']",27552,South Wales Evening Post,London,,,https://www.proquest.com/docview/2760236108
worthwhile,2760395750,When the wind isn’t blowing and the sun isn’t shining: The case for nuclear energy,2022-12-22,Newspapers,"['Richards, John', 'Mabry, Christopher']",46323,The Globe and Mail,Toronto,Ontario,,https://www.proquest.com/docview/2760395750
unrelated,2760452370,UK 'will need more than 10 million tonnes of steel',2023-01-04,Newspapers,,40157,Llanelli Star,London,,,https://www.proquest.com/docview/2760452370
unrelated,2760540418,EU Works On Overhaul Of Power Market To Lower Energy Bills,2023-01-04,Newspapers,,2040502,Yerepouni Daily News,Camden,DE,,https://www.proquest.com/docview/2760540418
risk,2760657440,"Ukraine plant must be seized from Russia, Kyiv’s nuclear chief says",2023-01-04,Newspapers,,39181,AlArabiya.net,Camden,DE,,https://www.proquest.com/docview/2760657440
worthwhile,2760792930,How fusion breakthrough at US lab can clean up our air [Times Global],2022-12-14,Newspapers,"['Singh, Surendra']",816369,The Times of India (Online),New Delhi,,,https://www.proquest.com/docview/2760792930
worthwhile,2760794088,How fusion breakthrough at US lab can clean up our air [Times Global],2022-12-14,Newspapers,"['Singh, Surendra']",816369,The Times of India (Online),New Delhi,,,https://www.proquest.com/docview/2760794088
risk,2761687598,A difficult year for energy,2023-01-08,Newspapers,"['Ellinas, Charles']",38707,Cyprus Mail,Camden,DE,,https://www.proquest.com/docview/2761687598
unrelated,2761778885,US move draws sharp criticism from Europe,2023-01-09,Newspapers,"['Chen, Yingqun']",2030588,China Daily,BEIJING,,,https://www.proquest.com/docview/2761778885
worthwhile,2763130174,WHY NUCLEAR MUST BE PART OF THE MIX,2023-01-11,Newspapers,,42763,The Australian,Surry Hills,NSW,,https://www.proquest.com/docview/2763130174
risk,2763951608,Coal power facility to stay open for extra two years in blow to net zero,2023-01-11,Newspapers,"['Millard, Rachel']",1986348,Telegraph.co.uk,London,,,https://www.proquest.com/docview/2763951608
risk,2764038957,Coal plant to remain open in blow to green agenda,2023-01-12,Newspapers,,33554,The Daily Telegraph,Tonbridge,,,https://www.proquest.com/docview/2764038957
risk,2764039036,Coal plant to remain open in blow to green agenda,2023-01-12,Newspapers,,33554,The Daily Telegraph,Tonbridge,,,https://www.proquest.com/docview/2764039036
unrelated,2764707308,UAE a beacon for global investors,2023-01-12,Newspapers,"['Kirbaj, Chaddy']",39150,Arabianbusiness.com,Camden,DE,,https://www.proquest.com/docview/2764707308
worthwhile,2765439453,UAE launched 11 environmentally-friendly energy projects worth AED159 billion in 2022: Suhail Al Mazrouei,2023-01-15,Newspapers,"['Nashar, Khoder']",40133,Emirates News Agency (WAM),Camden,DE,,https://www.proquest.com/docview/2765439453
worthwhile,2765443583,UAE rolled out $43bn eco-friendly energy projects in 2022; Minister,2023-01-15,Newspapers,,38562,TradeArabia,Camden,DE,,https://www.proquest.com/docview/2765443583
worthwhile,2765443615,UAE rolled out $43bn eco-friendly energy projects in 2022: Minister,2023-01-15,Newspapers,,38562,TradeArabia,Camden,DE,,https://www.proquest.com/docview/2765443615
worthwhile,2765453066,"Possible measures to boost EV adoption, enhance food security and sustainability",2023-01-15,Newspapers,,33108,The Straits Times,News Centre,,,https://www.proquest.com/docview/2765453066
worthwhile,2765480570,"UAE, Korea issue Joint Statement marking state visit of ROK President",2023-01-15,Newspapers,"['Hatem, Mohamed']",40133,Emirates News Agency (WAM),Camden,DE,,https://www.proquest.com/docview/2765480570
worthwhile,2765596343,UAE launches $43bn of clean energy projects,2023-01-15,Newspapers,,39150,Arabianbusiness.com,Camden,DE,,https://www.proquest.com/docview/2765596343
unrelated,2765799414,United States: Joint Statement of the United States and Japan,2023-01-17,Newspapers,,656306,Asia News Monitor,Bangkok,,,https://www.proquest.com/docview/2765799414
unrelated,2766103373,United Kingdom: Facing the fear of fear itself: the case for climate optimism,2023-01-18,Newspapers,,656306,Asia News Monitor,Bangkok,,,https://www.proquest.com/docview/2766103373
unrelated,2766302535,One green light bulb at a time,2023-01-18,Newspapers,,686317,City A.M.,Tunbridge Wells,,,https://www.proquest.com/docview/2766302535
risk,2766397330,Australia's road map to net zero sets too narrow a path,2023-01-19,Newspapers,,2040384,The Australian Financial Review,Pyrmont,NSW,,https://www.proquest.com/docview/2766397330
unrelated,2766488947,United States: Meeting with deputy prime ministers on current issues,2023-01-19,Newspapers,,656306,Asia News Monitor,Bangkok,,,https://www.proquest.com/docview/2766488947
worthwhile,2767104571,Infrastructure plays gaining traction as investors seek uncorrelated returns,2023-01-20,Newspapers,"['Yong, Jun']",33677,The Business Times,News Centre,,,https://www.proquest.com/docview/2767104571
unrelated,2767333091,"October 14, 2022 (Page B4)",2022-10-14,Newspapers,,2047932,Toronto Star (2010-),Toronto,Ontario,,https://www.proquest.com/docview/2767333091
risk,2767384139,SSE raises earnings forecast after gas hike,2023-01-21,Newspapers,"['Wright, Scott']",45319,The Herald,Mc Lean,VA,,https://www.proquest.com/docview/2767384139
worthwhile,2769397626,"UAE as a springboard for action for two priorities: Electrification, decarbonization",2023-01-24,Newspapers,,39181,AlArabiya.net,Camden,DE,,https://www.proquest.com/docview/2769397626
risk,2769566165,BILL GATES' GREEN TECH AUSSIE DREAM,2023-01-27,Newspapers,,2040384,The Australian Financial Review,Pyrmont,NSW,,https://www.proquest.com/docview/2769566165
worthwhile,2769598254,Could Canada Pass Something Similar To The Inflation Reduction Act?,2023-01-26,Newspapers,,2040502,Yerepouni Daily News,Camden,DE,,https://www.proquest.com/docview/2769598254
risk,2769881386,Tax cuts are a terrible idea - but so is Rishi Sunak's assault on business,2023-01-27,Newspapers,,33554,The Daily Telegraph,Tonbridge,,,https://www.proquest.com/docview/2769881386
worthwhile,2770074318,How the budget can spur India's energy transition,2023-01-27,Newspapers,,29618,The Hindustan Times,New Delhi,,,https://www.proquest.com/docview/2770074318
unrelated,2770164858,Tax cuts are a terrible idea – but so is Rishi Sunak’s assault on business,2023-01-27,Newspapers,"['Evans-Pritchard, Ambrose']",1986348,Telegraph.co.uk,London,,,https://www.proquest.com/docview/2770164858
risk,2770230137,"October 25, 2022 (Page A15)",2022-10-25,Newspapers,,2047932,Toronto Star (2010-),Toronto,Ontario,,https://www.proquest.com/docview/2770230137
risk,2770369007,THE NUCLEAR OPTION,2023-01-29,Newspapers,"['Tan, Rebecca']",2042848,The Independent (Daily Edition),London,,,https://www.proquest.com/docview/2770369007
risk,2770383103,US nuclear fuel to Koeberg suspension: a storm in a teacup?,2023-01-29,Newspapers,"['Payi, Bulelwa']",2029752,Weekend Argus,Camden,DE,,https://www.proquest.com/docview/2770383103
risk,2770617355,What Lego can teach us about saving the planet,2023-01-30,Newspapers,"['Harford, Tim']",33108,The Straits Times,News Centre,,,https://www.proquest.com/docview/2770617355
worthwhile,2770712054,Towards COP28: UAE’s environmental stewardship and what it means for India,2023-01-30,Newspapers,"['Matange, Deepika']",105397,Financial Express,NEW DELHI,,,https://www.proquest.com/docview/2770712054
worthwhile,2770874316,World Economic Forum gathering in Davos,2023-01-31,Newspapers,,55189,The Financial Daily,,,,https://www.proquest.com/docview/2770874316
worthwhile,2772166094,Letters to the Editor,2023-02-04,Newspapers,,42764,Weekend Australian,Surry Hills,NSW,,https://www.proquest.com/docview/2772166094
unrelated,2772801674,"United Nations: Warning 'World Is in Peril', Secretary-General Stresses Countries Must 'Work as One' to Achieve Global Goals, at Opening of Seventy-Seventh General Assembly Session",2023-02-06,Newspapers,,656306,Asia News Monitor,Bangkok,,,https://www.proquest.com/docview/2772801674
worthwhile,2774255929,"India: Some of the world's best solutions to its toughest problems, including in the energy sector, have come out of Asia: Petroleum Minister Hardeep S. Puri",2023-02-09,Newspapers,,656306,Asia News Monitor,Bangkok,,,https://www.proquest.com/docview/2774255929
worthwhile,2774300941,European Union: EIB Group invests 1.85 billion in 2022 to support economic and social development of the Czech Republic,2023-02-09,Newspapers,,656306,Asia News Monitor,Bangkok,,,https://www.proquest.com/docview/2774300941
risk,2774359690,"UK's new energy minister urged to harness 'quick, cheap' goldmine to slash bills",2023-02-08,Newspapers,"['Ashkenaz, Antony']",2030468,Express (Online),London,,,https://www.proquest.com/docview/2774359690
worthwhile,2774360294,New debate over the future of fossil fuels,2023-02-08,Newspapers,"['Corcoran, Terence']",45458,National Post,Toronto,Ontario,,https://www.proquest.com/docview/2774360294
risk,2774580522,"Nuclear industry hot on smaller reactors; Energy; Enough electricity for 5,000 homes",2021-12-21,Newspapers,"['Friedman, Gabriel', 'Financial Post']",45458,National Post,Toronto,Ontario,,https://www.proquest.com/docview/2774580522
risk,2774582220,"Nuclear industry hot on smaller reactors; Energy; Enough electricity for 5,000 homes",2021-12-21,Newspapers,"['Friedman, Gabriel', 'Financial Post']",45458,National Post,Toronto,Ontario,,https://www.proquest.com/docview/2774582220
risk,2774589237,Lump of hydrocarbon you really want in your stocking,2021-12-24,Newspapers,"['Cross, Philip']",45458,National Post,Toronto,Ontario,,https://www.proquest.com/docview/2774589237
risk,2775081443,"November 5, 2022 (Page IN7)",2022-11-05,Newspapers,,2047932,Toronto Star (2010-),Toronto,Ontario,,https://www.proquest.com/docview/2775081443
unrelated,2775114633,"Two years after its historic deep freeze, Texas is increasingly vulnerable to cold snaps – and there are more solutions than just building power plants",2023-02-10,Newspapers,"['Webber, Michael E', 'Kassel, Drew', 'Rhodes, Joshua D', 'Skiles, Matthew']",4977984,The Conversation : Environment + Energy,Boston,MA,,https://www.proquest.com/docview/2775114633
unrelated,2775117489,"Two years after its historic deep freeze, Texas is increasingly vulnerable to cold snaps – and there are more solutions than just building power plants",2023-02-10,Newspapers,"['Webber, Michael E', 'Kassel, Drew', 'Rhodes, Joshua D', 'Skiles, Matthew']",4977988,The Conversation U.S.,Boston,MA,,https://www.proquest.com/docview/2775117489
worthwhile,2775341258,Piers Akerman: Nuclear naysayers blind to benefits while wilfully ignorant of solar and wind power flaws,2023-02-11,Newspapers,"['Akerman, Piers']",636369,The Daily Telegraph (Online),Surry Hills,NSW,,https://www.proquest.com/docview/2775341258
worthwhile,2775814888,Labor’s nuclear naysayers blind to its benefits,2023-02-14,Newspapers,,75791,The Northern Territory News,Surry Hills,NSW,,https://www.proquest.com/docview/2775814888
worthwhile,2775815252,Labor’s nuclear naysayers blind to its benefits,2023-02-14,Newspapers,,43042,The Cairns Post,Surry Hills,NSW,,https://www.proquest.com/docview/2775815252
worthwhile,2775816643,Labor’s nuclear naysayers blind to its benefits,2023-02-14,Newspapers,,43665,Townsville Bulletin,Surry Hills,NSW,,https://www.proquest.com/docview/2775816643
unrelated,2776228495,"Air India inks massive deals for Airbus, Boeing aircraft",2023-02-14,Newspapers,,29618,The Hindustan Times,New Delhi,,,https://www.proquest.com/docview/2776228495
unrelated,2776233493,"Air India inks massive deal for Airbus, Boeing aircraft",2023-02-14,Newspapers,,29618,The Hindustan Times,New Delhi,,,https://www.proquest.com/docview/2776233493
worthwhile,2776274053,Nuclear power to get ‘green’ status as Britain races EU to hit net zero,2023-02-14,Newspapers,"['Oliver, Matt']",1986348,Telegraph.co.uk,London,,,https://www.proquest.com/docview/2776274053
worthwhile,2776299237,National Grid spends £4bn to keep lights on in 2022,2023-02-15,Newspapers,,33554,The Daily Telegraph,Tonbridge,,,https://www.proquest.com/docview/2776299237
worthwhile,2776299367,Nuclear projects granted eco-friendly status,2023-02-15,Newspapers,,33554,The Daily Telegraph,Tonbridge,,,https://www.proquest.com/docview/2776299367
worthwhile,2776299426,National Grid spends £4bn to keep lights on in 2022,2023-02-15,Newspapers,,33554,The Daily Telegraph,Tonbridge,,,https://www.proquest.com/docview/2776299426
worthwhile,2776299438,Nuclear projects granted eco-friendly status,2023-02-15,Newspapers,,33554,The Daily Telegraph,Tonbridge,,,https://www.proquest.com/docview/2776299438
worthwhile,2776319264,"Hunt must relax rules on nuclear, says energy boss",2023-02-15,Newspapers,"['Earl, Nicholas']",686317,City A.M.,Tunbridge Wells,,,https://www.proquest.com/docview/2776319264
worthwhile,2776784607,OUR TEEN MPs AND THEIR BIG IDEAS,2023-02-16,Newspapers,,42765,The Advertiser,Surry Hills,NSW,,https://www.proquest.com/docview/2776784607
worthwhile,2776790083,OUR TEEN MPs AND THEIR BIG IDEAS,2023-02-16,Newspapers,,42765,The Advertiser,Surry Hills,NSW,,https://www.proquest.com/docview/2776790083
worthwhile,2776853573,National Grid spends £4bn to prevent blackouts after surge in wind and solar,2023-02-15,Newspapers,"['Millard, Rachel']",1986348,Telegraph.co.uk,London,,,https://www.proquest.com/docview/2776853573
unrelated,2777069407,China: Remarks by China's Permanent Representative to the UN Ambassador Zhang Jun at the UN Security Council Open Debate on Sea-level Rise: Implications for International Peace and Security,2023-02-17,Newspapers,,656306,Asia News Monitor,Bangkok,,,https://www.proquest.com/docview/2777069407
worthwhile,2777472822,A more sustainable mix: Different shades of green will meet India's energy needs [SME Sector],2023-02-18,Newspapers,,29263,The Economic Times,New Delhi,,,https://www.proquest.com/docview/2777472822
worthwhile,2777923190,Letters to the Editor,2023-02-20,Newspapers,,42763,The Australian,Surry Hills,NSW,,https://www.proquest.com/docview/2777923190
worthwhile,2777983876,Are Small Modular Reactors The Future Of Nuclear Power?,2023-02-20,Newspapers,,2040502,Yerepouni Daily News,Camden,DE,,https://www.proquest.com/docview/2777983876
worthwhile,2777996184,Nation’s best interests should be our guiding principle,2023-02-19,Newspapers,,636359,The Australian (Online),Surry Hills,NSW,,https://www.proquest.com/docview/2777996184
risk,2778133337,EDF's UK nuclear reactor faces whopping £32billion bill as project hit with funding woes,2023-02-20,Newspapers,"['Ashkenaz, Antony']",2030468,Express (Online),London,,,https://www.proquest.com/docview/2778133337
worthwhile,2778186496,"November 17, 2022 (Page A11)",2022-11-17,Newspapers,,2047932,Toronto Star (2010-),Toronto,Ontario,,https://www.proquest.com/docview/2778186496
risk,2778186639,How Sanctions On Russia’s Nuclear Sector Could Backfire,2023-02-21,Newspapers,,2040502,Yerepouni Daily News,Camden,DE,,https://www.proquest.com/docview/2778186639
unrelated,2778187344,"November 23, 2022 (Page A8)",2022-11-23,Newspapers,,2047932,Toronto Star (2010-),Toronto,Ontario,,https://www.proquest.com/docview/2778187344
worthwhile,2778443346,Nuclear power will help us save planet,2023-02-22,Newspapers,,42785,The Courier - Mail,Surry Hills,NSW,,https://www.proquest.com/docview/2778443346
worthwhile,2778443866,WHY NUCLEAR WOULD SECURE OUR FUTURE,2023-02-22,Newspapers,,42792,Herald Sun,Surry Hills,NSW,,https://www.proquest.com/docview/2778443866
worthwhile,2778447281,Nuclear power will help us save planet,2023-02-22,Newspapers,,42785,The Courier - Mail,Surry Hills,NSW,,https://www.proquest.com/docview/2778447281
unrelated,2778658716,United States: FACT SHEET: One Year of Supporting Ukraine,2023-02-23,Newspapers,,656306,Asia News Monitor,Bangkok,,,https://www.proquest.com/docview/2778658716
worthwhile,2778697414,Theo Theophanous: Why nuclear would save and secure our future,2023-02-21,Newspapers,"['Theophanous, Theo']",636367,Herald Sun (Online),Surry Hills,NSW,,https://www.proquest.com/docview/2778697414
risk,2779200968,"MPs zoom in on climate solutions, energy security, green push for SMEs",2023-02-24,Newspapers,,33108,The Straits Times,News Centre,,,https://www.proquest.com/docview/2779200968
worthwhile,2779545771,Rolls-Royce freezes hiring on mini-nukes team,2023-02-24,Newspapers,"['Mustoe, Howard']",1986348,Telegraph.co.uk,London,,,https://www.proquest.com/docview/2779545771
worthwhile,2779561706,Rolls-Royce warns UK risks scuppering lead in race for revolutionary nuclear reactors,2023-02-24,Newspapers,"['Jacob, Paul']",2030468,Express (Online),London,,,https://www.proquest.com/docview/2779561706
unrelated,2780208273,ADDRESSING MIXED MESSAGES ON CLIMATE CRISIS AND ENERGY TRANSITION,2023-02-28,Newspapers,,2044875,This Day,Camden,DE,,https://www.proquest.com/docview/2780208273
risk,2780248720,EDF's reactor for its first nuclear plant in the UK for 30 years arrives by ship,2023-02-27,Newspapers,"['Jacob, Paul']",2030468,Express (Online),London,,,https://www.proquest.com/docview/2780248720
worthwhile,2780317350,Europe Blunted Russia's Energy Weapon This Winter. Can It Succeed Twice?,2023-02-28,Newspapers,"['Khakova, Olga']",2048938,Barron's (Online),South Brunswick,NJ,,https://www.proquest.com/docview/2780317350
worthwhile,2780541871,Beware growth in assets,2023-03-01,Newspapers,,42792,Herald Sun,Surry Hills,NSW,,https://www.proquest.com/docview/2780541871
unrelated,2780561733,"'End the arguments' and back my deal, Rishi Sunak tells Tory MPs",2023-02-28,Newspapers,"['Maidment, Jack']",1986348,Telegraph.co.uk,London,,,https://www.proquest.com/docview/2780561733
risk,2780631680,Eskom: fast transition or total collapse?,2023-03-01,Newspapers,"['Erasmus, Denene']",4821773,Business Day,Saxonwold,,,https://www.proquest.com/docview/2780631680
worthwhile,2781203865,"Nuke power is green too, argues France",2023-03-03,Newspapers,,44839,The New Zealand Herald,Auckland,,,https://www.proquest.com/docview/2781203865
worthwhile,2781336251,Development banks must embrace nuclear energy,2023-03-02,Newspapers,,28541,Gulf Times,Camden,DE,,https://www.proquest.com/docview/2781336251
unrelated,2782626649,Graduating LDCs want to make sure growth momentum isn't slowed down: PM in Doha conference,2023-03-05,Newspapers,,3930058,United News of Bangladesh,New Delhi,,,https://www.proquest.com/docview/2782626649
worthwhile,2782778545,United States: Opening Remarks by Deputy Secretary of Commerce Don Graves at the Partnership for Transatlantic Energy and Climate Cooperation Business Forum in Croatia,2023-03-06,Newspapers,,656306,Asia News Monitor,Bangkok,,,https://www.proquest.com/docview/2782778545
worthwhile,2782778580,United States: U.S. Department of Energy Releases Guidance for Second Award Cycle of Bipartisan Infrastructure Law's $6 Billion Civil Nuclear Credits Program,2023-03-06,Newspapers,,656306,Asia News Monitor,Bangkok,,,https://www.proquest.com/docview/2782778580
unrelated,2782885980,PM in Doha: LDCs need 5 key support from dev partners,2023-03-06,Newspapers,,3930058,United News of Bangladesh,New Delhi,,,https://www.proquest.com/docview/2782885980
unrelated,2784020433,Oil Prices Remain Rangebound Despite A String Of Predictions,2023-03-07,Newspapers,,2040502,Yerepouni Daily News,Camden,DE,,https://www.proquest.com/docview/2784020433
risk,2784141758,Still no energy security a year after invasion of Ukraine,2023-03-08,Newspapers,,33554,The Daily Telegraph,Tonbridge,,,https://www.proquest.com/docview/2784141758
risk,2784691284,Putin must be laughing – Britain's energy policy is a total disaster,2023-03-08,Newspapers,"['Marlow, Ben']",1986348,Telegraph.co.uk,London,,,https://www.proquest.com/docview/2784691284
worthwhile,2785450400,Some facts for audiences divorced from reality,2023-03-11,Newspapers,,42764,Weekend Australian,Surry Hills,NSW,,https://www.proquest.com/docview/2785450400
worthwhile,2785550133,Chancellor set to invest in carbon capture projects with £20bn of funding,2023-03-11,Newspapers,"['Bol, David']",45319,The Herald,Mc Lean,VA,,https://www.proquest.com/docview/2785550133
risk,2785582449,Clean power for Ontario possible - with caveats,2023-03-11,Newspapers,,44892,Toronto Star,Toronto,Ontario,,https://www.proquest.com/docview/2785582449
worthwhile,2785607394,Some facts for Love Media audiences divorced from reality,2023-03-10,Newspapers,"['Kenny, Chris']",636359,The Australian (Online),Surry Hills,NSW,,https://www.proquest.com/docview/2785607394
worthwhile,2785781687,UK Government confirms unprecedented carbon capture investment,2023-03-12,Newspapers,,55231,National News Agency Bulletin,Camden,DE,,https://www.proquest.com/docview/2785781687
risk,2785850960,Akerman: AUKUS nuclear subs deal risks being scuttled by appeasement and incompetence,2023-03-11,Newspapers,"['Akerman, Piers']",636369,The Daily Telegraph (Online),Surry Hills,NSW,,https://www.proquest.com/docview/2785850960
unrelated,2785967525,AUKUS nuclear-powered subs deal faces risk of being scuttled by political appeasement and incompetence,2023-03-12,Newspapers,,42790,Sunday Telegraph,Surry Hills,NSW,,https://www.proquest.com/docview/2785967525
unrelated,2785969853,AUKUS nuclear-powered subs deal faces risk of being scuttled by political appeasement and incompetence,2023-03-12,Newspapers,,42790,Sunday Telegraph,Surry Hills,NSW,,https://www.proquest.com/docview/2785969853
risk,2786278643,Subs deal faces risk of being scuttled,2023-03-14,Newspapers,,43042,The Cairns Post,Surry Hills,NSW,,https://www.proquest.com/docview/2786278643
risk,2786281838,Subs deal faces risk of being scuttled,2023-03-14,Newspapers,,75791,The Northern Territory News,Surry Hills,NSW,,https://www.proquest.com/docview/2786281838
risk,2786283760,Subs deal faces risk of being scuttled,2023-03-14,Newspapers,,43665,Townsville Bulletin,Surry Hills,NSW,,https://www.proquest.com/docview/2786283760
worthwhile,2786373117,"December 8, 2022 (Page A15)",2022-12-08,Newspapers,,2047932,Toronto Star (2010-),Toronto,Ontario,,https://www.proquest.com/docview/2786373117
unrelated,2786656076,PM seeks five key supports from development partners for LDCs,2023-03-06,Newspapers,,76002,The Financial Express,New Delhi,,,https://www.proquest.com/docview/2786656076
unrelated,2786687160,Canada can win global race for battery metals if governments change regulatory process,2023-03-14,Newspapers,"['Barretto, Jeremy']",46323,The Globe and Mail,Toronto,Ontario,,https://www.proquest.com/docview/2786687160
unrelated,2786721274,Global partnership must be meaningful for LDCs: PM,2023-03-05,Newspapers,,76002,The Financial Express,New Delhi,,,https://www.proquest.com/docview/2786721274
worthwhile,2787029802,UK to finally harness full power of green energy with new Great British Nuclear scheme,2023-03-15,Newspapers,"['King, Jon']",2030468,Express (Online),London,,,https://www.proquest.com/docview/2787029802
worthwhile,2787077771,Millions facing energy bill hardship despite changes in the Budget,2023-03-16,Newspapers,"['Gordon, Tom']",45319,The Herald,Mc Lean,VA,,https://www.proquest.com/docview/2787077771
unrelated,2787087528,Designs on small nuclear reactors come with catches,2023-03-16,Newspapers,"['Ritchie, Stuart']",4457156,i,London,,,https://www.proquest.com/docview/2787087528
unrelated,2787436238,Hunt's rabbit from his hat catches Labour on the hop,2023-03-17,Newspapers,,33554,The Daily Telegraph,Tonbridge,,,https://www.proquest.com/docview/2787436238
worthwhile,2787881832,Net-Zero Industry Act: Making the EU the home of clean technologies manufacturing and green jobs,2023-03-18,Newspapers,,40133,Emirates News Agency (WAM),Camden,DE,,https://www.proquest.com/docview/2787881832
risk,2787953273,Energy markets volatile amid growing natgas demand,2023-03-18,Newspapers,,55095,Financial Mirror,Camden,DE,,https://www.proquest.com/docview/2787953273
unrelated,2788168697,European Union: Net-Zero Industry Act: Making the EU the home of clean technologies manufacturing and green jobs,2023-03-20,Newspapers,,656306,Asia News Monitor,Bangkok,,,https://www.proquest.com/docview/2788168697
risk,2788173340,World: The EU's new industrial strategy will aim to have 40% of its green technology homegrown by 2030,2023-03-20,Newspapers,,656306,Asia News Monitor,Bangkok,,,https://www.proquest.com/docview/2788173340
worthwhile,2788693651,"December 16, 2022 (Page A7)",2022-12-16,Newspapers,,2047932,Toronto Star (2010-),Toronto,Ontario,,https://www.proquest.com/docview/2788693651
unrelated,2788894453,World: Here are all the positive environmental stories from 2023 so far,2023-03-22,Newspapers,,656306,Asia News Monitor,Bangkok,,,https://www.proquest.com/docview/2788894453
worthwhile,2789244087,"Indonesia: Indonesia, US announce partnership on SMR nuclear clean energy",2023-03-23,Newspapers,,656306,Asia News Monitor,Bangkok,,,https://www.proquest.com/docview/2789244087
worthwhile,2789464907,The cost of failure,2023-03-22,Newspapers,,2040426,MaltaToday,Camden,DE,,https://www.proquest.com/docview/2789464907
risk,2789686018,World: Winter is gone. But can we really say Europe's energy crisis is over?,2023-03-24,Newspapers,,656306,Asia News Monitor,Bangkok,,,https://www.proquest.com/docview/2789686018
risk,2789705645,France-Germany tensions overshadow EU leaders' summit,2023-03-23,Newspapers,,2029749,The New Vision,Camden,DE,,https://www.proquest.com/docview/2789705645
risk,2790088478,Your say on the day's top stories,2023-03-25,Newspapers,,636411,The Northern Daily Leader,Canberra ACT,,,https://www.proquest.com/docview/2790088478
risk,2790228538,"If we want to hit the net zero dream, there's no alternative but nuclear",2023-03-25,Newspapers,,33554,The Daily Telegraph,Tonbridge,,,https://www.proquest.com/docview/2790228538
risk,2790230104,Germany finances nuclear power in the EU,2023-03-25,Newspapers,"['Kaiser, Tobias']",54211,Welt am Sonntag,Berlin,,,https://www.proquest.com/docview/2790230104
worthwhile,2790702974,Electricity demand,2023-03-26,Newspapers,,32356,The Sunday Telegraph,Tonbridge,,,https://www.proquest.com/docview/2790702974
risk,2790863561,World: Is nuclear power sustainable? EU member states are split but must decide soon,2023-03-27,Newspapers,,656306,Asia News Monitor,Bangkok,,,https://www.proquest.com/docview/2790863561
worthwhile,2791057997,Letters: Memories of lockdown sacrifices make Boris Johnson’s testimony difficult to stomach,2023-03-26,Newspapers,,1986348,Telegraph.co.uk,London,,,https://www.proquest.com/docview/2791057997
risk,2791058291,Why nuclear power is the only viable route to Net Zero,2023-03-26,Newspapers,"['Warner, Jeremy']",1986348,Telegraph.co.uk,London,,,https://www.proquest.com/docview/2791058291
worthwhile,2791086869,HOW THE CHANCELLOR CAN DELIVER A GREEN DAY,2023-03-27,Newspapers,"['Earl, Nicholas']",686317,City A.M.,Tunbridge Wells,,,https://www.proquest.com/docview/2791086869
risk,2791109349,Can The U.S. Really Achieve 100% Clean Electricity By 2035?,2023-03-27,Newspapers,,2040502,Yerepouni Daily News,Camden,DE,,https://www.proquest.com/docview/2791109349
unrelated,2791318438,United States: FACT SHEET: Strengthening the United States-Canada Partnership,2023-03-28,Newspapers,,656306,Asia News Monitor,Bangkok,,,https://www.proquest.com/docview/2791318438
worthwhile,2791319618,United States: Joint Statement by President Biden and Prime Minister Trudeau,2023-03-28,Newspapers,,656306,Asia News Monitor,Bangkok,,,https://www.proquest.com/docview/2791319618
unrelated,2791327133,Green ammonia is the next step in India’s quest for energy and food security,2023-03-27,Newspapers,"['Yadav, Gajendra']",105397,Financial Express,NEW DELHI,,,https://www.proquest.com/docview/2791327133
unrelated,2791567873,United States: FACT SHEET: Vice President Harris Announces Initiatives to Strengthen U.S. Partnership with Ghana and Promote Regional Security,2023-03-29,Newspapers,,656306,Asia News Monitor,Bangkok,,,https://www.proquest.com/docview/2791567873
unrelated,2791772004,Net zero ban on petrol cars in chaos after Brussels climbdown,2023-03-28,Newspapers,"['Martin, Daniel']",1986348,Telegraph.co.uk,London,,,https://www.proquest.com/docview/2791772004
unrelated,2791880536,Xi and Putin’s plan for a ‘new era’: How to read between the lines,2023-03-27,Newspapers,"['Rizzi, Andrea', 'Abril, Guillermo', 'González, Javier']",5443741,EL PAÍS (Mexico Edition),Miami,FL,,https://www.proquest.com/docview/2791880536
unrelated,2791925753,Xi and Putin’s plan for a ‘new era’: How to read between the lines,2023-03-27,Newspapers,"['Rizzi, Andrea', 'Abril, Guillermo', 'González, Javier']",5443742,EL PAÍS (America Edition),Miami,FL,,https://www.proquest.com/docview/2791925753
worthwhile,2792156612,From carbon tax to nuclear power-the battle to reach net zero,2023-03-29,Newspapers,"['Martin, Daniel']",1986348,Telegraph.co.uk,London,,,https://www.proquest.com/docview/2792156612
worthwhile,2792191606,Shapps refuses to hit the brakes on plan to ban cars that aren't green enough,2023-03-30,Newspapers,,33554,The Daily Telegraph,Tonbridge,,,https://www.proquest.com/docview/2792191606
worthwhile,2792191641,Shapps refuses to hit the brakes on plan to ban cars that aren't green enough,2023-03-30,Newspapers,,33554,The Daily Telegraph,Tonbridge,,,https://www.proquest.com/docview/2792191641
worthwhile,2792517173,JUST HOT AIR?,2023-03-30,Newspapers,"['Hedley, Nick']",4821771,Financial Mail,Saxonwold,,,https://www.proquest.com/docview/2792517173
worthwhile,2793135690,Govt to reopen competition for small modular reactors,2023-03-31,Newspapers,,27670,Derby Evening Telegraph,London,,,https://www.proquest.com/docview/2793135690
risk,2793548036,Rolls-Royce exit confirms it – Britain's energy ambitions are a charade,2023-04-01,Newspapers,"['Warner, Jeremy']",1986348,Telegraph.co.uk,London,,,https://www.proquest.com/docview/2793548036
risk,2793566488,When it comes to net zero goals we are left with the worst of all worlds,2023-04-02,Newspapers,,32356,The Sunday Telegraph,Tonbridge,,,https://www.proquest.com/docview/2793566488
risk,2793851806,GREEN DAY'S GOOD NEWS,2023-04-03,Newspapers,"['Earl, Nicholas']",686317,City A.M.,Tunbridge Wells,,,https://www.proquest.com/docview/2793851806
worthwhile,2794370729,Enough of Loss &amp; Damage [The Edit Page],2022-11-09,Newspapers,"['Arun, T K']",856332,The Economic Times (Online),New Delhi,,,https://www.proquest.com/docview/2794370729
worthwhile,2794637924,NTPC to go nuclear in fight for climate [Times Business],2022-12-09,Newspapers,"['Dutta, Sanjay']",816369,The Times of India (Online),New Delhi,,,https://www.proquest.com/docview/2794637924
worthwhile,2797112616,Canada: Minister Hajdu and MP Jowhari highlight green and clean energy tax incentives from Budget 2023 with Richmond Hill businesses,2023-04-10,Newspapers,,656306,Asia News Monitor,Bangkok,,,https://www.proquest.com/docview/2797112616
unrelated,2799029796,World: Here are all the positive environmental stories from 2023 so far,2023-04-12,Newspapers,,656306,Asia News Monitor,Bangkok,,,https://www.proquest.com/docview/2799029796
worthwhile,2799264861,Small &amp; green future [Blogs],2023-04-12,Newspapers,,856331,Blogs (The Times of India Online Edition and The Economic Times Online Edition),New Delhi,,,https://www.proquest.com/docview/2799264861
risk,2799807157,Farewell Liddell: what to expect when Australia's oldest coal plant closes,2023-04-13,Newspapers,,5425109,EveningReport.nz,NEW DELHI,,,https://www.proquest.com/docview/2799807157
worthwhile,2799848939,Russia ready to help South Africa out of indefinite power cuts,2023-04-13,Newspapers,,27299,Cape Times,Johannesburg,,,https://www.proquest.com/docview/2799848939
risk,2800722678,"Germany: Germany to turn off nuclear power, but others not ready yet",2023-04-15,Newspapers,,656306,Asia News Monitor,Bangkok,,,https://www.proquest.com/docview/2800722678
worthwhile,2801093105,Targets for a heating planet: G7 climate commitments,2023-04-15,Newspapers,,2029749,The New Vision,Camden,DE,,https://www.proquest.com/docview/2801093105
risk,2801271189,End of nuclear power in Germany sparks controversy,2023-04-15,Newspapers,,26247,Al Bawaba,Camden,DE,,https://www.proquest.com/docview/2801271189
risk,2801522761,Over and Out: Germany Switches off Its Last Nuclear Plants,2023-04-16,Newspapers,,646330,Asharq Alawsat,Camden,DE,,https://www.proquest.com/docview/2801522761
risk,2801925313,Germany: Germany winds down its last nuclear plants,2023-04-18,Newspapers,,656306,Asia News Monitor,Bangkok,,,https://www.proquest.com/docview/2801925313
unrelated,2802108028,Japan: Statement of the G7 Non-Proliferation Directors Group,2023-04-18,Newspapers,,656306,Asia News Monitor,Bangkok,,,https://www.proquest.com/docview/2802108028
risk,2802195589,End cheap holidays and voters will react with fury,2023-04-18,Newspapers,,33554,The Daily Telegraph,Tonbridge,,,https://www.proquest.com/docview/2802195589
risk,2802638255,End cheap holidays and voters will react with fury,2023-04-18,Newspapers,"['Marlow, Ben']",1986348,Telegraph.co.uk,London,,,https://www.proquest.com/docview/2802638255
risk,2802767014,The Hidden Costs Of The Renewables Boom,2023-04-19,Newspapers,,2040502,Yerepouni Daily News,Camden,DE,,https://www.proquest.com/docview/2802767014
worthwhile,2802891270,"MBM Holding signs MoU with Portland Holdings to collaborate in nuclear medicine, renewable energy",2023-04-19,Newspapers,"['Nashar, Khoder']",40133,Emirates News Agency (WAM),Camden,DE,,https://www.proquest.com/docview/2802891270
unrelated,2803257172,United States: G7 Japan 2023 Foreign Ministers' Communiqué,2023-04-21,Newspapers,,656306,Asia News Monitor,Bangkok,,,https://www.proquest.com/docview/2803257172
worthwhile,2803657077,Battlers know solution to energy woes: go nuclear,2023-04-21,Newspapers,,42763,The Australian,Surry Hills,NSW,,https://www.proquest.com/docview/2803657077
worthwhile,2803938995,Battlers know solution to energy woes: go nuclear,2023-04-20,Newspapers,"['Lehmann, Claire']",636359,The Australian (Online),Surry Hills,NSW,,https://www.proquest.com/docview/2803938995
unrelated,2804165662,The next global conflict is going to be in space - and the Moon is the greatest prize,2023-04-22,Newspapers,,33554,The Daily Telegraph,Tonbridge,,,https://www.proquest.com/docview/2804165662
unrelated,2804214738,Europe wrestles with dilemma of nuclear option,2023-04-22,Newspapers,"['Cendrowicz, Leo']",4457156,i,London,,,https://www.proquest.com/docview/2804214738
unrelated,2804496059,Why Elon Musk is really firing America back to the Moon,2023-04-22,Newspapers,"['Marshall, Tim']",1986348,Telegraph.co.uk,London,,,https://www.proquest.com/docview/2804496059
risk,2804496178,Pension funds shun Sizewell C in major blow to Britain’s nuclear ambitions,2023-04-22,Newspapers,"['Oliver, Matt']",1986348,Telegraph.co.uk,London,,,https://www.proquest.com/docview/2804496178
risk,2804553038,Asset managers shun Sizewell C investment drive in blow to Hunt,2023-04-23,Newspapers,,32356,The Sunday Telegraph,Tonbridge,,,https://www.proquest.com/docview/2804553038
unrelated,2804808234,Lotilla to woo global RE investors to PH,2023-04-24,Newspapers,,3930286,Manila Bulletin,New Delhi,,,https://www.proquest.com/docview/2804808234
unrelated,2804847399,Lunar gold rush: Why now is the time to lay ground rules in new space race,2023-04-24,Newspapers,"['Marshall, Tim']",27149,Irish Independent,London,,,https://www.proquest.com/docview/2804847399
unrelated,2804847815,Decade of Gas: NCDMB Advocates Annual Reporting of Implementation Status,2023-04-24,Newspapers,,2044875,This Day,Camden,DE,,https://www.proquest.com/docview/2804847815
risk,2805339927,"Not funding Sizewell C risks UK's green ambitions, industry warns",2023-04-25,Newspapers,"['Earl, Nicholas']",686317,City A.M.,Tunbridge Wells,,,https://www.proquest.com/docview/2805339927
worthwhile,2805454979,"If nuclear power is ok for AUKUS, why not for climate change?",2023-04-26,Newspapers,,2040384,The Australian Financial Review,Pyrmont,NSW,,https://www.proquest.com/docview/2805454979
unrelated,2805584833,Electric Avenues,2023-04-12,Newspapers,"['McCallum, Kevin']",29114,Seven Days,BURLINGTON,VT,,https://www.proquest.com/docview/2805584833
worthwhile,2805715295,Britain will consign Putin and his energy war to the dustbin of history,2023-04-25,Newspapers,,1986348,Telegraph.co.uk,London,,,https://www.proquest.com/docview/2805715295
risk,2806685706,"Net zero UK cannot keep lights on, MPs warn",2023-04-28,Newspapers,,33554,The Daily Telegraph,Tonbridge,,,https://www.proquest.com/docview/2806685706
risk,2806685784,"Net zero UK cannot keep lights on, MPs warn",2023-04-28,Newspapers,,33554,The Daily Telegraph,Tonbridge,,,https://www.proquest.com/docview/2806685784
worthwhile,2807111136,United Kingdom: UK opportunities in carbon capture - Spectator Energy Summit,2023-05-01,Newspapers,,656306,Asia News Monitor,Bangkok,,,https://www.proquest.com/docview/2807111136
worthwhile,2807111137,United States: Leaders' Joint Statement in Commemoration of the 70th Anniversary of the Alliance between the United States of America and the Republic of Korea,2023-05-01,Newspapers,,656306,Asia News Monitor,Bangkok,,,https://www.proquest.com/docview/2807111137
risk,2807158042,"Net zero Britain will be unable to keep the lights on, MPs warn",2023-04-28,Newspapers,"['Millard, Rachel']",1986348,Telegraph.co.uk,London,,,https://www.proquest.com/docview/2807158042
risk,2807158974,Net Zero fanaticism is dragging us back to the Dark Ages,2023-04-28,Newspapers,"['Mayer, Andy']",1986348,Telegraph.co.uk,London,,,https://www.proquest.com/docview/2807158974
worthwhile,2807277960,"Net zero is a huge economic boon for Canada, but we need to seize it",2023-04-28,Newspapers,"['Carney, Mark']",46323,The Globe and Mail,Toronto,Ontario,,https://www.proquest.com/docview/2807277960
worthwhile,2807774000,Gulf states poised to bail Britain out of energy crisis,2023-04-30,Newspapers,"['Millard, Rachel']",1986348,Telegraph.co.uk,London,,,https://www.proquest.com/docview/2807774000
risk,2807790125,Gulf states poised to bail Britain out of energy crisis,2023-05-01,Newspapers,,33554,The Daily Telegraph,Tonbridge,,,https://www.proquest.com/docview/2807790125
risk,2808027204,"Is nuclear power attractive or risky? In Minnesota, it’s both.",2023-05-01,Newspapers,,17099,The Christian Science Monitor,Boston,MA,,https://www.proquest.com/docview/2808027204
worthwhile,2808170220,ABAC PH gains support on low carbon initiatives,2023-05-02,Newspapers,,3930286,Manila Bulletin,New Delhi,,,https://www.proquest.com/docview/2808170220
unrelated,2808349282,United States: FACT SHEET: Investing in the Special Friendship and Alliance Between the United States and the Philippines,2023-05-03,Newspapers,,656306,Asia News Monitor,Bangkok,,,https://www.proquest.com/docview/2808349282
worthwhile,2808441211,Why hasn't Britain pressed ahead with small modular nuclear reactors?,2023-05-03,Newspapers,,33554,The Daily Telegraph,Tonbridge,,,https://www.proquest.com/docview/2808441211
worthwhile,2808462637,"Modular nuclear reactor for PHL power generation, supply pushed",2023-05-03,Newspapers,,2032451,Business Mirror,,,,https://www.proquest.com/docview/2808462637
worthwhile,2808508002,ABAC Philippines gains support on pathways toward low carbon economies,2023-05-03,Newspapers,,3930286,Manila Bulletin,New Delhi,,,https://www.proquest.com/docview/2808508002
risk,2808854337,Be grateful the SNP is standing up to the Tories on nuclear,2023-05-04,Newspapers,,45319,The Herald,Mc Lean,VA,,https://www.proquest.com/docview/2808854337
worthwhile,2809146331,Canada: Deputy Prime Minister co-chairs first meeting of Canada-U.S. Energy Transformation Task Force,2023-05-05,Newspapers,,656306,Asia News Monitor,Bangkok,,,https://www.proquest.com/docview/2809146331
worthwhile,2809288612,We Are Opening the Lids on Two Giant Pandora’s Boxes,2023-05-03,Newspapers,"['Friedman, Thomas L']",45131,The New York Times,NEW YORK,NY,,https://www.proquest.com/docview/2809288612
unrelated,2809577954,United States: Joint Statement on the Strategic Dialogue between the United States and the Czech Republic,2023-05-08,Newspapers,,656306,Asia News Monitor,Bangkok,,,https://www.proquest.com/docview/2809577954
risk,2809969638,Ottawa undermining its own energy goals; Creating hurdles for Ontario self-defeating,2023-05-05,Newspapers,"['Denley, Randall']",45458,National Post,Toronto,Ontario,,https://www.proquest.com/docview/2809969638
worthwhile,2809988658,Your rising power bills could well define the outcome of the election,2023-05-05,Newspapers,"['Staples, David']",46779,Edmonton Journal,Toronto,Ontario,,https://www.proquest.com/docview/2809988658
risk,2810812279,Is nuclear our best green energy option?,2023-05-08,Newspapers,,44892,Toronto Star,Toronto,Ontario,,https://www.proquest.com/docview/2810812279
worthwhile,2811143946,Aboitiz: PHL's shift to clean energy must be calculated,2023-05-09,Newspapers,,2032451,Business Mirror,,,,https://www.proquest.com/docview/2811143946
unrelated,2811698652,World Utilities Congress concludes its second edition with immense success,2023-05-10,Newspapers,,40133,Emirates News Agency (WAM),Camden,DE,,https://www.proquest.com/docview/2811698652
worthwhile,2811783770,Mini nuclear bid at Traws takes latest step forward,2023-05-11,Newspapers,,26178,Daily Post,London,,,https://www.proquest.com/docview/2811783770
worthwhile,2811868042,Multiple factors gives nuke power major push in APAC region: Moody's,2023-05-11,Newspapers,,2029686,IANS English,Noida,,,https://www.proquest.com/docview/2811868042
worthwhile,2811944295,"Energy industry, tech leaders debate hydrogen at forum",2023-05-11,Newspapers,,38562,TradeArabia,Camden,DE,,https://www.proquest.com/docview/2811944295
unrelated,2811944301,Energy and technology leaders meet in UAE to discuss hydrogen’s unanswered questions before COP28,2023-05-11,Newspapers,,40133,Emirates News Agency (WAM),Camden,DE,,https://www.proquest.com/docview/2811944301
unrelated,2811996050,"On National Technology Day, celebrating India’s thriving innovation and entrepreneurship ecosystem",2023-05-11,Newspapers,"['Singh, Jitendra']",55068,Indian Express,NEW DELHI,,,https://www.proquest.com/docview/2811996050
worthwhile,2812143935,Yousaf needs to embrace nuclear to meet targets for net-zero,2023-05-12,Newspapers,"['Poynton, Gregor']",46325,The Scotsman,Edinburgh,,,https://www.proquest.com/docview/2812143935
worthwhile,2812244291,EPA carbon emissions plan raises challenges for Colstrip,2023-05-11,Newspapers,"['Lutey, Tom']",46179,The Billings Gazette,Billings,MT,,https://www.proquest.com/docview/2812244291
worthwhile,2812279176,Mini-nuclear plant plans take another step forward,2023-05-12,Newspapers,"['Sion, Barry']",26175,Western Mail,London,,,https://www.proquest.com/docview/2812279176
risk,2812857931,BATTLE FOR THE HEART OF MIDDLE AUSTRALIA,2023-05-13,Newspapers,,42764,Weekend Australian,Surry Hills,NSW,,https://www.proquest.com/docview/2812857931
unrelated,2812969178,China's CO2 emissions reach record high for first quarter,2023-05-13,Newspapers,,33108,The Straits Times,News Centre,,,https://www.proquest.com/docview/2812969178
risk,2812986290,"Anthony Albanese, Peter Dutton battle for the heart of middle Australia",2023-05-12,Newspapers,"['Kelly, Paul']",636359,The Australian (Online),Surry Hills,NSW,,https://www.proquest.com/docview/2812986290
unrelated,2813232826,Can we believe South Korea's hydrogen hype?,2023-05-15,Newspapers,,2040384,The Australian Financial Review,Pyrmont,NSW,,https://www.proquest.com/docview/2813232826
worthwhile,2813452544,Letters: Outsourcing small nuclear reactors would be a betrayal of British industry,2023-05-14,Newspapers,,1986348,Telegraph.co.uk,London,,,https://www.proquest.com/docview/2813452544
worthwhile,2813525202,"Resolving Nigeria's electricity conundrum, By Dakuku Peterside",2023-05-15,Newspapers,,3930282,Premium Times,New Delhi,,,https://www.proquest.com/docview/2813525202
worthwhile,2814069294,"NITI Aayog moots blended financing, green bonds for private investment in small modular reactors [Renewables]",2023-05-17,Newspapers,"['Sharma, Yogima Seth']",29263,The Economic Times,New Delhi,,,https://www.proquest.com/docview/2814069294
worthwhile,2814124941,Aussies back nuclear,2023-05-17,Newspapers,,42789,The Daily Telegraph,Surry Hills,NSW,,https://www.proquest.com/docview/2814124941
worthwhile,2814129559,Aussies back nuclear,2023-05-17,Newspapers,,42789,The Daily Telegraph,Surry Hills,NSW,,https://www.proquest.com/docview/2814129559
unrelated,2814148725,National Grid ordered to fix ‘unacceptable’ delays that threaten net zero,2023-05-16,Newspapers,"['Oliver, Matt']",1986348,Telegraph.co.uk,London,,,https://www.proquest.com/docview/2814148725
worthwhile,2814148743,Resolving Nigeria’s Electricity Conundrum,2023-05-17,Newspapers,,2044875,This Day,Camden,DE,,https://www.proquest.com/docview/2814148743
worthwhile,2814277869,NITI Aayog for private investment in setting up nuclear reactors,2023-05-17,Newspapers,,75994,The Pioneer,New Delhi,,,https://www.proquest.com/docview/2814277869
unrelated,2814716877,Ottawa says Ontario must pony up,2023-05-18,Newspapers,,44892,Toronto Star,Toronto,Ontario,,https://www.proquest.com/docview/2814716877
unrelated,2815080719,Britain should be wary of joining Europe's gigafactory stampede,2023-05-19,Newspapers,,33554,The Daily Telegraph,Tonbridge,,,https://www.proquest.com/docview/2815080719
unrelated,2815827442,Britain should not join the gigafactory stampede: technology is already vaulting far ahead,2023-05-19,Newspapers,"['Evans-Pritchard, Ambrose']",1986348,Telegraph.co.uk,London,,,https://www.proquest.com/docview/2815827442
risk,2816294991,Strong support for Dutton's sport betting advertising ban,2023-05-22,Newspapers,,2040384,The Australian Financial Review,Pyrmont,NSW,,https://www.proquest.com/docview/2816294991
unrelated,2816364510,Why Spain's rolling energy transition program is worth studying,2023-05-22,Newspapers,,43153,Newcastle Herald,Canberra ACT,,,https://www.proquest.com/docview/2816364510
unrelated,2817005330,United States: G7 Hiroshima Leaders' Communiqué,2023-05-23,Newspapers,,656306,Asia News Monitor,Bangkok,,,https://www.proquest.com/docview/2817005330
unrelated,2817005370,"China: Foreign Ministry Spokesperson Wang Wenbin's Regular Press Conference on May 19, 2023",2023-05-23,Newspapers,,656306,Asia News Monitor,Bangkok,,,https://www.proquest.com/docview/2817005370
unrelated,2817005394,United States: G7 Leaders' Hiroshima Vision on Nuclear Disarmament,2023-05-23,Newspapers,,656306,Asia News Monitor,Bangkok,,,https://www.proquest.com/docview/2817005394
unrelated,2817005878,United States: FACT SHEET: Partnership for Global Infrastructure and Investment at the G7 Summit,2023-05-23,Newspapers,,656306,Asia News Monitor,Bangkok,,,https://www.proquest.com/docview/2817005878
worthwhile,2818568300,Renewables driven power generation isn’t a bright idea,2023-05-25,Newspapers,,866349,Businessline,Chennai,Tamil Nadu,,https://www.proquest.com/docview/2818568300
unrelated,2819011585,A decade of reformist action has catalysed the emergence of India,2023-05-26,Newspapers,,75999,Mint,New Delhi,,,https://www.proquest.com/docview/2819011585
unrelated,2819088734,NEOM’s green hydrogen plant will secure Saudi Arabia’s clean energy transition: CEO,2023-05-25,Newspapers,,39181,AlArabiya.net,Camden,DE,,https://www.proquest.com/docview/2819088734
risk,2819231564,Ontario will pay you to turn down air conditioning,2023-05-26,Newspapers,,44892,Toronto Star,Toronto,Ontario,,https://www.proquest.com/docview/2819231564
unrelated,2819572675,A Russia without Putin,2023-05-27,Newspapers,"['Chodorkowski, Michail']",54211,Welt am Sonntag,Berlin,,,https://www.proquest.com/docview/2819572675
worthwhile,2820303185,Japan's warming Western relations,2023-05-30,Newspapers,"['Hammond, Andrew']",33677,The Business Times,News Centre,,,https://www.proquest.com/docview/2820303185
risk,2820793933,It’s time to concentrate on keeping the lights on,2023-05-31,Newspapers,,42789,The Daily Telegraph,Surry Hills,NSW,,https://www.proquest.com/docview/2820793933
risk,2820795700,It’s time to focus on keeping the lights on,2023-05-31,Newspapers,,42765,The Advertiser,Surry Hills,NSW,,https://www.proquest.com/docview/2820795700
worthwhile,2821591599,Interest in fusion energy rising but still early days for venture capitalists,2023-06-02,Newspapers,,33677,The Business Times,News Centre,,,https://www.proquest.com/docview/2821591599
worthwhile,2822112728,Keir Starmer says nuclear power is ‘critical part’ of UK’s energy mix,2023-06-04,Newspapers,"['Quinn, Ben', 'Stacey, Kiran']",35249,The Guardian,London,,,https://www.proquest.com/docview/2822112728
risk,2822354339,"ESG reality bites on power bills, boards and Voice",2023-06-06,Newspapers,,2040384,The Australian Financial Review,Pyrmont,NSW,,https://www.proquest.com/docview/2822354339
unrelated,2822606868,We need a good dose of optimism in our politics - especially about climate,2023-06-06,Newspapers,"['Siniscalco, Elena']",686317,City A.M.,Tunbridge Wells,,,https://www.proquest.com/docview/2822606868
unrelated,2822846375,"Belt, Road a boon for global cooperation",2023-06-07,Newspapers,,2030588,China Daily,BEIJING,,,https://www.proquest.com/docview/2822846375
unrelated,2823144159,United States: Press Briefing by Press Secretary Karine Jean-Pierre and NSC Coordinator for Strategic Communications John Kirby,2023-06-08,Newspapers,,656306,Asia News Monitor,Bangkok,,,https://www.proquest.com/docview/2823144159
risk,2823294251,Wind and solar are not a panacea,2023-06-07,Newspapers,"['Oliver, Joe']",45458,National Post,Toronto,Ontario,,https://www.proquest.com/docview/2823294251
unrelated,2824072276,United States: The Atlantic Declaration: A Framework for a Twenty-First Century U.S.-UK Economic Partnership,2023-06-12,Newspapers,,656306,Asia News Monitor,Bangkok,,,https://www.proquest.com/docview/2824072276
worthwhile,2824073913,"United Kingdom/United States/Russia: UK, US agree to push Russia from global nuclear energy market - declaration",2023-06-12,Newspapers,,656306,Asia News Monitor,Bangkok,,,https://www.proquest.com/docview/2824073913
risk,2824130610,"Save the planet – ditch the pooch, not the internal combustion car",2023-06-10,Newspapers,,42764,Weekend Australian,Surry Hills,NSW,,https://www.proquest.com/docview/2824130610
unrelated,2824130976,Transmission ‘the key for energy transition’,2023-06-10,Newspapers,,42764,Weekend Australian,Surry Hills,NSW,,https://www.proquest.com/docview/2824130976
risk,2824133470,CRAZY BRAVE WORLD OF GREEN POWER,2023-06-10,Newspapers,,42764,Weekend Australian,Surry Hills,NSW,,https://www.proquest.com/docview/2824133470
worthwhile,2824159581,Ontario's energy transition should be to nuclear,2023-06-09,Newspapers,"['Solomon, Lawrence']",45458,National Post,Toronto,Ontario,,https://www.proquest.com/docview/2824159581
risk,2824250659,Transmission line delays are putting a handbrake on renewable electricity supply,2023-06-09,Newspapers,"['Middap, Christine']",636359,The Australian (Online),Surry Hills,NSW,,https://www.proquest.com/docview/2824250659
risk,2824321003,"Save the planet: ditch the pooch, not the internal combustion car",2023-06-09,Newspapers,"['Kenny, Chris']",636359,The Australian (Online),Surry Hills,NSW,,https://www.proquest.com/docview/2824321003
risk,2824322166,"Climate change and our renewable energy future is a crazy brave world, says Alan Finkel",2023-06-09,Newspapers,"['Middap, Christine']",636359,The Australian (Online),Surry Hills,NSW,,https://www.proquest.com/docview/2824322166
worthwhile,2824511855,ET Sustainability Forum: 'Carrot &amp; stick' policy for faster green transition [India],2023-06-12,Newspapers,,29263,The Economic Times,New Delhi,,,https://www.proquest.com/docview/2824511855
worthwhile,2825032525,Sunak must be ambitious and heed Biden's investment blitz on energy,2023-06-13,Newspapers,,33554,The Daily Telegraph,Tonbridge,,,https://www.proquest.com/docview/2825032525
risk,2825084521,"March 11, 2023 (Page B2)",2023-03-11,Newspapers,,2047932,Toronto Star (2010-),Toronto,Ontario,,https://www.proquest.com/docview/2825084521
worthwhile,2825293962,Britain is not being ambitious enough in the battle to secure energy supplies,2023-06-13,Newspapers,"['Kapadia, Cyrus']",1986348,Telegraph.co.uk,London,,,https://www.proquest.com/docview/2825293962
unrelated,2826620224,Dirty coal is king and Canada bows down,2023-06-17,Newspapers,,44892,Toronto Star,Toronto,Ontario,,https://www.proquest.com/docview/2826620224
unrelated,2827014906,World: How will the EU reach its 2040 climate targets?,2023-06-19,Newspapers,,656306,Asia News Monitor,Bangkok,,,https://www.proquest.com/docview/2827014906
unrelated,2827022405,Understanding China's Diplomatic Initiatives,2023-06-18,Newspapers,,646549,The Friday Times,New Delhi,,,https://www.proquest.com/docview/2827022405
unrelated,2827163036,Responsibility and the complexities of climate leadership,2023-06-19,Newspapers,,866348,The Hindu,Chennai,Tamil Nadu,,https://www.proquest.com/docview/2827163036
unrelated,2827359031,Boris Johnson latest: MPs back partygate report-as only seven vote in favour of ex-PM,2023-06-19,Newspapers,"['Penna, Dominic']",1986348,Telegraph.co.uk,London,,,https://www.proquest.com/docview/2827359031
risk,2827468147,Ignoring the Fiction of a Nuclear Silver Bullet,2023-06-15,Newspapers,"['Jealous, Ben']",45339,Washington Informer,WASHINGTON,DC,,https://www.proquest.com/docview/2827468147
unrelated,2827668114,Funding boost to aid minerals supply chain,2023-06-21,Newspapers,,43154,The Age,Sydney,New South Wales,,https://www.proquest.com/docview/2827668114
worthwhile,2827802369,"Europe cannot reach net zero without nuclear, Rolls-Royce chief says",2023-06-20,Newspapers,"['Mustoe, Howard']",1986348,Telegraph.co.uk,London,,,https://www.proquest.com/docview/2827802369
risk,2827808674,"Labour’s green energy plan risks the lights going out, says TIM NEWARK",2023-06-20,Newspapers,"['Newark, Tim']",2030468,Express (Online),London,,,https://www.proquest.com/docview/2827808674
worthwhile,2827831966,Rolls warns Europe over net zero target [Edition 2],2023-06-21,Newspapers,,33554,The Daily Telegraph,Tonbridge,,,https://www.proquest.com/docview/2827831966
worthwhile,2827832119,Rolls warns Europe over net zero target,2023-06-21,Newspapers,,33554,The Daily Telegraph,Tonbridge,,,https://www.proquest.com/docview/2827832119
unrelated,2828398072,EDITORIAL / Ordinary Diet session ends / Hard to say important policy issues were thoroughly debated,2023-06-23,Newspapers,,736331,The Japan News,Tokyo,,,https://www.proquest.com/docview/2828398072
worthwhile,2828929756,"India, US expand strategic ties to critical mineral, SMR N-tech [India Business]",2023-06-24,Newspapers,"['Dutta, Sanjay']",29265,The Times of India,New Delhi,,,https://www.proquest.com/docview/2828929756
unrelated,2828939276,"With a historic joint statement, India and US inaugurate a new chapter in ties",2023-06-24,Newspapers,,29618,The Hindustan Times,New Delhi,,,https://www.proquest.com/docview/2828939276
unrelated,2828987897,'Labour is now the political wing of Just Stop Oil',2023-06-24,Newspapers,,33554,The Daily Telegraph,Tonbridge,,,https://www.proquest.com/docview/2828987897
unrelated,2829036442,Full text of US President Joe Biden’s and PM Narendra Modi’s joint statement on areas of cooperation,2023-06-23,Newspapers,,55068,Indian Express,NEW DELHI,,,https://www.proquest.com/docview/2829036442
unrelated,2829049702,Deputy PM speaks about private finance mobilisation at Paris Summit on global finance,2023-06-23,Newspapers,,4368386,Vietnam News Gazette,,,,https://www.proquest.com/docview/2829049702
worthwhile,2829054675,Wish upon a 'star in a jar': The promise of nuclear fusion,2023-06-24,Newspapers,"['sphcomsg, hspillai']",33677,The Business Times,News Centre,,,https://www.proquest.com/docview/2829054675
unrelated,2829066139,Deputy PM highlights importance of private sector in green economy,2023-06-23,Newspapers,,4371406,Viet Nam News,,,,https://www.proquest.com/docview/2829066139
risk,2829194294,Letters,2023-06-26,Newspapers,,2040384,The Australian Financial Review,Pyrmont,NSW,,https://www.proquest.com/docview/2829194294
risk,2829196966,India and the US Fast-track Nuclear Reactor Talks for Kovvada Project,2023-06-25,Newspapers,"['Siddqui, Huma']",105397,Financial Express,NEW DELHI,,,https://www.proquest.com/docview/2829196966
unrelated,2829209230,United States: Joint Statement from the United States and India,2023-06-26,Newspapers,,656306,Asia News Monitor,Bangkok,,,https://www.proquest.com/docview/2829209230
worthwhile,2829330648,India becomes 12th member of club on critical minerals [Times Special],2023-06-24,Newspapers,"['Dutta, Sanjay']",816369,The Times of India (Online),New Delhi,,,https://www.proquest.com/docview/2829330648
unrelated,2829373668,INDIA-US joint statement by President Biden and PM Modi - Full text,2023-06-26,Newspapers,,646546,The South Asian Times,New Delhi,,,https://www.proquest.com/docview/2829373668
worthwhile,2829981622,"March 29, 2023 (Page A7)",2023-03-29,Newspapers,,2047932,Toronto Star (2010-),Toronto,Ontario,,https://www.proquest.com/docview/2829981622
worthwhile,2831301931,China’s thorium reactor a step towards a clean energy future… But what about India?,2023-06-30,Newspapers,"['Siddqui, Huma']",105397,Financial Express,NEW DELHI,,,https://www.proquest.com/docview/2831301931
worthwhile,2831387759,"Transition financing, loan guarantees sought for nuclear tech deployment in PH",2023-06-30,Newspapers,,3930286,Manila Bulletin,New Delhi,,,https://www.proquest.com/docview/2831387759
unrelated,2831428573,"Belt, Road a boon for global cooperation",2023-06-07,Newspapers,,2030555,China Daily,BEIJING,,,https://www.proquest.com/docview/2831428573
unrelated,2831452931,Hydrogen to play bigger role in green transition,2022-01-05,Newspapers,"['Zheng, Xin']",2030555,China Daily,BEIJING,,,https://www.proquest.com/docview/2831452931
worthwhile,2831453097,Macron's nuclear ramp-up stirs debate in Europe,2022-02-15,Newspapers,"['Chen, Weihua']",2030555,China Daily,BEIJING,,,https://www.proquest.com/docview/2831453097
unrelated,2831479569,Russia and China: A future-oriented strategic partnership,2022-02-05,Newspapers,,2030555,China Daily,BEIJING,,,https://www.proquest.com/docview/2831479569
unrelated,2831573912,Nation powers ahead with hydrogen use at games,2022-02-09,Newspapers,"['Zheng, Xin']",2030555,China Daily,BEIJING,,,https://www.proquest.com/docview/2831573912
worthwhile,2831629075,Nuclear power gets energetic push,2022-05-20,Newspapers,"['Zheng, Xin']",2030555,China Daily,BEIJING,,,https://www.proquest.com/docview/2831629075
worthwhile,2831708482,Transition financing for nuclear tech in PH sought,2023-06-30,Newspapers,,3930286,Manila Bulletin,New Delhi,,,https://www.proquest.com/docview/2831708482
unrelated,2831719352,Energy security in the time of market turmoil,2022-08-15,Newspapers,,2030555,China Daily,BEIJING,,,https://www.proquest.com/docview/2831719352
worthwhile,2831741797,US makes breakthrough in nuclear fusion research,2022-12-15,Newspapers,,2030555,China Daily,BEIJING,,,https://www.proquest.com/docview/2831741797
unrelated,2831758262,US move draws sharp criticism from Europe,2023-01-09,Newspapers,"['Chen, Yingqun']",2030555,China Daily,BEIJING,,,https://www.proquest.com/docview/2831758262
worthwhile,2831808788,City is set to thrive as green-technology and finance hub,2023-04-21,Newspapers,,2030555,China Daily,BEIJING,,,https://www.proquest.com/docview/2831808788
risk,2832147371,"Gas, coal exports poised to plunge",2023-07-03,Newspapers,,42763,The Australian,Surry Hills,NSW,,https://www.proquest.com/docview/2832147371
unrelated,2832289817,Vietnam: Deputy PM highlights importance of private sector in green economy,2023-07-04,Newspapers,,656306,Asia News Monitor,Bangkok,,,https://www.proquest.com/docview/2832289817
risk,2832289825,Gas and coal exports set to plunge,2023-07-02,Newspapers,"['Brown, Greg']",636359,The Australian (Online),Surry Hills,NSW,,https://www.proquest.com/docview/2832289825
risk,2832465606,Ignore the ﬁction of a nuclear silver bullet,2023-06-18,Newspapers,"['Jealous, Ben']",46477,Philadelphia Tribune,Philadelphia,PA,,https://www.proquest.com/docview/2832465606
unrelated,2832836588,China: Keynote Speech by Chinese Ambassador to Indonesia Lu Kang at the School of Strategic and Global Studies of Universitas Indonesia,2023-07-05,Newspapers,,656306,Asia News Monitor,Bangkok,,,https://www.proquest.com/docview/2832836588
risk,2833531533,Province eyes nuclear expansion,2023-07-06,Newspapers,,44892,Toronto Star,Toronto,Ontario,,https://www.proquest.com/docview/2833531533
worthwhile,2833771809,Dutton: turn coal plants to nuclear,2023-07-07,Newspapers,,42763,The Australian,Surry Hills,NSW,,https://www.proquest.com/docview/2833771809
worthwhile,2833772710,Dutton: turn coal plants to nuclear,2023-07-07,Newspapers,,42763,The Australian,Surry Hills,NSW,,https://www.proquest.com/docview/2833772710
worthwhile,2833943920,Peter Dutton: turn coal-powered plants to nuclear,2023-07-06,Newspapers,"['Benson, Simon']",636359,The Australian (Online),Surry Hills,NSW,,https://www.proquest.com/docview/2833943920
unrelated,2834347823,The world doesn't need a China-U.S. economic war,2023-07-07,Newspapers,"['Mintz, Jack M']",45458,National Post,Toronto,Ontario,,https://www.proquest.com/docview/2834347823
risk,2834581711,State may lift ban on building reactors [Corrected 07/12/2023],2023-07-09,Newspapers,"['Petrella, Dan']",46852,Chicago Tribune,Chicago,IL,,https://www.proquest.com/docview/2834581711
risk,2835650391,The $1.5 trillion green challenge,2023-07-12,Newspapers,,42763,The Australian,Surry Hills,NSW,,https://www.proquest.com/docview/2835650391
risk,2835725385,"Dutton wants Australia to join the ""nuclear renaissance"" –&#xa0;but this dream has failed before",2023-07-12,Newspapers,,5425109,EveningReport.nz,NEW DELHI,,,https://www.proquest.com/docview/2835725385
worthwhile,2835738916,Nuclear power is a key part of a green future,2023-07-12,Newspapers,,46323,The Globe and Mail,Toronto,Ontario,,https://www.proquest.com/docview/2835738916
risk,2835767358,AI Pioneer's Nuclear Startup to List in SPAC,2023-07-12,Newspapers,"['Hiller, Jennifer', 'Ramkumar, Amrith']",10482,Wall Street Journal,South Brunswick,NJ,,https://www.proquest.com/docview/2835767358
worthwhile,2836075381,India and USA forge a joint path towards climate change and clean energy transformation,2023-07-12,Newspapers,"['Gupta, Aditya']",105397,Financial Express,NEW DELHI,,,https://www.proquest.com/docview/2836075381
worthwhile,2836463702,United States: DOE Announces $72 Million For Small Business Research and Development Grants,2023-07-14,Newspapers,,656306,Asia News Monitor,Bangkok,,,https://www.proquest.com/docview/2836463702
risk,2836610476,Letters to the Editor,2023-07-14,Newspapers,,42763,The Australian,Surry Hills,NSW,,https://www.proquest.com/docview/2836610476
risk,2836881108,Labor leaders must resolve closure of aged care centres,2023-07-13,Newspapers,,636359,The Australian (Online),Surry Hills,NSW,,https://www.proquest.com/docview/2836881108
risk,2836945589,FUTURE THINKING,2023-07-14,Newspapers,"['Winfield, Mark']",46323,The Globe and Mail,Toronto,Ontario,,https://www.proquest.com/docview/2836945589
risk,2837198359,Welcome to the Boondoggle Transition,2023-07-14,Newspapers,,45458,National Post,Toronto,Ontario,,https://www.proquest.com/docview/2837198359
worthwhile,2837254965,MEGAPROJECT RECHARGED,2023-07-15,Newspapers,"['Mcclearn, Matthew']",46323,The Globe and Mail,Toronto,Ontario,,https://www.proquest.com/docview/2837254965
risk,2837280609,Ontario doubles down on nuclear,2023-07-15,Newspapers,,44892,Toronto Star,Toronto,Ontario,,https://www.proquest.com/docview/2837280609
worthwhile,2837287782,PM Inaugurates Chashma Nuclear Power Plant Unit-5 with $3.48 bn Investment,2023-07-15,Newspapers,,166154,The Regional Times of Sindh,,,,https://www.proquest.com/docview/2837287782
unrelated,2838018559,"Expert Explains: With PM Modi’s visit, how India-France ties might shape up with a new roadmap for 2047",2023-07-16,Newspapers,"['Sachdeva, Gulshan']",55068,Indian Express,NEW DELHI,,,https://www.proquest.com/docview/2838018559
risk,2838031520,Renewables vision blind to the cost of calamity,2023-07-17,Newspapers,,42763,The Australian,Surry Hills,NSW,,https://www.proquest.com/docview/2838031520
risk,2838147171,UK's energy goals risk being lost in wonderland without urgent planning overhaul,2023-07-17,Newspapers,"['Earl, Nicholas']",686317,City A.M.,Tunbridge Wells,,,https://www.proquest.com/docview/2838147171
risk,2838237327,Downer's Rolls-Royce advice,2023-07-18,Newspapers,,2040384,The Australian Financial Review,Pyrmont,NSW,,https://www.proquest.com/docview/2838237327
worthwhile,2838239219,Renewables vision is blind to the cost of calamity,2023-07-16,Newspapers,"['Cater, Nick']",636359,The Australian (Online),Surry Hills,NSW,,https://www.proquest.com/docview/2838239219
worthwhile,2838730336,India’s policy push for SMRs a timely step to ensure energy security,2023-07-18,Newspapers,"['Mishra, Sitakanta']",105397,Financial Express,NEW DELHI,,,https://www.proquest.com/docview/2838730336
risk,2838780447,"Small nuclear reactors are a big, but sensible, step forward – now get on with it",2023-07-18,Newspapers,"['Pratley, Nils']",35249,The Guardian,London,,,https://www.proquest.com/docview/2838780447
unrelated,2838868877,"Politics latest news: Ministers face reshuffle as soon as this week, Ben Wallace says",2023-07-18,Newspapers,"['Penna, Dominic']",1986348,Telegraph.co.uk,London,,,https://www.proquest.com/docview/2838868877
risk,2838905308,Green funding is do or die for steelworks,2023-07-19,Newspapers,"['Phillips, Lauren']",26175,Western Mail,London,,,https://www.proquest.com/docview/2838905308
worthwhile,2839208442,Lift nuclear power ban and let the market do its magic,2023-07-20,Newspapers,,2040384,The Australian Financial Review,Pyrmont,NSW,,https://www.proquest.com/docview/2839208442
unrelated,2839404205,UAE companies sign deals worth over $50 billion with Turkey,2023-07-19,Newspapers,,616372,Gulf News,Camden,DE,,https://www.proquest.com/docview/2839404205
unrelated,2839411347,UAE Ministry of Investment announces agreements worth over $50 billion in Republic of Türkiye,2023-07-19,Newspapers,"['Nashar, Khoder']",40133,Emirates News Agency (WAM),Camden,DE,,https://www.proquest.com/docview/2839411347
worthwhile,2839506542,United Kingdom: British nuclear revival to move towards energy independence,2023-07-20,Newspapers,,656306,Asia News Monitor,Bangkok,,,https://www.proquest.com/docview/2839506542
unrelated,2839590619,Environmental issues hold unique promise for fostering negotiation in Persian Gulf: analysis,2023-07-19,Newspapers,,2044882,Tehran Times,Camden,DE,,https://www.proquest.com/docview/2839590619
unrelated,2839651634,"Saudi Arabia, Türkiye Agree to Create Favorable Business Environment, Empower Private Sector",2023-07-20,Newspapers,,646330,Asharq Alawsat,Camden,DE,,https://www.proquest.com/docview/2839651634
risk,2839661853,Japan's EV Misstep Is a Cautionary Tale for Industrial Policy,2023-07-20,Newspapers,"['Brew, Gregory', 'Webber, Michael E']",2048938,Barron's (Online),South Brunswick,NJ,,https://www.proquest.com/docview/2839661853
unrelated,2839702907,UAE to inject enormous investments worth over USD 50 billion in Turkey’s key sectors,2023-07-20,Newspapers,,2040459,Egypt Independent,Camden,DE,,https://www.proquest.com/docview/2839702907
unrelated,2839825884,Canada: Premiers and Federal Ministers Agree to Renew Atlantic Growth Strategy,2023-07-21,Newspapers,,656306,Asia News Monitor,Bangkok,,,https://www.proquest.com/docview/2839825884
worthwhile,2839911380,Green funding is do or die for steelworks,2023-07-20,Newspapers,,27552,South Wales Evening Post,London,,,https://www.proquest.com/docview/2839911380
risk,2840659754,OILFIELD FIND RAISES SLIPPERY QUESTIONS FOR THE GOVERNMENT,2023-07-23,Newspapers,"['Wilson, Paul']",46327,Scotland on Sunday,Tunbridge Wells,,,https://www.proquest.com/docview/2840659754
unrelated,2840919341,Ten Questions to Ask Yourself About the Transition to Renewables: The effort to reduce dependence on fossil fuels raises all sorts of issues that won't be easy to address. But they demand our attention.,2023-07-24,Newspapers,,10482,Wall Street Journal,South Brunswick,NJ,,https://www.proquest.com/docview/2840919341
worthwhile,2841057093,Time for an energy paradigm shift,2023-07-17,Newspapers,"['RIGAS, MATHIOS']",33552,Jerusalem Post,Tel Aviv,,,https://www.proquest.com/docview/2841057093
risk,2841726696,The challenge of the costs of nuclear power,2023-07-26,Newspapers,,46323,The Globe and Mail,Toronto,Ontario,,https://www.proquest.com/docview/2841726696
worthwhile,2843470138,Sunak’s energy promises sideline net zero targets,2023-07-30,Newspapers,,2042848,The Independent (Daily Edition),London,,,https://www.proquest.com/docview/2843470138
unrelated,2843488467,"YEMI OSINBAJO : Renewable Energy will Empower Businesses, Create Jobs for Nigerians",2023-07-30,Newspapers,,2044875,This Day,Camden,DE,,https://www.proquest.com/docview/2843488467
worthwhile,2843509566,"Aboitiz presents for ABAC Sustainable Growth Working Group on nuclear energy for decarbonization, democratization of climate risk data",2023-07-29,Newspapers,,2032451,Business Mirror,,,,https://www.proquest.com/docview/2843509566
worthwhile,2843521117,"Back Rolls-Royce on nuclear, says ex-boss",2023-07-30,Newspapers,"['Washtell, Francesca']",45309,Mail on Sunday,London,,,https://www.proquest.com/docview/2843521117
worthwhile,2843521453,"Back Rolls-Royce on nuclear, says ex-boss",2023-07-30,Newspapers,"['Washtell, Francesca']",45309,Mail on Sunday,London,,,https://www.proquest.com/docview/2843521453
worthwhile,2843636891,Letters: How the Government embraced net zero without considering the basic practicalities,2023-07-30,Newspapers,,1986348,Telegraph.co.uk,London,,,https://www.proquest.com/docview/2843636891
risk,2843642876,"Government's 'ambitious' nuclear energy plans are a 'wish list', say MPs",2023-07-30,Newspapers,"['Whelan, Luke']",2030468,Express (Online),London,,,https://www.proquest.com/docview/2843642876
risk,2843757336,"Proposals to boost nuclear energy are just a wish list, ministers told",2023-07-31,Newspapers,"['Allen, Victoria']",46329,Daily Mail,London,,,https://www.proquest.com/docview/2843757336
risk,2843952195,"Plan to boost nuclear power production to hit net zero merely a ‘wish list’, MPs warn",2023-07-31,Newspapers,"['Oliver, Matt']",1986348,Telegraph.co.uk,London,,,https://www.proquest.com/docview/2843952195
worthwhile,2843967436,An opportunity for First Nations,2023-07-31,Newspapers,"['Exner-Pirot, Heather', 'Mccormick, Jesse']",45458,National Post,Toronto,Ontario,,https://www.proquest.com/docview/2843967436
worthwhile,2844040953,"Aboitiz presents nuclear energy for decarbonization, democratization of climate risk data to ABAC Sustainable Growth Working Group",2023-08-01,Newspapers,,3930286,Manila Bulletin,New Delhi,,,https://www.proquest.com/docview/2844040953
risk,2845237765,"Amber for fusion bid still means Go, say top brass",2023-08-03,Newspapers,"['Pridmore, Oliver']",75978,Nottingham Evening Post,London,,,https://www.proquest.com/docview/2845237765
worthwhile,2845346324,Nuclear energy's outlook bright despite lower earnings: Cameco CEO,2023-08-03,Newspapers,,44893,Montreal Gazette,Toronto,Ontario,,https://www.proquest.com/docview/2845346324
worthwhile,2845346466,"Cameco hikes outlook on rise in uranium demand, contracts",2023-08-03,Newspapers,,25399,Star - Phoenix,Toronto,Ontario,,https://www.proquest.com/docview/2845346466
worthwhile,2845346611,Cameco says outlook bright for nuclear power; Energy; Firm expects to sell high volume of Uranium,2023-08-03,Newspapers,,45458,National Post,Toronto,Ontario,,https://www.proquest.com/docview/2845346611
worthwhile,2845346989,Nuclear energy's outlook bright despite lower earnings: Cameco CEO,2023-08-03,Newspapers,,44338,Kingston Whig - Standard,Toronto,Ontario,,https://www.proquest.com/docview/2845346989
worthwhile,2845349250,Cameco optimistic despite earnings hit,2023-08-03,Newspapers,,27469,Leader Post,Toronto,Ontario,,https://www.proquest.com/docview/2845349250
worthwhile,2845359613,Nuclear energy's outlook bright despite lower earnings: Cameco CEO,2023-08-03,Newspapers,,44883,The Vancouver Sun,Toronto,Ontario,,https://www.proquest.com/docview/2845359613
worthwhile,2845359928,Nuclear energy's outlook bright despite lower earnings: Cameco CEO,2023-08-03,Newspapers,,44878,The Ottawa Citizen,Toronto,Ontario,,https://www.proquest.com/docview/2845359928
worthwhile,2845360243,Nuclear energy's outlook bright despite lower earnings: Cameco CEO,2023-08-03,Newspapers,,47083,Calgary Herald,Toronto,Ontario,,https://www.proquest.com/docview/2845360243
unrelated,2845413593,Targeting the families and private homes of elected politicans is unacceptable and the criminals who did this should be subject to the full force of the law,2023-08-04,Newspapers,,46329,Daily Mail,London,,,https://www.proquest.com/docview/2845413593
unrelated,2845413696,Targeting the families and private homes of elected politicans is unacceptable and the criminals who did this should be subject to the full force of the law,2023-08-04,Newspapers,,46329,Daily Mail,London,,,https://www.proquest.com/docview/2845413696
risk,2845417318,Targeting the families and private homes of elected politicians is unacceptable and the criminals who did this should be subject to the full force of the law,2023-08-04,Newspapers,,46329,Daily Mail,London,,,https://www.proquest.com/docview/2845417318
unrelated,2845417390,Targeting the families and private homes of elected politicans is unacceptable and the criminals who did this should be subject to the full force of the law,2023-08-04,Newspapers,,46329,Daily Mail,London,,,https://www.proquest.com/docview/2845417390
risk,2845538402,Energy-hungry AI making it hard for data centres to keep their cool on climate targets,2023-08-05,Newspapers,,43154,The Age,Sydney,New South Wales,,https://www.proquest.com/docview/2845538402
risk,2845538418,Energy-hungry AI making it hard for data centres to keep their cool on climate targets,2023-08-05,Newspapers,,44841,Sydney Morning Herald,Sydney,New South Wales,,https://www.proquest.com/docview/2845538418
worthwhile,2845959526,Britons could be set for bumper pay out as thousands of new pylons planned across UK,2023-08-04,Newspapers,"['King, Jon']",2030468,Express (Online),London,,,https://www.proquest.com/docview/2845959526
worthwhile,2846434423,Tory MPs urge Rishi to put petrol ban on hold or lose next election,2023-08-06,Newspapers,"['Walker, Jonathan']",2030466,The Express on Sunday,London,,,https://www.proquest.com/docview/2846434423
worthwhile,2846452362,Rolls-Royce: We can win the nuclear power race,2023-08-06,Newspapers,"['Washtell, Francesca']",45309,Mail on Sunday,London,,,https://www.proquest.com/docview/2846452362
worthwhile,2846453014,Rolls-Royce: We can win the nuclear power race,2023-08-06,Newspapers,"['Washtell, Francesca']",45309,Mail on Sunday,London,,,https://www.proquest.com/docview/2846453014
unrelated,2846775651,Politics behind move to halt energy plans: critics,2023-08-07,Newspapers,"['Tait, Carrie', 'Graney, Emma']",46323,The Globe and Mail,Toronto,Ontario,,https://www.proquest.com/docview/2846775651
worthwhile,2846796314,Singapore-based think tank moots nuclear inclusion in Asean Taxonomy,2023-08-07,Newspapers,['Wong'],33677,The Business Times,News Centre,,,https://www.proquest.com/docview/2846796314
worthwhile,2847205285,Another step towards nuclear fusion as new test yields even greater net energy,2023-08-08,Newspapers,"['Brasch, Ben']",27149,Irish Independent,London,,,https://www.proquest.com/docview/2847205285
worthwhile,2847227139,Another New Nuclear Reactor Energizes U.S. Clean Energy Hopes,2023-08-08,Newspapers,,2040502,Yerepouni Daily News,Camden,DE,,https://www.proquest.com/docview/2847227139
unrelated,2847347405,"United States: Press Gaggle by Press Secretary Karine Jean-Pierre and National Climate Advisor Ali Zaidi En Route Grand Canyon Village, AZ",2023-08-09,Newspapers,,656306,Asia News Monitor,Bangkok,,,https://www.proquest.com/docview/2847347405
worthwhile,2847487443,"US scientists trying to harness the power of the sun have made a 2nd major breakthrough for the future of sustainable, green energy",2023-08-08,Newspapers,"['McGrath, Jenny']",4682318,Business Insider,New York,NY,,https://www.proquest.com/docview/2847487443
worthwhile,2847955630,It’s becoming clearer that energy mix is needed to end power crisis,2023-08-10,Newspapers,,39818,The Star,Johannesburg,,,https://www.proquest.com/docview/2847955630
worthwhile,2847993906,"Renewable energy is a foolish fantasy. Nuclear power is safe, and the only way to go green",2023-08-09,Newspapers,"['Leyland, Bryan']",1986348,Telegraph.co.uk,London,,,https://www.proquest.com/docview/2847993906
risk,2848130808,Grattan on Friday: The Coalition's likely embrace of nuclear energy is high-risk politics,2023-08-10,Newspapers,,5425109,EveningReport.nz,NEW DELHI,,,https://www.proquest.com/docview/2848130808
unrelated,2848237793,"UAE worthy of hosting COP28 building on organisational expertise, energy transition achievements: Iraqi expert",2023-08-10,Newspapers,,40133,Emirates News Agency (WAM),Camden,DE,,https://www.proquest.com/docview/2848237793
unrelated,2848460004,"Canada: Government of Canada Releases Vision to Build a Clean, Affordable and Reliable Electricity System to Power Canada Forward",2023-08-11,Newspapers,,656306,Asia News Monitor,Bangkok,,,https://www.proquest.com/docview/2848460004
risk,2848474951,ESG hiccup: Sustainable investment losses in 2022 highlight some market realities,2022-07-18,Newspapers,,33677,The Business Times,News Centre,,,https://www.proquest.com/docview/2848474951
worthwhile,2848478811,There can be life without Russian gas,2022-05-03,Newspapers,,33677,The Business Times,News Centre,,,https://www.proquest.com/docview/2848478811
unrelated,2848484306,Singapore must act decisively to safeguard energy security,2022-04-27,Newspapers,"['Cheung, Paul', 'Quah']",33677,The Business Times,News Centre,,,https://www.proquest.com/docview/2848484306
risk,2849017275,Nuclear power play a risky move,2023-08-12,Newspapers,,726339,The Canberra Times,Canberra ACT,,,https://www.proquest.com/docview/2849017275
risk,2849017300,Nuclear power play a risky move,2023-08-12,Newspapers,,726339,The Canberra Times,Canberra ACT,,,https://www.proquest.com/docview/2849017300
risk,2849017595,Nuclear power play a risky move,2023-08-12,Newspapers,,726339,The Canberra Times,Canberra ACT,,,https://www.proquest.com/docview/2849017595
worthwhile,2849151206,Stop playing games and start prioritising policy,2023-08-12,Newspapers,,42764,Weekend Australian,Surry Hills,NSW,,https://www.proquest.com/docview/2849151206
risk,2849214580,"Bush Summit 2023: Water, the Voice, renewables, city divide, drought the big issues",2023-08-11,Newspapers,"['Armstrong, Clare', 'Leeming, Lachlan', 'Bharadwaj, Angira', 'Benns, Matthew']",636369,The Daily Telegraph (Online),Surry Hills,NSW,,https://www.proquest.com/docview/2849214580
worthwhile,2849313562,"On climate and Indigenous voice to parliament, stop playing games and start prioritising policy",2023-08-11,Newspapers,"['Kenny, Chris']",636359,The Australian (Online),Surry Hills,NSW,,https://www.proquest.com/docview/2849313562
worthwhile,2850361736,Environment can’t afford cost of saving the planet,2023-08-15,Newspapers,,42763,The Australian,Surry Hills,NSW,,https://www.proquest.com/docview/2850361736
unrelated,2850451370,THE BURNING QUESTIONS,2023-08-12,Newspapers,"['Lynch, Kevin', 'Deegan, Paul']",46323,The Globe and Mail,Toronto,Ontario,,https://www.proquest.com/docview/2850451370
worthwhile,2850453828,Environment can’t afford cost to save the planet,2023-08-14,Newspapers,"['Sloan, Judith']",636359,The Australian (Online),Surry Hills,NSW,,https://www.proquest.com/docview/2850453828
worthwhile,2851387846,Nuclear energy still has a part to play in our future,2023-08-17,Newspapers,,42789,The Daily Telegraph,Surry Hills,NSW,,https://www.proquest.com/docview/2851387846
worthwhile,2851389264,Nuclear energy still has a part to play in our future,2023-08-17,Newspapers,,42765,The Advertiser,Surry Hills,NSW,,https://www.proquest.com/docview/2851389264
worthwhile,2851394118,Nuclear energy becoming a more affordable option,2023-08-17,Newspapers,,42785,The Courier - Mail,Surry Hills,NSW,,https://www.proquest.com/docview/2851394118
unrelated,2851690438,Britain told to play catch up in clean energy race as US subsidy act flies,2023-08-17,Newspapers,"['Earl, Nicholas']",686317,City A.M.,Tunbridge Wells,,,https://www.proquest.com/docview/2851690438
risk,2853937568,Nuclear scheme 'to take decades',2023-08-22,Newspapers,,43154,The Age,Sydney,New South Wales,,https://www.proquest.com/docview/2853937568
risk,2853938855,"Nuclear idea implausible, say experts",2023-08-22,Newspapers,,44841,Sydney Morning Herald,Sydney,New South Wales,,https://www.proquest.com/docview/2853938855
unrelated,2854285183,"May 18, 2023 (Page A6)",2023-05-18,Newspapers,,2047932,Toronto Star (2010-),Toronto,Ontario,,https://www.proquest.com/docview/2854285183
worthwhile,2854343236,Nuclear resistance casts Australia as energy laggard nation,2023-08-21,Newspapers,"['Sloan, Judith']",636359,The Australian (Online),Surry Hills,NSW,,https://www.proquest.com/docview/2854343236
worthwhile,2854351792,Reactor disaster weighs on Japan energy strategy,2023-08-23,Newspapers,,2040384,The Australian Financial Review,Pyrmont,NSW,,https://www.proquest.com/docview/2854351792
worthwhile,2856762596,Tech Breakthrough Makes $2.5 Trillion Hydrogen Boom Possible,2023-08-25,Newspapers,,2040502,Yerepouni Daily News,Camden,DE,,https://www.proquest.com/docview/2856762596
risk,2857441937,Veteran community rallies to offer thanks,2023-08-27,Newspapers,,636411,The Northern Daily Leader,Canberra ACT,,,https://www.proquest.com/docview/2857441937
unrelated,2857497827,How Mohammed bin Salman forced Saudi Arabia back on to the world stage,2023-08-27,Newspapers,,32356,The Sunday Telegraph,Tonbridge,,,https://www.proquest.com/docview/2857497827
unrelated,2857688664,Letters to the Editor,2023-08-28,Newspapers,,42763,The Australian,Surry Hills,NSW,,https://www.proquest.com/docview/2857688664
unrelated,2857700186,Mohammed bin Salman has his swagger back – the West must beware,2023-08-27,Newspapers,"['Judah, Ben']",1986348,Telegraph.co.uk,London,,,https://www.proquest.com/docview/2857700186
unrelated,2857819817,Show of support now for Taiwan the best way to deter China,2023-08-27,Newspapers,,636359,The Australian (Online),Surry Hills,NSW,,https://www.proquest.com/docview/2857819817
unrelated,2858020070,"China: Foreign Ministry Spokesperson Wang Wenbin's Regular Press Conference on August 25, 2023",2023-08-29,Newspapers,,656306,Asia News Monitor,Bangkok,,,https://www.proquest.com/docview/2858020070
risk,2858158718,THE UK CANNOT AFFORD TO EXIT THE SUBSIDY RACE,2023-08-29,Newspapers,,686317,City A.M.,Tunbridge Wells,,,https://www.proquest.com/docview/2858158718
risk,2858183124,"May 26, 2023 (Page A2)",2023-05-26,Newspapers,,2047932,Toronto Star (2010-),Toronto,Ontario,,https://www.proquest.com/docview/2858183124
risk,2858183707,"May 27, 2023 (Page IN8)",2023-05-27,Newspapers,,2047932,Toronto Star (2010-),Toronto,Ontario,,https://www.proquest.com/docview/2858183707
worthwhile,2858222662,COP28: Illuminating the path to climate action,2023-08-29,Newspapers,,616372,Gulf News,Camden,DE,,https://www.proquest.com/docview/2858222662
risk,2859048749,Letters,2023-09-01,Newspapers,,2040384,The Australian Financial Review,Pyrmont,NSW,,https://www.proquest.com/docview/2859048749
risk,2859050807,Soaring prices challenge 2030 climate targets,2023-09-01,Newspapers,,2040384,The Australian Financial Review,Pyrmont,NSW,,https://www.proquest.com/docview/2859050807
risk,2859606873,"Energy needs contest of ideas, not a rigid central plan",2023-09-02,Newspapers,,2040384,The Australian Financial Review,Pyrmont,NSW,,https://www.proquest.com/docview/2859606873
risk,2859607475,Renewables rush could push up interest rates,2023-09-02,Newspapers,,2040384,The Australian Financial Review,Pyrmont,NSW,,https://www.proquest.com/docview/2859607475
risk,2859679879,Germany: Energy Fears Spur German Industrials to Seek Investments Abroad,2023-09-04,Newspapers,,656306,Asia News Monitor,Bangkok,,,https://www.proquest.com/docview/2859679879
unrelated,2859770369,Completely abolish solidarity surcharge,2023-09-02,Newspapers,,54211,Welt am Sonntag,Berlin,,,https://www.proquest.com/docview/2859770369
worthwhile,2859986872,The Gen Z rebels planning a Greenpeace counter-attack,2023-09-02,Newspapers,"['Oliver, Matt']",1986348,Telegraph.co.uk,London,,,https://www.proquest.com/docview/2859986872
worthwhile,2860010019,Why teenage rebels now back nuclear power to save the planet,2023-09-03,Newspapers,,32356,The Sunday Telegraph,Tonbridge,,,https://www.proquest.com/docview/2860010019
unrelated,2860191125,Letters,2023-09-03,Newspapers,,42785,The Courier - Mail,Surry Hills,NSW,,https://www.proquest.com/docview/2860191125
risk,2860277557,Natural Gas Stands To Win As Offshore Wind Takes A Hit,2023-09-04,Newspapers,,2040502,Yerepouni Daily News,Camden,DE,,https://www.proquest.com/docview/2860277557
unrelated,2860865811,World: Back to work: the EU's to-do list between now and the 2024 elections,2023-09-06,Newspapers,,656306,Asia News Monitor,Bangkok,,,https://www.proquest.com/docview/2860865811
worthwhile,2861476136,Letters to the Editor,2023-09-07,Newspapers,,42763,The Australian,Surry Hills,NSW,,https://www.proquest.com/docview/2861476136
worthwhile,2861640750,Financial interests must not impede energy strategies,2023-09-06,Newspapers,,636359,The Australian (Online),Surry Hills,NSW,,https://www.proquest.com/docview/2861640750
worthwhile,2862080108,Nuclear energy can supercharge global clean energy transition: ENEC official,2023-09-08,Newspapers,"['AlGhoul, Rola']",40133,Emirates News Agency (WAM),Camden,DE,,https://www.proquest.com/docview/2862080108
worthwhile,2862650186,United Kingdom: UK Export Finance strengthens ties with Japan's export credit agency NEXI,2023-09-11,Newspapers,,656306,Asia News Monitor,Bangkok,,,https://www.proquest.com/docview/2862650186
unrelated,2862776096,G20 Summit: Full text of New Delhi G20 Leaders Declaration. Read here,2023-09-09,Newspapers,,75999,Mint,New Delhi,,,https://www.proquest.com/docview/2862776096
risk,2862838434,"Sunday Mail EDITORIAL Price, reliability are key in our energy revolution",2023-09-10,Newspapers,,42765,The Advertiser,Surry Hills,NSW,,https://www.proquest.com/docview/2862838434
unrelated,2863104555,World grapples with higher oil prices,2023-09-10,Newspapers,,55095,Financial Mirror,Camden,DE,,https://www.proquest.com/docview/2863104555
risk,2863615183,"Britain needs China to hit net zero, says Kemi Badenoch",2023-09-11,Newspapers,"['Riley-Smith, Ben']",1986348,Telegraph.co.uk,London,,,https://www.proquest.com/docview/2863615183
unrelated,2863971744,"China, EU can make G20 more inclusive",2023-09-13,Newspapers,,2030555,China Daily,BEIJING,,,https://www.proquest.com/docview/2863971744
unrelated,2863972086,"China, EU can make G20 more inclusive",2023-09-13,Newspapers,,2030588,China Daily,BEIJING,,,https://www.proquest.com/docview/2863972086
risk,2863984773,LETTERS TO THE EDITOR,2023-09-13,Newspapers,,42763,The Australian,Surry Hills,NSW,,https://www.proquest.com/docview/2863984773
risk,2863988040,LETTERS TO THE EDITOR,2023-09-13,Newspapers,,42763,The Australian,Surry Hills,NSW,,https://www.proquest.com/docview/2863988040
unrelated,2864062998,Revealed: Arabian Business 100 Most Inspiring Leaders,2023-09-13,Newspapers,,39150,Arabianbusiness.com,Camden,DE,,https://www.proquest.com/docview/2864062998
risk,2864112689,Bloated government the real obstacle to reducing taxes,2023-09-12,Newspapers,,636359,The Australian (Online),Surry Hills,NSW,,https://www.proquest.com/docview/2864112689
risk,2864392588,Hedge fund slams hydrogen bets as 'waste of time'; Capital costs,2023-09-13,Newspapers,,45458,National Post,Toronto,Ontario,,https://www.proquest.com/docview/2864392588
unrelated,2864612723,China: Proposal of the People's Republic of China on the Reform and Development of Global Governance,2023-09-15,Newspapers,,656306,Asia News Monitor,Bangkok,,,https://www.proquest.com/docview/2864612723
risk,2864612803,Nuclear option flagged as Wagga to host future of energy forum,2023-09-15,Newspapers,,636431,The Daily Advertiser,Canberra ACT,,,https://www.proquest.com/docview/2864612803
risk,2864612899,Nuclear option flagged as Wagga to host future of energy forum,2023-09-15,Newspapers,,636431,The Daily Advertiser,Canberra ACT,,,https://www.proquest.com/docview/2864612899
risk,2865007991,Nuclear option's on the table at forum,2023-09-16,Newspapers,,636431,The Daily Advertiser,Canberra ACT,,,https://www.proquest.com/docview/2865007991
worthwhile,2865407916,How nuclear fusion rockets could launch a new era of super-fast space travel,2023-09-17,Newspapers,"['Cuthbertson, Anthony']",2042848,The Independent (Daily Edition),London,,,https://www.proquest.com/docview/2865407916
risk,2865490195,Climate minister Chris Bowen says replacing coal-fired power stations with nuclear would cost $387 billion,2023-09-18,Newspapers,,5425109,EveningReport.nz,NEW DELHI,,,https://www.proquest.com/docview/2865490195
worthwhile,2865660968,"How China's clean power biz, tech are changing world",2023-09-18,Newspapers,"['Zheng, Xin']",2030588,China Daily,BEIJING,,,https://www.proquest.com/docview/2865660968
worthwhile,2865660992,"How China's clean power biz, tech are changing world",2023-09-18,Newspapers,"['Zheng, Xin']",2030555,China Daily,BEIJING,,,https://www.proquest.com/docview/2865660992
worthwhile,2865680499,Future energy mix must be shaped by cost benefits,2023-09-18,Newspapers,,42763,The Australian,Surry Hills,NSW,,https://www.proquest.com/docview/2865680499
risk,2865686107,"France is more supportive of us than Britain, says UK nuclear startup",2023-09-17,Newspapers,"['Mustoe, Howard']",1986348,Telegraph.co.uk,London,,,https://www.proquest.com/docview/2865686107
worthwhile,2865736238,"Climate urgency will push South-east Asia to confront fuel subsidies, LNG and offsets",2023-09-18,Newspapers,"['Lim, Janice', 'Wong']",33677,The Business Times,News Centre,,,https://www.proquest.com/docview/2865736238
worthwhile,2865767153,Future energy mix must be shaped by cost benefits,2023-09-17,Newspapers,,636359,The Australian (Online),Surry Hills,NSW,,https://www.proquest.com/docview/2865767153
worthwhile,2866090087,"United States: California Lawsuit Says Oil Giants Deceived Public on Climate, Seeks Funds for Storm Damage",2023-09-20,Newspapers,,656306,Asia News Monitor,Bangkok,,,https://www.proquest.com/docview/2866090087
unrelated,2866161980,Power struggle and a ‘shocked’ minister,2023-09-20,Newspapers,,42763,The Australian,Surry Hills,NSW,,https://www.proquest.com/docview/2866161980
unrelated,2866163557,Power struggle and a ‘shocked’ minister,2023-09-20,Newspapers,,42763,The Australian,Surry Hills,NSW,,https://www.proquest.com/docview/2866163557
unrelated,2866305645,"June 17, 2023 (Page B2)",2023-06-17,Newspapers,,2047932,Toronto Star (2010-),Toronto,Ontario,,https://www.proquest.com/docview/2866305645
risk,2866346945,Rollout rage: power struggle and a ‘shocked minister’,2023-09-19,Newspapers,"['Chambers, Geoff', 'Ison, Sarah']",636359,The Australian (Online),Surry Hills,NSW,,https://www.proquest.com/docview/2866346945
worthwhile,2866375770,Bowen is running out of time and options on power,2023-09-19,Newspapers,,636359,The Australian (Online),Surry Hills,NSW,,https://www.proquest.com/docview/2866375770
worthwhile,2866752029,Power trip; Energy transition opens up investing opportunities with canadian firms,2023-09-20,Newspapers,"['Budhwar, Aman']",45458,National Post,Toronto,Ontario,,https://www.proquest.com/docview/2866752029
risk,2866764400,Dutton's nuclear plans are getting under Labor's skin,2023-09-22,Newspapers,,2040384,The Australian Financial Review,Pyrmont,NSW,,https://www.proquest.com/docview/2866764400
unrelated,2866945495,Jeremy Hunt faces 'difficult decisions' ahead of Autumn Statement,2023-09-21,Newspapers,"['Mawardi, Adam', 'Lawford, Melissa', 'Price, Chris']",1986348,Telegraph.co.uk,London,,,https://www.proquest.com/docview/2866945495
worthwhile,2867239100,World: 'Three Seas' countries are looking to harness next-generation nuclear energy,2023-09-25,Newspapers,,656306,Asia News Monitor,Bangkok,,,https://www.proquest.com/docview/2867239100
unrelated,2867276807,United Kingdom: PM speech on Net Zero,2023-09-25,Newspapers,,656306,Asia News Monitor,Bangkok,,,https://www.proquest.com/docview/2867276807
risk,2867404741,ALP launches early strike as Coalition flags nuclear option,2023-09-23,Newspapers,,42764,Weekend Australian,Surry Hills,NSW,,https://www.proquest.com/docview/2867404741
risk,2867524232,'Power like no other',2023-09-23,Newspapers,,2032451,Business Mirror,,,,https://www.proquest.com/docview/2867524232
worthwhile,2867565010,Labor launches early strike as Coalition flags nuclear option ahead of next election,2023-09-22,Newspapers,"['Kelly, Paul']",636359,The Australian (Online),Surry Hills,NSW,,https://www.proquest.com/docview/2867565010
unrelated,2867751816,"United States: Remarks by Deputy Secretary of Commerce Don Graves at the U.S. Advanced Industry and Technology Corporation Forum in Seoul, Korea",2023-09-25,Newspapers,,656306,Asia News Monitor,Bangkok,,,https://www.proquest.com/docview/2867751816
risk,2867838765,Letters to the Editor,2023-09-25,Newspapers,,42763,The Australian,Surry Hills,NSW,,https://www.proquest.com/docview/2867838765
risk,2867916247,Uranium Investors Bet Big On Nuclear Renaissance,2023-09-25,Newspapers,,2040502,Yerepouni Daily News,Camden,DE,,https://www.proquest.com/docview/2867916247
unrelated,2868085937,United States: Biden-Harris Administration Announces $325 Million For Long-Duration Energy Storage Projects to Increase Grid Resilience and Protect America's Communities,2023-09-26,Newspapers,,656306,Asia News Monitor,Bangkok,,,https://www.proquest.com/docview/2868085937
risk,2868086314,NT schooling scandal can’t become bureaucratic football,2023-09-24,Newspapers,,636359,The Australian (Online),Surry Hills,NSW,,https://www.proquest.com/docview/2868086314
risk,2868188301,Germany: Germany went from envy of the world to the worst-performing major developed economy. What happened?,2023-09-26,Newspapers,,656306,Asia News Monitor,Bangkok,,,https://www.proquest.com/docview/2868188301
unrelated,2868901307,California lawsuit says oil giants deceived public on climate,2023-09-21,Newspapers,"['Blood, Michael R']",39858,South Florida Times,FORT LAUDERDALE,FL,,https://www.proquest.com/docview/2868901307
unrelated,2868951103,A Global Community of Shared Future: China's Proposals and Actions,2023-09-27,Newspapers,,2030555,China Daily,BEIJING,,,https://www.proquest.com/docview/2868951103
unrelated,2868951154,A Global Community of Shared Future: China's Proposals and Actions,2023-09-27,Newspapers,,2030588,China Daily,BEIJING,,,https://www.proquest.com/docview/2868951154
worthwhile,2869654162,"World: European Commission is 'willing to consider' subsidies for nuclear technology, says von der Leyen",2023-09-29,Newspapers,,656306,Asia News Monitor,Bangkok,,,https://www.proquest.com/docview/2869654162
worthwhile,2869656518,United Kingdom: 67th IAEA General Conference: UK national statement,2023-09-29,Newspapers,,656306,Asia News Monitor,Bangkok,,,https://www.proquest.com/docview/2869656518
worthwhile,2869856521,Sustainable dividends from the nuclear power industry,2023-09-29,Newspapers,"['Clayton, Scott']",46323,The Globe and Mail,Toronto,Ontario,,https://www.proquest.com/docview/2869856521
worthwhile,2869888754,Dungeness could have a future in energy plan,2023-09-29,Newspapers,"['Esson, Daniel']",52490,The Kent and Sussex Courier,London,,,https://www.proquest.com/docview/2869888754
unrelated,2870131621,This is a crucial year for Africa’s renewable energy,2023-09-30,Newspapers,,29500,The Independent on Saturday,Johannesburg,,,https://www.proquest.com/docview/2870131621
unrelated,2870131726,This is a crucial year for Africa’s renewable energy,2023-09-30,Newspapers,,39818,The Star,Johannesburg,,,https://www.proquest.com/docview/2870131726
unrelated,2870132016,This is a crucial year for Africa’s renewable energy,2023-09-30,Newspapers,,45455,Cape Argus,Johannesburg,,,https://www.proquest.com/docview/2870132016
unrelated,2870151821,‘Big Oil has been lying’ for decades,2023-09-18,Newspapers,,27935,Manawatu Standard,Wellington,,,https://www.proquest.com/docview/2870151821
unrelated,2870151866,‘Big Oil has been lying’ for decades,2023-09-18,Newspapers,,27923,Taranaki Daily News,Wellington,,,https://www.proquest.com/docview/2870151866
unrelated,2870151995,‘Big Oil has been lying’ for decades,2023-09-18,Newspapers,,33568,Waikato Times,Wellington,,,https://www.proquest.com/docview/2870151995
unrelated,2870151998,‘Big Oil has been lying’ for decades,2023-09-18,Newspapers,,796402,The Marlborough Express,Wellington,,,https://www.proquest.com/docview/2870151998
unrelated,2870152026,‘Big Oil has been lying’ for decades,2023-09-18,Newspapers,,27209,The Post,Wellington,,,https://www.proquest.com/docview/2870152026
unrelated,2870152037,‘Big Oil has been lying’ for decades,2023-09-18,Newspapers,,33539,The Nelson Mail,Wellington,,,https://www.proquest.com/docview/2870152037
unrelated,2870152085,‘Big Oil has been lying’ for decades,2023-09-18,Newspapers,,33564,Timaru Herald,Wellington,,,https://www.proquest.com/docview/2870152085
risk,2522519605,How Britain came to depend on power from across the Channel,2021-05-07,Newspapers,,33554,The Daily Telegraph,Tonbridge,,,https://www.proquest.com/docview/2522519605
risk,2522966759,How Britain came to depend on French energy,2021-05-07,Newspapers,"['Millard, Rachel']",1986348,Telegraph.co.uk,London,,,https://www.proquest.com/docview/2522966759
worthwhile,2528355303,UAE reaffirms its commitment to cut CO2 emissions,2021-05-18,Newspapers,,38562,TradeArabia,Camden,DE,,https://www.proquest.com/docview/2528355303
unrelated,2528640451,"QE stopped Covid financial meltdown, says Bailey",2021-05-18,Newspapers,"['Wallace, Tim', 'Moon, Louise']",1986348,Telegraph.co.uk,London,,,https://www.proquest.com/docview/2528640451
unrelated,2528849796,United States: Biden Test-Drives New Truck to Promote Electric Vehicles,2021-05-20,Newspapers,,656306,Asia News Monitor,Bangkok,,,https://www.proquest.com/docview/2528849796
worthwhile,2530326487,"Differences, disputes in Asia require Asian solutions: PM",2021-05-22,Newspapers,,29177,The Nation,,,,https://www.proquest.com/docview/2530326487
risk,2530625159,EDF warns of further delays to Hinkley due to pandemic,2021-05-23,Newspapers,,32356,The Sunday Telegraph,Tonbridge,,,https://www.proquest.com/docview/2530625159
unrelated,2530678324,United States: United States - Republic of Korea Partnership,2021-05-24,Newspapers,,656306,Asia News Monitor,Bangkok,,,https://www.proquest.com/docview/2530678324
risk,2530775515,EDF warns of delays to Hinkley due to pandemic,2021-05-23,Newspapers,"['Millard, Rachel']",1986348,Telegraph.co.uk,London,,,https://www.proquest.com/docview/2530775515
risk,2531505995,Ambitious Energy Goals Are Hurting European Businesses,2021-05-25,Newspapers,,2040502,Yerepouni Daily News,Camden,DE,,https://www.proquest.com/docview/2531505995
unrelated,2532177404,Letters to the editor || Upper Hunter by-election result; Climate change; Kurri Kurri gas plant,2021-05-27,Newspapers,,636411,The Northern Daily Leader,Canberra ACT,,,https://www.proquest.com/docview/2532177404
worthwhile,2534285299,United States: Statement by Energy Secretary Granholm on the President's U.S. Department of Energy Fiscal Year 2022 Budget,2021-05-31,Newspapers,,656306,Asia News Monitor,Bangkok,,,https://www.proquest.com/docview/2534285299
worthwhile,2535528625,China's energy transition inspires France's EDF to invest in R&amp;D,2021-06-02,Newspapers,"['Zheng, Xin']",2030588,China Daily,BEIJING,,,https://www.proquest.com/docview/2535528625
risk,2535703090,"Plan passed by Dems as debate over energy policy, ComEd subsidies drags on [Corrected 06/03/2021]",2021-06-02,Newspapers,"['Petrella, Dan', 'Ruthhart, Bill', 'Pearson, Rick']",46852,Chicago Tribune,Chicago,IL,,https://www.proquest.com/docview/2535703090
worthwhile,2536027392,Liz Truss has again confirmed that a trade... [Title Derived],2021-06-02,Newspapers,,686497,The West Sussex Gazette,Tunbridge Wells,,,https://www.proquest.com/docview/2536027392
risk,2536131506,Macron’s grip on UK: Boris Johnson's £23billion nuclear plan ‘dependent’ on France,2021-06-02,Newspapers,"['Hoare, Callum']",2030468,Express (Online),London,,,https://www.proquest.com/docview/2536131506
worthwhile,2536645340,Climate change chair backs nuclear,2021-06-04,Newspapers,,42763,The Australian,Surry Hills,NSW,,https://www.proquest.com/docview/2536645340
worthwhile,2536735174,Climate Change Authority chair Grant King backs nuclear energy,2021-06-03,Newspapers,"['Evans, Nick']",636359,The Australian (Online),Surry Hills,NSW,,https://www.proquest.com/docview/2536735174
risk,2536836860,The New Test Facing Big-Energy CEOs: How to Be Credible in Public,2021-06-04,Newspapers,"['Arbogast, Stephen']",2048938,Barron's (Online),South Brunswick,NJ,,https://www.proquest.com/docview/2536836860
worthwhile,2536894743,LETTERS TO THE EDITOR,2021-06-05,Newspapers,,42764,Weekend Australian,Surry Hills,NSW,,https://www.proquest.com/docview/2536894743
worthwhile,2537125347,Mice plague destroying landscapes and lives is beyond a rural joke,2021-06-04,Newspapers,,636359,The Australian (Online),Surry Hills,NSW,,https://www.proquest.com/docview/2537125347
risk,2537194583,‘Burn now and pay later’: is net zero a dangerous trap?,2021-06-06,Newspapers,"['Dyke, James']",2042848,The Independent (Daily Edition),London,,,https://www.proquest.com/docview/2537194583
risk,2537375142,Nuclear options OK,2021-06-07,Newspapers,,42765,The Advertiser,Surry Hills,NSW,,https://www.proquest.com/docview/2537375142
risk,2537375180,Nuclear options OK,2021-06-07,Newspapers,,42765,The Advertiser,Surry Hills,NSW,,https://www.proquest.com/docview/2537375180
risk,2537430570,Half of SA poll respondents potentially support nuclear energy to reduce carbon emissions,2021-06-06,Newspapers,"['Etheridge, Michelle']",4864710,The Advertiser (Online),Surry Hills,NSW,,https://www.proquest.com/docview/2537430570
unrelated,2539354809,"Vale, IBD Stock Of The Day, Eyes New Buy Point Amid Exit From Coal",2021-06-09,Newspapers,"['Narayanan, Aparna']",47008,IBD Weekly,South Brunswick,NJ,,https://www.proquest.com/docview/2539354809
unrelated,2539763605,Oil giants target net-zero emissions; Commitment to energy transition couples with pitch for hydrogen complex in Alberta,2021-06-10,Newspapers,"['Varcoe, Chris']",47083,Calgary Herald,Toronto,Ontario,,https://www.proquest.com/docview/2539763605
worthwhile,2540354788,United States: Joint Statement on the Launch of the Japan-United States Clean Energy Partnership,2021-06-14,Newspapers,,656306,Asia News Monitor,Bangkok,,,https://www.proquest.com/docview/2540354788
unrelated,2540359212,"United States: Joint Statement on the Visit to the United Kingdom of the Honorable Joseph R. Biden, Jr., President of the United States of America at the Invitation of the Rt. Hon. Boris Johnson, M.P., the Prime Minister of the United Kingdom of Great Britain and Northern Ireland",2021-06-14,Newspapers,,656306,Asia News Monitor,Bangkok,,,https://www.proquest.com/docview/2540359212
unrelated,2540360874,"Mark my words, symbolism is important",2021-06-14,Newspapers,,43153,Newcastle Herald,Canberra ACT,,,https://www.proquest.com/docview/2540360874
risk,2540608004,PoliticsNow: New Victoria Covid cases both children; Tamil family to be reunited in Perth,2021-06-14,Newspapers,"['Chambers, Geoff', 'Lam, Joseph', 'Sankey, Daniel', 'Barrowclough, Anne']",636359,The Australian (Online),Surry Hills,NSW,,https://www.proquest.com/docview/2540608004
unrelated,2542381303,World: Making a success of the EU recovery plan: leaders debate the Central European perspective,2021-06-21,Newspapers,,656306,Asia News Monitor,Bangkok,,,https://www.proquest.com/docview/2542381303
worthwhile,2543183495,Power of Chinese innovation,2021-06-21,Newspapers,"['Zheng, Xin']",2030588,China Daily,BEIJING,,,https://www.proquest.com/docview/2543183495
worthwhile,2543456030,"ASEAN: Joint Statement of The Special Meeting of ASEAN Ministers on Energy and The Minister of Economy, Trade and Industry of Japan",2021-06-22,Newspapers,,656306,Asia News Monitor,Bangkok,,,https://www.proquest.com/docview/2543456030
risk,2543845007,"Green Energy Is Politics, Not Science",2021-06-17,Newspapers,"['Liao, Alexander']",1576348,The Epoch Times,New York,NY,,https://www.proquest.com/docview/2543845007
risk,2543890349,Stakeholders balk at mandates that would allow coal plants more time to pay off bonds,2021-06-23,Newspapers,"['Shields, Yvette']",45433,The Bond Buyer,NEW YORK,NY,,https://www.proquest.com/docview/2543890349
worthwhile,2544314849,Exploring a nuclear power future,2021-06-24,Newspapers,,42763,The Australian,Surry Hills,NSW,,https://www.proquest.com/docview/2544314849
unrelated,2544393227,"Coronavirus Australia live news: WA, SA borders shut as NSW virus cases surge",2021-06-23,Newspapers,"['Malcolm, Jessica', 'Sankey, Daniel', 'McMurray, Adrian', 'Friend, Fiona', 'Schipp, Debbie', 'Malcolm, Jess', 'Ore, Adeshola']",636359,The Australian (Online),Surry Hills,NSW,,https://www.proquest.com/docview/2544393227
unrelated,2544414163,The Shifting Geography of the South Caucasus,2021-06-24,Newspapers,,2040502,Yerepouni Daily News,Camden,DE,,https://www.proquest.com/docview/2544414163
worthwhile,2544603890,Molten salt-cooled technology could change nuclear’s ‘dirty’ tag,2021-06-24,Newspapers,"['Gottliebsen, Robert']",636359,The Australian (Online),Surry Hills,NSW,,https://www.proquest.com/docview/2544603890
worthwhile,2544749443,Prince Charles calls on insurers to rise to the challenge of climate change,2021-06-25,Newspapers,"['Holden, John Paul']",45319,The Herald,Mc Lean,VA,,https://www.proquest.com/docview/2544749443
unrelated,2544864285,The Market's Not Paying Enough Attention to the Infrastructure Deal,2021-06-25,Newspapers,,2048938,Barron's (Online),South Brunswick,NJ,,https://www.proquest.com/docview/2544864285
risk,2544976179,Still fuel in tank: one more ride for oil industry small caps,2021-06-26,Newspapers,,42764,Weekend Australian,Surry Hills,NSW,,https://www.proquest.com/docview/2544976179
worthwhile,2545288854,"Lecturing meat eaters about climate change not the solution, says Environment Secretary",2021-06-26,Newspapers,"['Gatten, Emma']",1986348,Telegraph.co.uk,London,,,https://www.proquest.com/docview/2545288854
risk,2545432900,Still fuel in tank: one more ride for oil industry small caps,2021-06-26,Newspapers,,42764,Weekend Australian,Surry Hills,NSW,,https://www.proquest.com/docview/2545432900
risk,2545821190,Canadian energy a barrier to climate targets; Oilsands emissions remain among highest in world,2021-06-28,Newspapers,"['Nickel, Rod', 'Williams, Nia']",45458,National Post,Toronto,Ontario,,https://www.proquest.com/docview/2545821190
risk,2545834995,Canada's climate plan charts hard road ahead; Oilsands extraction accounts for up to five times the global average emissions,2021-06-28,Newspapers,"['Nickel, Rod', 'Williams, Nia']",44883,The Vancouver Sun,Toronto,Ontario,,https://www.proquest.com/docview/2545834995
worthwhile,2545853769,Why I also support Sizewell C,2021-06-29,Newspapers,"['Walker, Claire']",1296354,East Anglian Daily Times,Tunbridge Wells,,,https://www.proquest.com/docview/2545853769
worthwhile,2548075543,What will the UAE economy look like in the next few years?,2021-07-04,Newspapers,,616372,Gulf News,Camden,DE,,https://www.proquest.com/docview/2548075543
unrelated,2548087733,"Yes to wind, no to nuclear — the green bonds investment plan",2021-07-04,Newspapers,,33563,Sunday Times,London,,,https://www.proquest.com/docview/2548087733
worthwhile,2548290742,Savvy activists cast nuclear benefits in a fresh green light,2021-07-05,Newspapers,,42763,The Australian,Surry Hills,NSW,,https://www.proquest.com/docview/2548290742
worthwhile,2548388438,Savvy activists cast nuclear benefits in a fresh green light,2021-07-04,Newspapers,"['Lehmann, Claire']",636359,The Australian (Online),Surry Hills,NSW,,https://www.proquest.com/docview/2548388438
risk,2549012758,Consumers face higher energy bills to pay for new nuclear power,2021-07-07,Newspapers,"['Millard, Rachel']",1986348,Telegraph.co.uk,London,,,https://www.proquest.com/docview/2549012758
unrelated,2550946218,More Power Lines or Rooftop Solar Panels: The Fight Over Energy’s Future,2021-07-12,Newspapers,"['Penn, Ivan', 'Krauss, Clifford', 'Kalifa, Tamir']",45131,The New York Times,NEW YORK,NY,,https://www.proquest.com/docview/2550946218
risk,2552228045,THE SUBCOMPACT SOLUTION,2021-07-17,Newspapers,"['McCLEARN, MATTHEW']",46323,The Globe and Mail,Toronto,Ontario,,https://www.proquest.com/docview/2552228045
unrelated,2552663916,"China: Foreign Ministry Spokesperson Zhao Lijian's Regular Press Conference on July 15, 2021",2021-07-19,Newspapers,,656306,Asia News Monitor,Bangkok,,,https://www.proquest.com/docview/2552663916
risk,2552751538,LEFT DEFIES FACTS IN CLIMATE DEBATE,2021-07-19,Newspapers,,42763,The Australian,Surry Hills,NSW,,https://www.proquest.com/docview/2552751538
unrelated,2552835232,Australia leads way on climate but Left media ignores sins of China and US hypocrisy,2021-07-18,Newspapers,"['Mitchell, Chris']",636359,The Australian (Online),Surry Hills,NSW,,https://www.proquest.com/docview/2552835232
unrelated,2553580384,India-Morocco to explore joint electrification projects in Africa; focus on renewables [Renewables],2021-07-22,Newspapers,,29263,The Economic Times,New Delhi,,,https://www.proquest.com/docview/2553580384
risk,2553685737,Can net-zero targets be met without new nuclear plants?,2021-07-22,Newspapers,"['Williamson, Mark']",45319,The Herald,Mc Lean,VA,,https://www.proquest.com/docview/2553685737
risk,2555208079,UK eyes removing CGN in energy plans,2021-07-27,Newspapers,,1316360,Shenzhen Daily,Beijing,,,https://www.proquest.com/docview/2555208079
unrelated,2555271482,Power Play,2021-07-27,Newspapers,,33565,The Times,London,,,https://www.proquest.com/docview/2555271482
unrelated,2555272924,Power Play,2021-07-27,Newspapers,,33565,The Times,London,,,https://www.proquest.com/docview/2555272924
unrelated,2555625783,United States: DOE Announces $127 Million For Small Business Research And Development Grants,2021-07-29,Newspapers,,656306,Asia News Monitor,Bangkok,,,https://www.proquest.com/docview/2555625783
worthwhile,2555746245,UK sticks to nuclear plan without CGN,2021-07-29,Newspapers,,1316360,Shenzhen Daily,Beijing,,,https://www.proquest.com/docview/2555746245
worthwhile,2555832410,How Britain lost its independent expertise in nuclear power production,2021-07-29,Newspapers,,33554,The Daily Telegraph,Tonbridge,,,https://www.proquest.com/docview/2555832410
risk,2556039815,U.S. Nuclear Power May Not Have A Role In Energy Transition After All,2021-07-29,Newspapers,,2040502,Yerepouni Daily News,Camden,DE,,https://www.proquest.com/docview/2556039815
unrelated,2556052138,Minister full of praise for firm's innovations,2021-07-29,Newspapers,,27975,The Sentinel,London,,,https://www.proquest.com/docview/2556052138
worthwhile,2556152844,Letters: How Britain lost its independent expertise in nuclear power production,2021-07-29,Newspapers,,1986348,Telegraph.co.uk,London,,,https://www.proquest.com/docview/2556152844
risk,2556239526,'This is not a bluff',2021-07-30,Newspapers,"['Petrella, Dan']",46852,Chicago Tribune,Chicago,IL,,https://www.proquest.com/docview/2556239526
unrelated,2557055567,More constructive steps needed for climate action,2021-08-01,Newspapers,,76002,The Financial Express,New Delhi,,,https://www.proquest.com/docview/2557055567
risk,2557155002,The draw of space and nuclear technologies,2021-08-02,Newspapers,"['Sreenivasan, T P']",866348,The Hindu,Chennai,Tamil Nadu,,https://www.proquest.com/docview/2557155002
worthwhile,2557216786,"Worley, Princeton plot emissions revolution",2021-08-03,Newspapers,,2040384,The Australian Financial Review,Pyrmont,NSW,,https://www.proquest.com/docview/2557216786
worthwhile,2557668641,Rolls-Royce lines up funding for mini nuclear reactor revolution,2021-08-03,Newspapers,"['Tovey, Alan']",1986348,Telegraph.co.uk,London,,,https://www.proquest.com/docview/2557668641
worthwhile,2557679239,Brexit Britain to build revolutionary power plant harvesting star energy in world first,2021-08-03,Newspapers,"['Hoare, Callum']",2030468,Express (Online),London,,,https://www.proquest.com/docview/2557679239
worthwhile,2557724824,Rolls-Royce secures investment to start developing fleet of mini nuclear reactors,2021-08-04,Newspapers,,33554,The Daily Telegraph,Tonbridge,,,https://www.proquest.com/docview/2557724824
worthwhile,2557725050,Rolls-Royce secures investment to start developing fleet of mini nuclear reactors [Edition 2],2021-08-04,Newspapers,,33554,The Daily Telegraph,Tonbridge,,,https://www.proquest.com/docview/2557725050
risk,2557916887,Britain Rethinks Letting China Enter Its Nuclear Power Industry,2021-08-03,Newspapers,"['Reed, Stanley']",45131,The New York Times,NEW YORK,NY,,https://www.proquest.com/docview/2557916887
risk,2558202272,UK credibility at stake over nuclear deal,2021-08-06,Newspapers,"['Wang, Mingjie']",2030588,China Daily,BEIJING,,,https://www.proquest.com/docview/2558202272
risk,2559647946,Nats call for an end to ban on nuclear power,2021-08-11,Newspapers,,43154,The Age,Sydney,New South Wales,,https://www.proquest.com/docview/2559647946
worthwhile,2560101693,WAM Report: Young Emiratis are today’s clean energy champions and climate change leaders,2021-08-11,Newspapers,,40133,Emirates News Agency (WAM),Camden,DE,,https://www.proquest.com/docview/2560101693
worthwhile,2560194752,Young Emiratis are today’s clean energy champions,2021-08-12,Newspapers,,38562,TradeArabia,Camden,DE,,https://www.proquest.com/docview/2560194752
worthwhile,2560819758,Nuclear could be PM’s pathway to net-zero emissions and help in post-Covid recovery,2021-08-12,Newspapers,,636359,The Australian (Online),Surry Hills,NSW,,https://www.proquest.com/docview/2560819758
risk,2561332683,Boris warned of defeat as bad as Churchill in 1945 'They didn't vote for Greta Thunberg!',2021-08-15,Newspapers,"['Williamson, David']",2030468,Express (Online),London,,,https://www.proquest.com/docview/2561332683
risk,2561654324,"Amid Extreme Weather, a Shift Among Republicans on Climate Change",2021-08-15,Newspapers,"['Friedman, Lisa', 'Davenport, Coral']",45131,The New York Times,NEW YORK,NY,,https://www.proquest.com/docview/2561654324
worthwhile,2561703158,How China plans to become carbon-neutral; Industrial giant sets ambitious 2060 target,2021-08-16,Newspapers,,45458,National Post,Toronto,Ontario,,https://www.proquest.com/docview/2561703158
worthwhile,2561849479,Climate change is threatening our farmers,2021-08-17,Newspapers,,44892,Toronto Star,Toronto,Ontario,,https://www.proquest.com/docview/2561849479
unrelated,2562087657,Oilpatch dreads election arrows; Industry hopes not to be 'bogeyman' again in tough talk about climate change policies,2021-08-17,Newspapers,"['Varcoe, Chris']",47083,Calgary Herald,Toronto,Ontario,,https://www.proquest.com/docview/2562087657
risk,2562163974,GOP shifts amid extreme weather,2021-08-18,Newspapers,"['Friedman, Lisa', 'Davenport, Coral']",46852,Chicago Tribune,Chicago,IL,,https://www.proquest.com/docview/2562163974
unrelated,2562377290,Oilpatch dreads election arrows; Industry hopes not to be 'bogeyman' again in tough talk about climate change policies,2021-08-18,Newspapers,"['Varcoe, Chris']",46779,Edmonton Journal,Toronto,Ontario,,https://www.proquest.com/docview/2562377290
unrelated,2562954988,China-Arab expo sees deals for 277 projects,2021-08-21,Newspapers,"['Hu, Dongmei']",2030588,China Daily,BEIJING,,,https://www.proquest.com/docview/2562954988
unrelated,2563971077,Frenzel picked to succeed Fowke as Xcel‘s CEO,2021-08-19,Newspapers,"['Busche, Kelly']",2031856,Finance and Commerce,Minneapolis,MN,,https://www.proquest.com/docview/2563971077
risk,2566142368,AMP readies Prairie State refunding amid legislative threats to future,2021-08-31,Newspapers,"['Shields, Yvette']",45433,The Bond Buyer,NEW YORK,NY,,https://www.proquest.com/docview/2566142368
worthwhile,2569279455,Nuclear power’s ‘green’ credentials boosted as industry seeks investment,2021-09-05,Newspapers,"['Millard, Rachel']",1986348,Telegraph.co.uk,London,,,https://www.proquest.com/docview/2569279455
worthwhile,2569291309,Ministers signal backing for 'green' finance in nuclear industry,2021-09-06,Newspapers,,33554,The Daily Telegraph,Tonbridge,,,https://www.proquest.com/docview/2569291309
risk,2570274806,Future on the line for Byron's nuclear plant [Corrected 09/10/2021],2021-09-09,Newspapers,"['Petrella, Dan']",46852,Chicago Tribune,Chicago,IL,,https://www.proquest.com/docview/2570274806
worthwhile,2570664505,Go nuclear with these five 'renewable' investments,2021-09-09,Newspapers,"['Almeida, Lauren']",1986348,Telegraph.co.uk,London,,,https://www.proquest.com/docview/2570664505
worthwhile,2571036999,"Uranium sputters back to life with big buyer, push for clean power",2021-09-11,Newspapers,,2040384,The Australian Financial Review,Pyrmont,NSW,,https://www.proquest.com/docview/2571036999
unrelated,2571566125,What happened when the wind stopped blowing,2021-09-12,Newspapers,"['Yeomans, Jon']",33563,Sunday Times,London,,,https://www.proquest.com/docview/2571566125
unrelated,2571568814,What happened when the wind stopped blowing,2021-09-12,Newspapers,"['Yeomans, Jon']",33563,Sunday Times,London,,,https://www.proquest.com/docview/2571568814
risk,2571753913,JOURNOS MUST FOCUS ON FACTS,2021-09-13,Newspapers,,42763,The Australian,Surry Hills,NSW,,https://www.proquest.com/docview/2571753913
risk,2571755670,Can Renewables Change the Future of Gas?,2021-09-13,Newspapers,,2044875,This Day,Camden,DE,,https://www.proquest.com/docview/2571755670
unrelated,2571808644,Journos must focus on facts of climate science and politics,2021-09-12,Newspapers,"['Mitchell, Chris']",636359,The Australian (Online),Surry Hills,NSW,,https://www.proquest.com/docview/2571808644
unrelated,2571824428,We need to know the facts about nuclear energy,2021-09-13,Newspapers,,43909,The Sun,London,,,https://www.proquest.com/docview/2571824428
worthwhile,2571828282,Senate to return to take up energy package,2021-09-13,Newspapers,"['Petrella, Dan']",46852,Chicago Tribune,Chicago,IL,,https://www.proquest.com/docview/2571828282
risk,2571886809,"Can renewables change the future of gas, By Alex Otti",2021-09-13,Newspapers,,3930282,Premium Times,New Delhi,,,https://www.proquest.com/docview/2571886809
unrelated,2572084159,Michel Barnier GLOATS about Brexit as ex-EU chief claims UK's withdrawal was success,2021-09-13,Newspapers,"['Davies, Chloe']",2030468,Express (Online),London,,,https://www.proquest.com/docview/2572084159
risk,2572348671,Illinois clean energy bill a partial reprieve for coal-fired power plants,2021-09-15,Newspapers,"['Shields, Yvette']",45433,The Bond Buyer,NEW YORK,NY,,https://www.proquest.com/docview/2572348671
risk,2572372279,Nuclear industry's diminishing role in keeping the lights on,2021-09-15,Newspapers,,33554,The Daily Telegraph,Tonbridge,,,https://www.proquest.com/docview/2572372279
risk,2572871038,Cash-strapped nuclear industry has no answers to Britain’s energy shortages,2021-09-15,Newspapers,"['Millard, Rachel']",1986348,Telegraph.co.uk,London,,,https://www.proquest.com/docview/2572871038
worthwhile,2572963828,Watch UAE’s nuclear energy journey: What you need to know about the Barakah Nuclear Energy Plant in Abu Dhabi,2021-09-16,Newspapers,"['Zaman, Samihah']",616372,Gulf News,Camden,DE,,https://www.proquest.com/docview/2572963828
worthwhile,2573247185,Ignore the green activists - nuclear is the only solution to energy crisis,2021-09-17,Newspapers,,33554,The Daily Telegraph,Tonbridge,,,https://www.proquest.com/docview/2573247185
unrelated,2573435088,ASEAN: Bandar Seri Begawan Joint Declaration of The 39th ASEAN Ministers on Energy Meeting on Energy Security and Energy Transition,2021-09-20,Newspapers,,656306,Asia News Monitor,Bangkok,,,https://www.proquest.com/docview/2573435088
worthwhile,2573435104,ASEAN: Joint Ministerial Statement The Eighteenth ASEAN+3 Ministers on Energy Meeting (18th AMEM+3),2021-09-20,Newspapers,,656306,Asia News Monitor,Bangkok,,,https://www.proquest.com/docview/2573435104
worthwhile,2573614494,"The ‘N’ word is out there, so let’s talk about energy",2021-09-18,Newspapers,,42764,Weekend Australian,Surry Hills,NSW,,https://www.proquest.com/docview/2573614494
worthwhile,2573636158,Nuclear is the only solution to this energy crisis,2021-09-17,Newspapers,"['Wright, Ben']",1986348,Telegraph.co.uk,London,,,https://www.proquest.com/docview/2573636158
worthwhile,2573825395,Nuclear suits our strategic needs today and our energy needs tomorrow,2021-09-17,Newspapers,"['Kenny, Chris']",636359,The Australian (Online),Surry Hills,NSW,,https://www.proquest.com/docview/2573825395
unrelated,2574074336,Singapore: Second Minister for Trade and Industry Dr Tan See Leng at the 39th ASEAN Ministers on Energy Meeting,2021-09-20,Newspapers,,656306,Asia News Monitor,Bangkok,,,https://www.proquest.com/docview/2574074336
worthwhile,2574093077,"The ‘N’ word is out there, so let’s talk about energy",2021-09-18,Newspapers,,42764,Weekend Australian,Surry Hills,NSW,,https://www.proquest.com/docview/2574093077
risk,2574188833,RWE boss warns of 'tight winter' for gas supply,2021-09-20,Newspapers,,33554,The Daily Telegraph,Tonbridge,,,https://www.proquest.com/docview/2574188833
unrelated,2574276595,Question our leaders,2021-09-20,Newspapers,,44892,Toronto Star,Toronto,Ontario,,https://www.proquest.com/docview/2574276595
worthwhile,2574425935,Letters: Why is the Government still resorting to Covid scaremongering?,2021-09-19,Newspapers,,1986348,Telegraph.co.uk,London,,,https://www.proquest.com/docview/2574425935
worthwhile,2574547889,Why a German energy giant thinks Britain has the edge over Europe,2021-09-20,Newspapers,"['Millard, Rachel']",1986348,Telegraph.co.uk,London,,,https://www.proquest.com/docview/2574547889
risk,2574571447,Rejecting gas and nuclear energy leaves us sitting in the dark and cold,2021-09-21,Newspapers,,33554,The Daily Telegraph,Tonbridge,,,https://www.proquest.com/docview/2574571447
risk,2574928401,Letters: Rejecting gas and nuclear energy leaves us sitting in the dark and cold,2021-09-21,Newspapers,,1986348,Telegraph.co.uk,London,,,https://www.proquest.com/docview/2574928401
worthwhile,2574940253,"Economy Confronting risks, uncertainties of Canada's energy transition; Emissions cuts mean transform economy",2021-09-21,Newspapers,"['Friedman, Gabriel']",45458,National Post,Toronto,Ontario,,https://www.proquest.com/docview/2574940253
worthwhile,2575082068,Philippines: Rich states have 'moral obligation' to fight climate change: PRRD,2021-09-23,Newspapers,,656306,Asia News Monitor,Bangkok,,,https://www.proquest.com/docview/2575082068
risk,2575085946,EDITORIAL,2021-09-23,Newspapers,,736331,The Japan News,Tokyo,,,https://www.proquest.com/docview/2575085946
worthwhile,2575214731,WHY ARE WE FACING AN ENERGY CRISIS WHEN WE'RE SITTING ON A GOLD MINE?,2021-09-23,Newspapers,"['Brummer, Alex']",46329,Daily Mail,London,,,https://www.proquest.com/docview/2575214731
worthwhile,2575214780,WHY ARE WE FACING AN ENERGY CRISIS WHEN WE'RE SITTING ON A GOLD MINE? [Scot Region],2021-09-23,Newspapers,"['Brummer, Alex']",46329,Daily Mail,London,,,https://www.proquest.com/docview/2575214780
unrelated,2575485747,World: Are US Republicans finally waking up to the climate crisis?,2021-09-24,Newspapers,,656306,Asia News Monitor,Bangkok,,,https://www.proquest.com/docview/2575485747
risk,2576113183,Brexit Britain agrees multibillion-pound plan to build new UK nuclear power plant,2021-09-24,Newspapers,"['Jacob, Paul']",2030468,Express (Online),London,,,https://www.proquest.com/docview/2576113183
risk,2576187696,Media Watch Dog: Hamish Macdonald’s false praise for Angela Merkel over climate change,2021-09-24,Newspapers,"['Henderson, Gerard']",636359,The Australian (Online),Surry Hills,NSW,,https://www.proquest.com/docview/2576187696
unrelated,2576366904,The promise of green hydrogen,2021-09-25,Newspapers,,29467,Arab News,Jeddah,,,https://www.proquest.com/docview/2576366904
risk,2576425876,China out of nuclear power plan in weeks,2021-09-26,Newspapers,"['Lawson, Alex']",45309,Mail on Sunday,London,,,https://www.proquest.com/docview/2576425876
risk,2576429390,China out of nuclear power plan in weeks,2021-09-26,Newspapers,"['Lawson, Alex']",45309,Mail on Sunday,London,,,https://www.proquest.com/docview/2576429390
unrelated,2576448236,Energy panic ushers in 'new nuclear age',2021-09-26,Newspapers,"['Wheeler, Caroline', 'Shipman, Tim', 'Hellen, Nicholas']",33563,Sunday Times,London,,,https://www.proquest.com/docview/2576448236
unrelated,2576448242,Energy panic ushers in 'new nuclear age',2021-09-26,Newspapers,"['Wheeler, Caroline', 'Shipman, Tim', 'Hellen, Nicholas']",33563,Sunday Times,London,,,https://www.proquest.com/docview/2576448242
unrelated,2576448432,Energy panic ushers in 'new nuclear age',2021-09-26,Newspapers,"['Wheeler, Caroline', 'Shipman, Tim', 'Hellen, Nicholas']",33563,Sunday Times,London,,,https://www.proquest.com/docview/2576448432
unrelated,2576448447,Energy panic ushers in 'new nuclear age',2021-09-26,Newspapers,"['Wheeler, Caroline', 'Shipman, Tim', 'Hellen, Nicholas']",33563,Sunday Times,London,,,https://www.proquest.com/docview/2576448447
worthwhile,2576538634,United States: FACT SHEET: The United States and India - Global Leadership in Action,2021-09-27,Newspapers,,656306,Asia News Monitor,Bangkok,,,https://www.proquest.com/docview/2576538634
worthwhile,2577213971,The criminal neglect of our energy security has left Britain in danger,2021-09-28,Newspapers,"['Johnston, Philip']",1986348,Telegraph.co.uk,London,,,https://www.proquest.com/docview/2577213971
worthwhile,2577580421,"Either build more nuclear power, or risk asking Putin for permission to boil the kettle",2021-09-29,Newspapers,"['Wright, Ben']",1986348,Telegraph.co.uk,London,,,https://www.proquest.com/docview/2577580421
unrelated,2577652975,The king of oil bets on batteries for a green world,2021-09-30,Newspapers,,39280,The Kathmandu Post,New Delhi,,,https://www.proquest.com/docview/2577652975
risk,2577722864,Power hungry,2021-10-01,Newspapers,,2040384,The Australian Financial Review,Pyrmont,NSW,,https://www.proquest.com/docview/2577722864
unrelated,2577754825,Green Hydrogen: Opportunities and Challenges for India,2021-09-30,Newspapers,"['Upadhyay, Manoj Kumar', 'Joshi, Pratik']",105397,Financial Express,NEW DELHI,,,https://www.proquest.com/docview/2577754825
worthwhile,2577934129,Battle to keep the lights on as Britain goes green,2021-10-01,Newspapers,,33554,The Daily Telegraph,Tonbridge,,,https://www.proquest.com/docview/2577934129
worthwhile,2578263563,Can the world's longest power cable keep Britain's lights on this winter?,2021-10-01,Newspapers,"['Millard, Rachel']",1986348,Telegraph.co.uk,London,,,https://www.proquest.com/docview/2578263563
worthwhile,2578508478,Nuclear and renewables: Modeling tool to evaluate hybrid energy systems,2021-10-02,Newspapers,,2040520,Saudi Gazette,Camden,DE,,https://www.proquest.com/docview/2578508478
unrelated,2578540269,This renewables fund offers a sunny outlook for investors interested in clean energy,2021-10-03,Newspapers,,32356,The Sunday Telegraph,Tonbridge,,,https://www.proquest.com/docview/2578540269
worthwhile,2578547818,Rolls-Royce set for huge nuclear power payday in Eastern Europe,2021-10-03,Newspapers,"['Lawson, Alex']",45309,Mail on Sunday,London,,,https://www.proquest.com/docview/2578547818
worthwhile,2578549465,Rolls-Royce set for huge nuclear power payday in Eastern Europe [Scot Region],2021-10-03,Newspapers,"['Lawson, Alex']",45309,Mail on Sunday,London,,,https://www.proquest.com/docview/2578549465
unrelated,2578555712,Factory-built mini-reactors put nuclear back in the power game [Eire Region],2021-10-03,Newspapers,"['Yeomans, Jon']",33563,Sunday Times,London,,,https://www.proquest.com/docview/2578555712
unrelated,2578557124,Prefab nukes: the big idea to cut costs and make Britain greener,2021-10-03,Newspapers,,33563,Sunday Times,London,,,https://www.proquest.com/docview/2578557124
unrelated,2578647990,Questor: this renewables fund offers a sunny outlook for investors interested in clean energy,2021-10-03,Newspapers,"['Stephens, Robert']",1986348,Telegraph.co.uk,London,,,https://www.proquest.com/docview/2578647990
unrelated,2578679854,Investing in Funds &amp; ETFs: A Quarterly Analysis --- Sustainable Investing: How to Find A Socially Responsible Adviser --- The ESG investing world can be a confusing place,2021-10-04,Newspapers,,10482,Wall Street Journal,South Brunswick,NJ,,https://www.proquest.com/docview/2578679854
worthwhile,2578911894,Can Nigeria Survive the Global Energy Transition?,2021-10-05,Newspapers,,2044875,This Day,Camden,DE,,https://www.proquest.com/docview/2578911894
risk,2578916300,Global Natural Gas Crunch Roils Consumers and Industry,2021-10-03,Newspapers,"['Reed, Stanley']",45131,The New York Times,NEW YORK,NY,,https://www.proquest.com/docview/2578916300
worthwhile,2578952870,"Johnson plans for renewable, nuclear-only power by 2035",2021-10-05,Newspapers,"['Shankleman, Jessica']",27149,Irish Independent,London,,,https://www.proquest.com/docview/2578952870
unrelated,2579473359,Tory conference: Starmer dubbed 'seriously rattled bus conductor' by buzzing Boris,2021-10-06,Newspapers,"['Fair, Tara']",2030468,Express (Online),London,,,https://www.proquest.com/docview/2579473359
risk,2579928924,"Blackouts, higher bills from Ontario ending natural gas by 2030: report",2021-10-08,Newspapers,"['McCLEARN, MATTHEW']",46323,The Globe and Mail,Toronto,Ontario,,https://www.proquest.com/docview/2579928924
worthwhile,2579941117,"SO, CAN WE TAKE BACK CONTROL OF OUR ENERGY SUPPLIES?",2021-10-08,Newspapers,,46329,Daily Mail,London,,,https://www.proquest.com/docview/2579941117
worthwhile,2579941177,"SO, CAN WE TAKE BACK CONTROL OF OUR ENERGY SUPPLIES?",2021-10-08,Newspapers,,46329,Daily Mail,London,,,https://www.proquest.com/docview/2579941177
worthwhile,2579942991,"SO, CAN WE TAKE BACK CONTROL OF OUR ENERGY SUPPLIES?",2021-10-08,Newspapers,,46329,Daily Mail,London,,,https://www.proquest.com/docview/2579942991
unrelated,2579999324,CRUNCH TIME ON CLIMATE,2021-10-09,Newspapers,,2040384,The Australian Financial Review,Pyrmont,NSW,,https://www.proquest.com/docview/2579999324
worthwhile,2580454928,Nuclear power can help fill the gaps in a tricky energy transition,2021-10-11,Newspapers,,2040384,The Australian Financial Review,Pyrmont,NSW,,https://www.proquest.com/docview/2580454928
risk,2580584918,Choices in energy debate,2021-10-11,Newspapers,,75865,Geelong Advertiser,Surry Hills,NSW,,https://www.proquest.com/docview/2580584918
worthwhile,2580585128,Choices in energy debate,2021-10-11,Newspapers,,42765,The Advertiser,Surry Hills,NSW,,https://www.proquest.com/docview/2580585128
worthwhile,2580585247,Choices in energy debate,2021-10-11,Newspapers,,42789,The Daily Telegraph,Surry Hills,NSW,,https://www.proquest.com/docview/2580585247
risk,2580585267,Choices in energy debate,2021-10-11,Newspapers,,43665,Townsville Bulletin,Surry Hills,NSW,,https://www.proquest.com/docview/2580585267
risk,2580585872,Choices in energy debate,2021-10-11,Newspapers,,75791,The Northern Territory News,Surry Hills,NSW,,https://www.proquest.com/docview/2580585872
worthwhile,2580585923,Choices in energy debate,2021-10-11,Newspapers,,42785,The Courier - Mail,Surry Hills,NSW,,https://www.proquest.com/docview/2580585923
risk,2580586371,Choices in energy debate,2021-10-11,Newspapers,,43042,The Cairns Post,Surry Hills,NSW,,https://www.proquest.com/docview/2580586371
risk,2580586490,MISSION ZERO PUTTING AUSTRALIA FIRST Choices in energy debate,2021-10-11,Newspapers,,43521,The Gold Coast Bulletin,Surry Hills,NSW,,https://www.proquest.com/docview/2580586490
unrelated,2580586864,Choices in energy debate,2021-10-11,Newspapers,,39021,The Chronicle,Surry Hills,NSW,,https://www.proquest.com/docview/2580586864
risk,2580587329,Choices in energy debate,2021-10-11,Newspapers,,42792,Herald Sun,Surry Hills,NSW,,https://www.proquest.com/docview/2580587329
risk,2580587420,Choices in energy debate,2021-10-11,Newspapers,,42787,The Mercury,Surry Hills,NSW,,https://www.proquest.com/docview/2580587420
worthwhile,2580617785,Can Nuclear Power Save Us From Climate Change? Experts Weigh In,2021-10-11,Newspapers,,2040502,Yerepouni Daily News,Camden,DE,,https://www.proquest.com/docview/2580617785
worthwhile,2580680923,Uranium gets a boost from Japanese PM's nuclear sea change,2021-10-12,Newspapers,,2040384,The Australian Financial Review,Pyrmont,NSW,,https://www.proquest.com/docview/2580680923
worthwhile,2580766685,Can Nigeria Survive the Global Energy Transition?,2021-10-12,Newspapers,,2044875,This Day,Camden,DE,,https://www.proquest.com/docview/2580766685
risk,2580905748,Energy crisis casts cloud over Glasgow,2021-10-13,Newspapers,,2040384,The Australian Financial Review,Pyrmont,NSW,,https://www.proquest.com/docview/2580905748
unrelated,2580924130,UAE to tap hydrogen as a clean energy source,2021-10-12,Newspapers,,616372,Gulf News,Camden,DE,,https://www.proquest.com/docview/2580924130
worthwhile,2581203569,'All new coal power plants should be halted to achieve net-zero emissions': IEA,2021-10-13,Newspapers,,29618,The Hindustan Times,New Delhi,,,https://www.proquest.com/docview/2581203569
worthwhile,2581205972,'All new coal power plants should be halted to achieve net-zero emissions',2021-10-13,Newspapers,,29618,The Hindustan Times,New Delhi,,,https://www.proquest.com/docview/2581205972
worthwhile,2581228089,Net zero will shake up Australia's economy forever,2021-10-14,Newspapers,,2040384,The Australian Financial Review,Pyrmont,NSW,,https://www.proquest.com/docview/2581228089
risk,2581848999,How the Coalition got to its climate policy compromise and why that matters,2021-10-15,Newspapers,,726339,The Canberra Times,Canberra ACT,,,https://www.proquest.com/docview/2581848999
worthwhile,2581932552,Your views on shaping our future,2021-10-15,Newspapers,,42789,The Daily Telegraph,Surry Hills,NSW,,https://www.proquest.com/docview/2581932552
risk,2581952163,Boris Johnson’s eco-Micawberism will not pay the bills of net zero,2021-10-14,Newspapers,"['Fraser, Nelson']",1986348,Telegraph.co.uk,London,,,https://www.proquest.com/docview/2581952163
risk,2581982017,Boris Johnson's eco-Micawberism will not pay the bills of net zero,2021-10-15,Newspapers,,33554,The Daily Telegraph,Tonbridge,,,https://www.proquest.com/docview/2581982017
risk,2582215187,Mexico: Mexico's 'huge step backwards' on energy - and the environment,2021-10-18,Newspapers,,656306,Asia News Monitor,Bangkok,,,https://www.proquest.com/docview/2582215187
risk,2582258385,THE TRANSITION OF POWER,2021-10-16,Newspapers,,42764,Weekend Australian,Surry Hills,NSW,,https://www.proquest.com/docview/2582258385
worthwhile,2582510521,Queen's green summit to bring billions to UK,2021-10-17,Newspapers,"['Lawson, Alex', 'Dunkley, Emma', 'Dennys, Harriet']",45309,Mail on Sunday,London,,,https://www.proquest.com/docview/2582510521
worthwhile,2582513380,Queen's green summit to bring billions to UK,2021-10-17,Newspapers,"['Lawson, Alex', 'Dunkley, Emma', 'Dennys, Harriet']",45309,Mail on Sunday,London,,,https://www.proquest.com/docview/2582513380
risk,2582564566,"Global recovery hostage to pandemic, climate shocks",2021-10-18,Newspapers,,2040384,The Australian Financial Review,Pyrmont,NSW,,https://www.proquest.com/docview/2582564566
unrelated,2582598580,"China: Foreign Ministry Spokesperson Zhao Lijian's Regular Press Conference on October 14, 2021",2021-10-18,Newspapers,,656306,Asia News Monitor,Bangkok,,,https://www.proquest.com/docview/2582598580
worthwhile,2582602027,Nuclear power: A climate response that gets short shrift,2021-10-17,Newspapers,,75999,Mint,New Delhi,,,https://www.proquest.com/docview/2582602027
worthwhile,2582649554,NO EASY FIX FOR ENERGY CRISIS,2021-10-18,Newspapers,,42763,The Australian,Surry Hills,NSW,,https://www.proquest.com/docview/2582649554
unrelated,2582674689,From coal calamity to net-zero reality,2021-10-18,Newspapers,,866349,Businessline,Chennai,Tamil Nadu,,https://www.proquest.com/docview/2582674689
risk,2582692226,Why it's so hard to quit fossil fuels,2021-10-18,Newspapers,,46323,The Globe and Mail,Toronto,Ontario,,https://www.proquest.com/docview/2582692226
risk,2582692898,Boris goes nuclear for climate. But is it right?,2021-10-18,Newspapers,"['Allan, Vicky']",45319,The Herald,Mc Lean,VA,,https://www.proquest.com/docview/2582692898
risk,2582698480,Pivot to Renewables Strains Energy Markets,2021-10-18,Newspapers,"['Matthews, Christopher M', 'Eaton, Collin', 'Faucon, Benoit']",10482,Wall Street Journal,South Brunswick,NJ,,https://www.proquest.com/docview/2582698480
unrelated,2582762544,Pm to force net zero target on rebel Nats,2021-10-19,Newspapers,,43154,The Age,Sydney,New South Wales,,https://www.proquest.com/docview/2582762544
worthwhile,2582891411,How the Government plans to hit net zero by 2030,2021-10-18,Newspapers,"['Gatten, Emma']",1986348,Telegraph.co.uk,London,,,https://www.proquest.com/docview/2582891411
worthwhile,2582913985,Net-zero strategy plots path to green future,2021-10-19,Newspapers,,33554,The Daily Telegraph,Tonbridge,,,https://www.proquest.com/docview/2582913985
risk,2583026697,Forrest calls on Xi to attend climate summit,2021-10-20,Newspapers,,43154,The Age,Sydney,New South Wales,,https://www.proquest.com/docview/2583026697
risk,2583026740,Mining magnate urges Xi to go to Glasgow,2021-10-20,Newspapers,,44841,Sydney Morning Herald,Sydney,New South Wales,,https://www.proquest.com/docview/2583026740
unrelated,2583215574,"Will Cop26 be a serious flop? Maybe, but there is still time to turn things around",2021-10-20,Newspapers,"['Cable, Vince']",2042848,The Independent (Daily Edition),London,,,https://www.proquest.com/docview/2583215574
worthwhile,2583215583,The long walk to net zero picks up pace as Government unveils £26bn green strategy,2021-10-19,Newspapers,"['Gatten, Emma']",1986348,Telegraph.co.uk,London,,,https://www.proquest.com/docview/2583215583
unrelated,2583216367,"Politics latest news: Britain will be 'Qatar of hydrogen', Boris Johnson says as No 10 publishes net zero strategy",2021-10-19,Newspapers,"['Penna, Dominic']",1986348,Telegraph.co.uk,London,,,https://www.proquest.com/docview/2583216367
risk,2583226634,PM’s net zero plan deemed ‘over-cautious’ by experts,2021-10-20,Newspapers,"['Woodcock, Andrew']",2042848,The Independent (Daily Edition),London,,,https://www.proquest.com/docview/2583226634
risk,2583239769,"PM’s net zero strategy’s too cautious, say campaigners",2021-10-20,Newspapers,"['Woodcock, Andrew']",2042848,The Independent (Daily Edition),London,,,https://www.proquest.com/docview/2583239769
risk,2583321485,"Don’t write off nuclear option for power, says Futuregrowth",2021-10-20,Newspapers,"['Steyn, Lisa']",4821773,Business Day,Saxonwold,,,https://www.proquest.com/docview/2583321485
unrelated,2583333192,Britons face higher taxes to pay for eco pledges,2021-10-20,Newspapers,"['Wright, Oliver', 'Zeffman, Henry', 'Smyth, Chris']",33565,The Times,London,,,https://www.proquest.com/docview/2583333192
unrelated,2583333294,"Net zero achievable without a hair shirt in sight, declares PM [Eire Region]",2021-10-20,Newspapers,"['Wright, Oliver']",33565,The Times,London,,,https://www.proquest.com/docview/2583333294
unrelated,2583335204,"Net zero achievable without a hair shirt in sight, declares PM",2021-10-20,Newspapers,"['Wright, Oliver', 'Wester, Ben']",33565,The Times,London,,,https://www.proquest.com/docview/2583335204
unrelated,2583335245,Britons face higher taxes to pay for eco pledges,2021-10-20,Newspapers,"['Wright, Oliver']",33565,The Times,London,,,https://www.proquest.com/docview/2583335245
unrelated,2583335348,Britons face higher taxes to pay for eco pledges,2021-10-20,Newspapers,"['Wright, Oliver', 'Zeffman, Henry']",33565,The Times,London,,,https://www.proquest.com/docview/2583335348
unrelated,2583335358,Britons face higher taxes to pay for eco pledges,2021-10-20,Newspapers,"['Wright, Oliver', 'Zeffman, Henry', 'Smyth, Chris']",33565,The Times,London,,,https://www.proquest.com/docview/2583335358
risk,2583577564,India's difficult transition from fossil fuels to net-zero emissions,2021-10-20,Newspapers,,75999,Mint,New Delhi,,,https://www.proquest.com/docview/2583577564
unrelated,2583833010,Tesla Just Had a Strong Quarter. Its Valuation Is for a Very Different Business.,2021-10-21,Newspapers,,2048938,Barron's (Online),South Brunswick,NJ,,https://www.proquest.com/docview/2583833010
worthwhile,2583874342,"World Energy Day, one of UAE’s leading global contributions to sustainable development",2021-10-21,Newspapers,,40133,Emirates News Agency (WAM),Camden,DE,,https://www.proquest.com/docview/2583874342
worthwhile,2584981772,Turn net zero into net profit! Backing the winners in PM's £1trillion green gamble,2021-10-24,Newspapers,"['Murray-West, Rosie']",45309,Mail on Sunday,London,,,https://www.proquest.com/docview/2584981772
worthwhile,2584986131,Turn net zero into net profit! Backing the winners in PM's £1trillion green gamble [Scot Region],2021-10-24,Newspapers,"['Murray-West, Rosie']",45309,Mail on Sunday,London,,,https://www.proquest.com/docview/2584986131
risk,2585049156,Germany: Nuclear power: Are energy price hikes prompting a German rethink?,2021-10-25,Newspapers,,656306,Asia News Monitor,Bangkok,,,https://www.proquest.com/docview/2585049156
risk,2585423643,Germany: Nuclear power: Are energy price hikes prompting a German rethink?,2021-10-26,Newspapers,,656306,Asia News Monitor,Bangkok,,,https://www.proquest.com/docview/2585423643
unrelated,2585488259,How Democrats’ progressive-moderate split imperils Biden’s climate legacy,2021-10-25,Newspapers,,29467,Arab News,Jeddah,,,https://www.proquest.com/docview/2585488259
risk,2585551047,Letters: The Government’s green obsession is alienating the electorate,2021-10-24,Newspapers,,1986348,Telegraph.co.uk,London,,,https://www.proquest.com/docview/2585551047
risk,2585556390,All hail the net zero strategy: a year late and lacking in both ambition and funding,2021-10-24,Newspapers,,47145,The Observer,London,,,https://www.proquest.com/docview/2585556390
unrelated,2585641365,"No one should get left behind in new economy; As Canada moves to net-zero, we must have a just transition, Sean Strickland writes",2021-10-25,Newspapers,"['Strickland, Sean']",47083,Calgary Herald,Toronto,Ontario,,https://www.proquest.com/docview/2585641365
worthwhile,2585956039,Plan for new UK nuclear financing model moves upfront cost to energy bills,2021-10-26,Newspapers,,35249,The Guardian,London,,,https://www.proquest.com/docview/2585956039
unrelated,2586167036,Public ‘want a referendum on Boris Johnson’s net zero plans’ by next general election,2021-10-26,Newspapers,"['Fisher, Lucy']",1986348,Telegraph.co.uk,London,,,https://www.proquest.com/docview/2586167036
unrelated,2586167043,"Energy crisis adds £100 to every bill, warns British Gas chief",2021-10-26,Newspapers,"['Warrington, James', 'Hall, Sam']",1986348,Telegraph.co.uk,London,,,https://www.proquest.com/docview/2586167043
worthwhile,2586197546,Let's Aim for Zero by 2060 [The Edit Page],2021-10-27,Newspapers,"['Arun, T K']",856332,The Economic Times (Online),New Delhi,,,https://www.proquest.com/docview/2586197546
worthwhile,2586618722,Hydrogen key to net-zero target: ex-chief scientist,2021-10-28,Newspapers,,42763,The Australian,Surry Hills,NSW,,https://www.proquest.com/docview/2586618722
worthwhile,2586620677,Hydrogen key to net-zero target: ex-chief scientist,2021-10-28,Newspapers,,42763,The Australian,Surry Hills,NSW,,https://www.proquest.com/docview/2586620677
worthwhile,2586622773,Hydrogen ‘key to net zero target’,2021-10-28,Newspapers,,42763,The Australian,Surry Hills,NSW,,https://www.proquest.com/docview/2586622773
risk,2586707297,Taxpayers to provide £1.7bn to fund nuclear power station,2021-10-28,Newspapers,,33554,The Daily Telegraph,Tonbridge,,,https://www.proquest.com/docview/2586707297
worthwhile,2586708000,Energy cooperation as the backbone of India-Russia ties,2021-10-28,Newspapers,"['Frolovskiy, Dmitriy']",866348,The Hindu,Chennai,Tamil Nadu,,https://www.proquest.com/docview/2586708000
unrelated,2586869726,Nuclear power plant to get £1.7 billion from taxpayers [Eire Region],2021-10-28,Newspapers,"['Gosden, Emily']",33565,The Times,London,,,https://www.proquest.com/docview/2586869726
unrelated,2586874984,Nuclear power plant to get £1.7 billion from taxpayers,2021-10-28,Newspapers,"['Gosden, Emily']",33565,The Times,London,,,https://www.proquest.com/docview/2586874984
unrelated,2586879143,Nuclear power plant to get £1.7 billion from taxpayers [Scot Region],2021-10-28,Newspapers,"['Gosden, Emily']",33565,The Times,London,,,https://www.proquest.com/docview/2586879143
worthwhile,2586987106,Korea's nuclear phase-out plan raises net-zero dilemma,2021-10-28,Newspapers,"['Ja-young, Yoon']",2046300,The Korea Times,Seoul,,,https://www.proquest.com/docview/2586987106
worthwhile,2587189372,Abdullah bin Zayed leads UAE delegation ‏to COP 26 Glasgow; underlines nation’s unwavering focus on positive climate action,2021-10-28,Newspapers,,40133,Emirates News Agency (WAM),Camden,DE,,https://www.proquest.com/docview/2587189372
unrelated,2587587989,AUS-BD: A bilateral relationship whose time has come,2021-10-29,Newspapers,,39284,Dhaka Courier,New Delhi,,,https://www.proquest.com/docview/2587587989
unrelated,2587964298,United States: Build Back Better Framework,2021-11-01,Newspapers,,656306,Asia News Monitor,Bangkok,,,https://www.proquest.com/docview/2587964298
unrelated,2588736247,Whitehall 'resistance' could derail Boris Johnson's pledge on hydrogen,2021-10-30,Newspapers,"['Malnick, Edward']",1986348,Telegraph.co.uk,London,,,https://www.proquest.com/docview/2588736247
worthwhile,2588995783,UAE underlines unwavering focus on positive climate action,2021-10-31,Newspapers,,38562,TradeArabia,Camden,DE,,https://www.proquest.com/docview/2588995783
unrelated,2589004073,Whitehall 'resistance' could derail ail pledge on hydrogen,2021-10-31,Newspapers,,32356,The Sunday Telegraph,Tonbridge,,,https://www.proquest.com/docview/2589004073
unrelated,2589004092,Whitehall 'resistance' could derail ail pledge on hydrogen,2021-10-31,Newspapers,,32356,The Sunday Telegraph,Tonbridge,,,https://www.proquest.com/docview/2589004092
unrelated,2589046525,"The long, cold winter",2021-10-31,Newspapers,,33563,Sunday Times,London,,,https://www.proquest.com/docview/2589046525
unrelated,2589051262,"The long, cold winter",2021-10-31,Newspapers,"['Shah, Oliver']",33563,Sunday Times,London,,,https://www.proquest.com/docview/2589051262
unrelated,2589053234,"The long, cold winter",2021-10-31,Newspapers,"['Shah, Oliver']",33563,Sunday Times,London,,,https://www.proquest.com/docview/2589053234
worthwhile,2589698307,Buhari: Climate Crisis Can’t be Fixed by Causing Energy Crisis in Africa,2021-11-01,Newspapers,,2044875,This Day,Camden,DE,,https://www.proquest.com/docview/2589698307
risk,2589729449,Britain needs next-generation nuclear reactors,2021-11-01,Newspapers,,33554,The Daily Telegraph,Tonbridge,,,https://www.proquest.com/docview/2589729449
worthwhile,2590021021,The road to net zero passes through nuclear power,2021-11-02,Newspapers,,2040384,The Australian Financial Review,Pyrmont,NSW,,https://www.proquest.com/docview/2590021021
risk,2590062646,"Britain needs the latest 21st-century mini nuclear reactors, not just revamped old ones",2021-10-31,Newspapers,"['Evans-Pritchard, Ambrose']",1986348,Telegraph.co.uk,London,,,https://www.proquest.com/docview/2590062646
worthwhile,2590063049,Net Zero Strategy: The key policies in the Government's ambitious plan,2021-10-31,Newspapers,"['Gatten, Emma']",1986348,Telegraph.co.uk,London,,,https://www.proquest.com/docview/2590063049
worthwhile,2590461160,"Japan: Japan PM Kishida, Strengthened by Election Win, Lays out Broad Policy Plans",2021-11-02,Newspapers,,656306,Asia News Monitor,Bangkok,,,https://www.proquest.com/docview/2590461160
worthwhile,2590650994,"Japan PM Kishida, receives electoral boost, lays out broad policy plans",2021-11-01,Newspapers,,39181,AlArabiya.net,Camden,DE,,https://www.proquest.com/docview/2590650994
worthwhile,2590716460,Net Zero Strategy: The key policies in the Government's ambitious plan,2021-11-01,Newspapers,"['Gatten, Emma']",1986348,Telegraph.co.uk,London,,,https://www.proquest.com/docview/2590716460
worthwhile,2590727987,A Major Persian Gulf Oil Producer Tries to Burnish Its Climate Credentials,2021-10-31,Newspapers,"['Reed, Stanley']",45131,The New York Times,NEW YORK,NY,,https://www.proquest.com/docview/2590727987
unrelated,2590829501,Asia Pacific Group endorses UAE’s bid to host COP28 in 2023,2021-11-02,Newspapers,,40133,Emirates News Agency (WAM),Camden,DE,,https://www.proquest.com/docview/2590829501
worthwhile,2591242131,Energyissues,2021-11-03,Newspapers,,44839,The New Zealand Herald,Auckland,,,https://www.proquest.com/docview/2591242131
unrelated,2591384347,"Singapore: Round Up Speech By Dr Tan See Leng, Second Minister For Trade And Industry At The Second Reading Of The Energy (Resilience Measures And Miscellaneous Amendments) Bill",2021-11-03,Newspapers,,656306,Asia News Monitor,Bangkok,,,https://www.proquest.com/docview/2591384347
worthwhile,2591384364,"United States: Fact Sheet - President Biden Tackles Methane Emissions, Spurs Innovations, and Supports Sustainable Agriculture to Build a Clean Energy Economy and Create Jobs",2021-11-03,Newspapers,,656306,Asia News Monitor,Bangkok,,,https://www.proquest.com/docview/2591384364
worthwhile,2591384888,"Japan: Japan PM Kishida, Strengthened by Election Win, Lays out Broad Policy Plans",2021-11-03,Newspapers,,656306,Asia News Monitor,Bangkok,,,https://www.proquest.com/docview/2591384888
unrelated,2591389283,United Kingdom: Correspondence - Rural Payments Agency update : November 2021,2021-11-03,Newspapers,,656306,Asia News Monitor,Bangkok,,,https://www.proquest.com/docview/2591389283
risk,2593029675,HOW TO INVEST IN THE COMING (GREEN) REVOLUTION And why nothing is as obvious as it seems,2021-11-04,Newspapers,"['Talevi, Giulietta', 'Steyn, Lisa']",4821771,Financial Mail,Saxonwold,,,https://www.proquest.com/docview/2593029675
worthwhile,2593040739,Is small-scale nuclear power the answer to the climate crisis Energy issues,2021-11-05,Newspapers,,2043507,Wanganui Chronicle,Auckland,,,https://www.proquest.com/docview/2593040739
worthwhile,2593422615,Nuclear Power Is the Best Climate-Change Solution by Far,2021-11-05,Newspapers,"['Fillat, Andrew I', 'Miller, Henry I']",10482,Wall Street Journal,South Brunswick,NJ,,https://www.proquest.com/docview/2593422615
unrelated,2593619481,"September 20, 2021 (Page B6)",2021-09-20,Newspapers,,2047932,Toronto Star (2010-),Toronto,Ontario,,https://www.proquest.com/docview/2593619481
worthwhile,2593741164,EU ​on brink: Macron's 'unholy alliance' takes on VDL ​as 'damaging' policy sparks fury,2021-11-05,Newspapers,"['Kettley, Sebastian']",2030468,Express (Online),London,,,https://www.proquest.com/docview/2593741164
worthwhile,2594835350,Rolls-Royce secures £450m for mini nuclear reactors venture,2021-11-08,Newspapers,,35249,The Guardian,London,,,https://www.proquest.com/docview/2594835350
worthwhile,2594888745,French oil dynasty helps pour £195m into Rolls-Royce's mini nukes,2021-11-08,Newspapers,"['Mustoe, Howard']",1986348,Telegraph.co.uk,London,,,https://www.proquest.com/docview/2594888745
worthwhile,2594906377,EU revolt: 12 countries break ranks in 'extraordinary' demands over Russian energy crisis,2021-11-08,Newspapers,"['Hoare, Callum']",2030468,Express (Online),London,,,https://www.proquest.com/docview/2594906377
worthwhile,2594942062,Rolls secures funding for mini nuclear reactor plan,2021-11-09,Newspapers,,33554,The Daily Telegraph,Tonbridge,,,https://www.proquest.com/docview/2594942062
worthwhile,2594965535,£200m for small reactor research ‘a once in a lifetime opportunity’,2021-11-09,Newspapers,"['Daly, Patrick']",45319,The Herald,Mc Lean,VA,,https://www.proquest.com/docview/2594965535
worthwhile,2594995948,Rolls-Royce secures £450m for mini nuclear reactors venture,2021-11-09,Newspapers,,35249,The Guardian,London,,,https://www.proquest.com/docview/2594995948
worthwhile,2595055235,ENEC partners with GMIS to encourage adoption of sustainable industrial practices,2021-11-09,Newspapers,,40133,Emirates News Agency (WAM),Camden,DE,,https://www.proquest.com/docview/2595055235
worthwhile,2595171089,Ministers investing £210m in R-R's smaller scale nuclear industry in bid to hit net zero,2021-11-09,Newspapers,"['Daly, Patrick']",27670,Derby Evening Telegraph,London,,,https://www.proquest.com/docview/2595171089
risk,2595218410,Why nuclear power is just a grand fantasy,2021-11-10,Newspapers,,42763,The Australian,Surry Hills,NSW,,https://www.proquest.com/docview/2595218410
unrelated,2595334755,Renewables key to achieving climate goals,2021-11-10,Newspapers,"['Sahoo, Pravakar']",866349,Businessline,Chennai,Tamil Nadu,,https://www.proquest.com/docview/2595334755
worthwhile,2595406205,Why Uranium Stocks Are Soaring,2021-11-10,Newspapers,,2040502,Yerepouni Daily News,Camden,DE,,https://www.proquest.com/docview/2595406205
risk,2595501290,Macron goes nuclear to cut emissions,2021-11-11,Newspapers,,43154,The Age,Sydney,New South Wales,,https://www.proquest.com/docview/2595501290
risk,2595501733,Macron goes nuclear to cut emissions,2021-11-11,Newspapers,,44841,Sydney Morning Herald,Sydney,New South Wales,,https://www.proquest.com/docview/2595501733
risk,2595504128,Why nuclear power for Australia is just a grand fantasy,2021-11-09,Newspapers,"['Kelly, Paul']",636359,The Australian (Online),Surry Hills,NSW,,https://www.proquest.com/docview/2595504128
risk,2595958429,letters,2021-11-12,Newspapers,,2040384,The Australian Financial Review,Pyrmont,NSW,,https://www.proquest.com/docview/2595958429
worthwhile,2596075214,United Arab Emirates to host COP28 in 2023,2021-11-11,Newspapers,,40133,Emirates News Agency (WAM),Camden,DE,,https://www.proquest.com/docview/2596075214
risk,2596532053,World: EU states split on classifying nuclear energy as 'green',2021-11-15,Newspapers,,656306,Asia News Monitor,Bangkok,,,https://www.proquest.com/docview/2596532053
unrelated,2596792060,"UAE rulers welcome successful bid to host COP28, promise accelerated climate action",2021-11-12,Newspapers,,39181,AlArabiya.net,Camden,DE,,https://www.proquest.com/docview/2596792060
risk,2597239784,COP26 raises 2030 pressure on PM,2021-11-15,Newspapers,,2040384,The Australian Financial Review,Pyrmont,NSW,,https://www.proquest.com/docview/2597239784
risk,2597284692,World: EU states split on classifying nuclear energy as 'green',2021-11-15,Newspapers,,656306,Asia News Monitor,Bangkok,,,https://www.proquest.com/docview/2597284692
worthwhile,2597576266,Morrison’s gas man in push for price on carbon,2021-11-16,Newspapers,,42763,The Australian,Surry Hills,NSW,,https://www.proquest.com/docview/2597576266
worthwhile,2597933420,Free markets and technology may yet deliver a 1.5C world,2021-11-16,Newspapers,"['Evans-Pritchard, Ambrose']",1986348,Telegraph.co.uk,London,,,https://www.proquest.com/docview/2597933420
worthwhile,2597956490,Germany is bound to rue the day it chose to phase out nuclear power,2021-11-17,Newspapers,,33554,The Daily Telegraph,Tonbridge,,,https://www.proquest.com/docview/2597956490
risk,2598038140,'Can-do capitalism' looks an awful lot like socialism,2021-11-18,Newspapers,,2040384,The Australian Financial Review,Pyrmont,NSW,,https://www.proquest.com/docview/2598038140
unrelated,2598074728,Indonesia: Enviva and J-Power join efforts to decarbonize power generation in Japan,2021-11-18,Newspapers,,656306,Asia News Monitor,Bangkok,,,https://www.proquest.com/docview/2598074728
worthwhile,2598294632,Nord Stream dilemma is the result of a disastrous German mistake,2021-11-17,Newspapers,"['Wright, Ben']",1986348,Telegraph.co.uk,London,,,https://www.proquest.com/docview/2598294632
worthwhile,2598834812,Want to Save the Earth? We Need a Lot More Elon Musks.,2021-11-17,Newspapers,"['Friedman, Thomas L']",45131,The New York Times,NEW YORK,NY,,https://www.proquest.com/docview/2598834812
worthwhile,2599084430,"For This Utility, Regulation Can Be a Good Thing",2021-11-19,Newspapers,"['Strauss, Lawrence C']",2048938,Barron's (Online),South Brunswick,NJ,,https://www.proquest.com/docview/2599084430
worthwhile,2599126702,'No Chance' of 'Net Zero' by 2050: Oil Executive Chris Wright Says,2021-11-12,Newspapers,"['Worcester, Nathan']",1576348,The Epoch Times,New York,NY,,https://www.proquest.com/docview/2599126702
worthwhile,2599286645,"For This Utility, Regulation Can Be a Good Thing",2021-11-20,Newspapers,"['Strauss, Lawrence C']",2048938,Barron's (Online),South Brunswick,NJ,,https://www.proquest.com/docview/2599286645
unrelated,2599762536,Scotland powers ahead with green energy plans,2021-11-21,Newspapers,,32356,The Sunday Telegraph,Tonbridge,,,https://www.proquest.com/docview/2599762536
unrelated,2599912102,Singapore: Round Up Speech by 2M Tan See Leng at the Second Reading of the Energy (Resilience Measures and Miscellaneous Amendments) Bill,2021-11-22,Newspapers,,656306,Asia News Monitor,Bangkok,,,https://www.proquest.com/docview/2599912102
worthwhile,2599913485,Canada: Remarks by President Velshi at the Generation IV &amp; Small Reactors (G4SR-3) Virtual Summit,2021-11-22,Newspapers,,656306,Asia News Monitor,Bangkok,,,https://www.proquest.com/docview/2599913485
unrelated,2600107842,Sturgeon floats hydrogen exports in bid to power Scottish independence,2021-11-21,Newspapers,"['Millard, Rachel']",1986348,Telegraph.co.uk,London,,,https://www.proquest.com/docview/2600107842
worthwhile,2600116126,Buy This Utility Stock. Regulation Can Be a Good Thing for Patient Investors.,2021-11-22,Newspapers,"['Strauss, Lawrence C']",2048938,Barron's (Online),South Brunswick,NJ,,https://www.proquest.com/docview/2600116126
worthwhile,2600532595,"Germany will rue day it chose to cut nuclear; It's one of biggest recent policy mistakes in the western world, writes Ben Wright",2021-11-22,Newspapers,"['Wright, Ben']",47083,Calgary Herald,Toronto,Ontario,,https://www.proquest.com/docview/2600532595
unrelated,2600638008,Nuclear fusion and the race to save planet with gas hotter than the sun,2021-11-23,Newspapers,"['O'Connell, Dominic']",33565,The Times,London,,,https://www.proquest.com/docview/2600638008
risk,2601096353,Why the oil industry's pivot to carbon capture and storage – while it keeps on drilling – isn't a climate change solution,2021-11-23,Newspapers,"['Sekera, June', 'Goodwin, Neva']",4977986,The Conversation :  Economy + Business,Boston,MA,,https://www.proquest.com/docview/2601096353
risk,2601098985,Why the oil industry's pivot to carbon capture and storage – while it keeps on drilling – isn't a climate change solution,2021-11-23,Newspapers,"['Sekera, June', 'Goodwin, Neva']",4977984,The Conversation : Environment + Energy,Boston,MA,,https://www.proquest.com/docview/2601098985
risk,2601107367,Why the oil industry's pivot to carbon capture and storage – while it keeps on drilling – isn't a climate change solution,2021-11-23,Newspapers,"['Sekera, June', 'Goodwin, Neva']",4977988,The Conversation U.S.,Boston,MA,,https://www.proquest.com/docview/2601107367
worthwhile,2601637095,"October 22, 2021 (Page B3)",2021-10-22,Newspapers,,2047932,Toronto Star (2010-),Toronto,Ontario,,https://www.proquest.com/docview/2601637095
risk,2601787767,The green debate will only intensify on road to net zero,2021-11-25,Newspapers,"['Jones, Jeffrey']",46323,The Globe and Mail,Toronto,Ontario,,https://www.proquest.com/docview/2601787767
worthwhile,2602895901,Emission reduction requires a new look at nuclear energy,2021-11-27,Newspapers,"['Gee, Marcus']",46323,The Globe and Mail,Toronto,Ontario,,https://www.proquest.com/docview/2602895901
worthwhile,2603457184,Indonesia: Indonesia to push for energy transition support during G20 Presidency,2021-11-29,Newspapers,,656306,Asia News Monitor,Bangkok,,,https://www.proquest.com/docview/2603457184
risk,2604032286,Applaud the art of keeping creatives going,2021-11-30,Newspapers,,43153,Newcastle Herald,Canberra ACT,,,https://www.proquest.com/docview/2604032286
unrelated,2604473379,World: Coal: The end is nigh - or is it?,2021-12-01,Newspapers,,656306,Asia News Monitor,Bangkok,,,https://www.proquest.com/docview/2604473379
worthwhile,2604690033,Burnaby-based fusion energy developer raises $130-million to build test plant SEAN SILCOFF,2021-12-01,Newspapers,,46323,The Globe and Mail,Toronto,Ontario,,https://www.proquest.com/docview/2604690033
worthwhile,2604985153,Europe Revisits Nuclear Power as Climate Deadlines Loom,2021-11-30,Newspapers,"['Alderman, Liz', 'Reed, Stanley']",45131,The New York Times,NEW YORK,NY,,https://www.proquest.com/docview/2604985153
worthwhile,2605213155,Clear clean energy: Civil nuclear deal is a must,2021-12-02,Newspapers,,55155,Pakistan Observer,,,,https://www.proquest.com/docview/2605213155
unrelated,2605639468,"UAE, France support efforts to promote peace, stability at regional, international levels: Joint Communique",2021-12-03,Newspapers,,40133,Emirates News Agency (WAM),Camden,DE,,https://www.proquest.com/docview/2605639468
risk,2606364954,Energy transition is unstoppable,2021-12-05,Newspapers,"['Ellinas, Charles']",38707,Cyprus Mail,Camden,DE,,https://www.proquest.com/docview/2606364954
worthwhile,2606654367,CGNPC takes steps to ensure ample fuel supply for projects,2021-12-06,Newspapers,"['Zheng, Xin']",2030588,China Daily,BEIJING,,,https://www.proquest.com/docview/2606654367
worthwhile,2606815268,Securing energy supply to meet growing needs,2021-12-06,Newspapers,"['Green, Alasdair']",25365,The Press and Journal,Tunbridge Wells,,,https://www.proquest.com/docview/2606815268
risk,2606815665,Scotland won't kick on by missing open goals,2021-12-06,Newspapers,"['Sen, Sanjoy']",25365,The Press and Journal,Tunbridge Wells,,,https://www.proquest.com/docview/2606815665
unrelated,2607344816,China: China - CELAC Joint Action Plan For Cooperation In Key Areas (2022-2024),2021-12-08,Newspapers,,656306,Asia News Monitor,Bangkok,,,https://www.proquest.com/docview/2607344816
worthwhile,2608510387,Jeopardising EU funding for Malta’s energy transition is a dangerous game – Malta Chamber,2021-12-10,Newspapers,,2040512,The Malta Independent,Camden,DE,,https://www.proquest.com/docview/2608510387
unrelated,2608602871,Scholz looks east and west as SPD party shifts to the left,2021-12-11,Newspapers,"['Scally, Derek']",27283,Irish Times,Dublin,,,https://www.proquest.com/docview/2608602871
unrelated,2609591494,"Much of Canada's political power lives in its cities, and that has led to cultural biases and blind spots that risk erasing a vital kind of diversity, Donald J. Savoie writes",2021-12-11,Newspapers,"['Savoie, Donald J']",46323,The Globe and Mail,Toronto,Ontario,,https://www.proquest.com/docview/2609591494
unrelated,2610923379,United States: Readout of Investment Roundtable Hosted by the Interagency Working Group on Coal and Power Plant Communities and Economic Revitalization,2021-12-20,Newspapers,,656306,Asia News Monitor,Bangkok,,,https://www.proquest.com/docview/2610923379
unrelated,2610986905,THE BURNING QUESTION,2021-12-18,Newspapers,,75785,The Weekend Australian Magazine,Surry Hills,NSW,,https://www.proquest.com/docview/2610986905
risk,2611531910,Real or fake? 'Greenest' Christmas tree and other eco-friendly paradoxes,2021-12-20,Newspapers,"['Smith, Peter']",27149,Irish Independent,London,,,https://www.proquest.com/docview/2611531910
risk,2611761526,Shifting balance of power,2021-12-21,Newspapers,,42789,The Daily Telegraph,Surry Hills,NSW,,https://www.proquest.com/docview/2611761526
worthwhile,2611881637,"Nuclear Power's Second Chance --- More governments look past skepticism, costs to consider adding it to their net-zero energy mix",2021-12-21,Newspapers,"['Toplensky, Rochelle']",10482,Wall Street Journal,South Brunswick,NJ,,https://www.proquest.com/docview/2611881637
risk,2612074472,Leaders,2021-12-22,Newspapers,"['Nikaido, Sachio']",736331,The Japan News,Tokyo,,,https://www.proquest.com/docview/2612074472
worthwhile,2612163212,Nuclear power brings Shandong carbon-free heat,2021-12-22,Newspapers,"['Zheng, Xin']",2030588,China Daily,BEIJING,,,https://www.proquest.com/docview/2612163212
worthwhile,2612230488,Rolls-Royce signs £3.7m deal to deliver 'huge' nuclear project and slash energy prices,2021-12-21,Newspapers,"['Jacob, Paul']",2030468,Express (Online),London,,,https://www.proquest.com/docview/2612230488
unrelated,2612373495,A Graphite Shortage Could Derail The EV Boom,2021-12-22,Newspapers,,2040502,Yerepouni Daily News,Camden,DE,,https://www.proquest.com/docview/2612373495
worthwhile,2612377758,Bloom Energy leads clean energy transition in Korea,2021-12-22,Newspapers,"['Park, Anna J']",2046300,The Korea Times,Seoul,,,https://www.proquest.com/docview/2612377758
risk,2612856538,Belgium commits to phasing out existing nuclear power plants,2021-12-23,Newspapers,"['Casert, Raf']",105811,Irish Examiner,"Blackpool, Cork",,,https://www.proquest.com/docview/2612856538
worthwhile,2613286003,United States: Second Japan-U.S. Clean Energy Partnership (JUCEP) Plenary Recognizes Achievements and Affirms Indo-Pacific Support Plans,2021-12-27,Newspapers,,656306,Asia News Monitor,Bangkok,,,https://www.proquest.com/docview/2613286003
worthwhile,2613355996,"December 9, 2021 (Page A7)",2021-12-09,Newspapers,,2047932,Toronto Star (2010-),Toronto,Ontario,,https://www.proquest.com/docview/2613355996
risk,2614087030,A decision that could shape the future of Canada's nuclear industry,2021-12-27,Newspapers,"['McCLEARN, MATTHEW']",46323,The Globe and Mail,Toronto,Ontario,,https://www.proquest.com/docview/2614087030
risk,2614689690,Proposal of 25pc electricity generation from renewables by 2030 on cards,2021-12-28,Newspapers,,76002,The Financial Express,New Delhi,,,https://www.proquest.com/docview/2614689690
risk,2614798605,Power firms gear up for surge in electricity demand,2021-12-29,Newspapers,,736331,The Japan News,Tokyo,,,https://www.proquest.com/docview/2614798605
risk,2615819495,European Union plans on financing nuclear and gas plants spark anger,2022-01-02,Newspapers,"['Casert, Raf', 'Grieshaber, Kirsten']",105811,Irish Examiner,"Blackpool, Cork",,,https://www.proquest.com/docview/2615819495
worthwhile,2615864957,"2022: ‘Rising energy prices to trigger tax hike, protests’",2022-01-03,Newspapers,,2029755,The Sun,Camden,DE,,https://www.proquest.com/docview/2615864957
unrelated,2615911691,The Lone Star State May Host The World’s Next Big Hydrogen Hub,2022-01-03,Newspapers,,2040502,Yerepouni Daily News,Camden,DE,,https://www.proquest.com/docview/2615911691
unrelated,2616136480,Scenes From a World on Fire,2022-01-02,Newspapers,,45131,The New York Times,NEW YORK,NY,,https://www.proquest.com/docview/2616136480
unrelated,2616437085,Hydrogen to play bigger role in green transition,2022-01-05,Newspapers,"['Zheng, Xin']",2030588,China Daily,BEIJING,,,https://www.proquest.com/docview/2616437085
risk,2616483176,EU humiliated! Spain in damning 'no' to plans as Brussels left reeling - 'Makes no sense',2022-01-04,Newspapers,"['Withers, Paul']",2030468,Express (Online),London,,,https://www.proquest.com/docview/2616483176
risk,2616525496,Europe Climate Chaos Goes Global,2022-01-05,Newspapers,"['Jenkins, Holman W']",10482,Wall Street Journal,South Brunswick,NJ,,https://www.proquest.com/docview/2616525496
risk,2616648174,European Union: How a technical rulebook unleashed a political storm over EU green energy,2022-01-06,Newspapers,,656306,Asia News Monitor,Bangkok,,,https://www.proquest.com/docview/2616648174
worthwhile,2616786797,Europe Plans to Say Nuclear Power and Natural Gas Are Green Investments,2022-01-04,Newspapers,"['Alderman, Liz', 'Pronczuk, Monika']",45131,The New York Times,NEW YORK,NY,,https://www.proquest.com/docview/2616786797
risk,2616798102,EU humiliated! Spain in damning 'no' to plans as Brussels left reeling - 'Makes no sense',2022-01-05,Newspapers,"['Withers, Paul']",2030468,Express (Online),London,,,https://www.proquest.com/docview/2616798102
worthwhile,2617188735,Hunterston B nuclear power station retires after 46 years in service,2022-01-07,Newspapers,"['Davies, Rob']",35249,The Guardian,London,,,https://www.proquest.com/docview/2617188735
risk,2617320772,World: Going nuclear - Should nations unilaterally decide?,2022-01-10,Newspapers,,656306,Asia News Monitor,Bangkok,,,https://www.proquest.com/docview/2617320772
unrelated,2617615639,Bangladesh bets big on wind energy to curb climate change,2022-01-08,Newspapers,,3930058,United News of Bangladesh,New Delhi,,,https://www.proquest.com/docview/2617615639
unrelated,2617655840,What will be the future shape of arm support measures for Northern Ireland?,2022-01-08,Newspapers,,4453609,News Letter,Tunbridge Wells,,,https://www.proquest.com/docview/2617655840
worthwhile,2617665618,REVIEW --- Is Nuclear Power Part of the Climate Solution? --- Investing in the next generation of nuclear reactors could give the world an important tool for reducing carbon emissions.,2022-01-08,Newspapers,"['Wagner, Gernot']",10482,Wall Street Journal,South Brunswick,NJ,,https://www.proquest.com/docview/2617665618
risk,2617892961,Germany's meltdown over nuclear power risks a costly winter,2022-01-08,Newspapers,"['Millard, Rachel']",1986348,Telegraph.co.uk,London,,,https://www.proquest.com/docview/2617892961
risk,2617917604,Germany's meltdown over nuclear power risks a costly winter,2022-01-09,Newspapers,,32356,The Sunday Telegraph,Tonbridge,,,https://www.proquest.com/docview/2617917604
worthwhile,2618133926,Zero-carbon electricity,2022-01-10,Newspapers,,27283,Irish Times,Dublin,,,https://www.proquest.com/docview/2618133926
unrelated,2618146292,Week in Westminster,2022-01-10,Newspapers,,33554,The Daily Telegraph,Tonbridge,,,https://www.proquest.com/docview/2618146292
worthwhile,2618165916,Time to embrace the NUCLEAR OPTION,2022-01-10,Newspapers,"['Clark, Ross']",46329,Daily Mail,London,,,https://www.proquest.com/docview/2618165916
worthwhile,2618166937,Time to embrace the NUCLEAR OPTION,2022-01-10,Newspapers,"['Clark, Ross']",46329,Daily Mail,London,,,https://www.proquest.com/docview/2618166937
risk,2618173293,Nuclear is dangerous to people and planet,2022-01-10,Newspapers,,27173,The Western Morning News,London,,,https://www.proquest.com/docview/2618173293
risk,2618173334,Nuclear is dangerous to people and planet,2022-01-10,Newspapers,,27176,Western Daily Press,London,,,https://www.proquest.com/docview/2618173334
unrelated,2618190603,"India's renewable energy generation capacity addition estimated at 16 GW in FY23, says Icra",2022-01-10,Newspapers,,75999,Mint,New Delhi,,,https://www.proquest.com/docview/2618190603
unrelated,2618220509,"UAE convenes world leaders from policy, business, industry to take climate action, accelerate sustainable development",2022-01-10,Newspapers,,40133,Emirates News Agency (WAM),Camden,DE,,https://www.proquest.com/docview/2618220509
worthwhile,2618238905,"EU's nuclear option for sustainability makes sense for India, too",2022-01-10,Newspapers,,75999,Mint,New Delhi,,,https://www.proquest.com/docview/2618238905
risk,2618387311,Europe in crisis as energy row risks tearing EU apart – countries split over nuclear power,2022-01-10,Newspapers,"['Phillips, Aleks']",2030468,Express (Online),London,,,https://www.proquest.com/docview/2618387311
risk,2618394602,Politicians urged to reject nuclear energy bill,2022-01-11,Newspapers,,54997,Paisley Daily Express,London,,,https://www.proquest.com/docview/2618394602
unrelated,2618448294,ADSW sets platform to accelerate pathways to net zero,2022-01-11,Newspapers,,38562,TradeArabia,Camden,DE,,https://www.proquest.com/docview/2618448294
worthwhile,2618800832,Uranium Stocks Are Glowing Hot As Global Nuclear Ambitions Grow,2022-01-12,Newspapers,,2040502,Yerepouni Daily News,Camden,DE,,https://www.proquest.com/docview/2618800832
risk,2619073233,Critical times for nuclear power's renaissance,2022-01-13,Newspapers,,33554,The Daily Telegraph,Tonbridge,,,https://www.proquest.com/docview/2619073233
worthwhile,2619088050,"Provinces key to reducing energy sector's emissions, IEA tells Ottawa",2022-01-13,Newspapers,"['Graney, Emma']",46323,The Globe and Mail,Toronto,Ontario,,https://www.proquest.com/docview/2619088050
unrelated,2619125914,EU Proposes Green Certificate for Nuclear and Gas Energy,2022-01-03,Newspapers,"['Athrappully, Naveen']",1576348,The Epoch Times,New York,NY,,https://www.proquest.com/docview/2619125914
risk,2619336027,Problems plague French design for Britain's nuclear future,2022-01-13,Newspapers,"['Mustoe, Howard']",1986348,Telegraph.co.uk,London,,,https://www.proquest.com/docview/2619336027
worthwhile,2619617291,Is a £16m giant magnet the ‘holy grail’ of clean energy?,2022-01-15,Newspapers,,2042848,The Independent (Daily Edition),London,,,https://www.proquest.com/docview/2619617291
worthwhile,2619855704,EDITORIAL,2022-01-17,Newspapers,,736331,The Japan News,Tokyo,,,https://www.proquest.com/docview/2619855704
unrelated,2620089019,"Etihad Credit Insurance, K-SURE sign MoU",2022-01-17,Newspapers,,40133,Emirates News Agency (WAM),Camden,DE,,https://www.proquest.com/docview/2620089019
worthwhile,2620223454,Can nuclear energy truly be ‘green’?,2022-01-18,Newspapers,,27283,Irish Times,Dublin,,,https://www.proquest.com/docview/2620223454
worthwhile,2620891648,"UAE, South Korea partner to fortify business relations",2022-01-18,Newspapers,,38562,TradeArabia,Camden,DE,,https://www.proquest.com/docview/2620891648
risk,2620897497,Germany on brink of most daring leap in modern industrial history,2022-01-19,Newspapers,"['Scally, Derek']",27283,Irish Times,Dublin,,,https://www.proquest.com/docview/2620897497
risk,2620907894,Austria forges new alliance of nations in threat to EU supremacy – bloc cracking at seams,2022-01-18,Newspapers,"['Phillips, Aleks']",2030468,Express (Online),London,,,https://www.proquest.com/docview/2620907894
unrelated,2620915250,How to stop energy bills going through the roof,2022-01-19,Newspapers,,33554,The Daily Telegraph,Tonbridge,,,https://www.proquest.com/docview/2620915250
unrelated,2621035310,"ADGM becomes first ""carbon neutral"" International Financial Centre in the world",2022-01-19,Newspapers,,40133,Emirates News Agency (WAM),Camden,DE,,https://www.proquest.com/docview/2621035310
risk,2621089644,Readers' letters: Labour changes tune on nuclear power,2022-01-18,Newspapers,,46328,Evening News,London,,,https://www.proquest.com/docview/2621089644
risk,2621094076,How to stop your energy bills going through the roof,2022-01-19,Newspapers,"['Millard, Rachel']",1986348,Telegraph.co.uk,London,,,https://www.proquest.com/docview/2621094076
worthwhile,2621719658,Everyone’s least favorite climate fix? Nuclear power gets fresh look.,2022-01-21,Newspapers,"['Hanes, Stephanie']",17099,The Christian Science Monitor,Boston,MA,,https://www.proquest.com/docview/2621719658
worthwhile,2621785749,"January 7, 2022 (Page B1)",2022-01-07,Newspapers,,2047932,Toronto Star (2010-),Toronto,Ontario,,https://www.proquest.com/docview/2621785749
risk,2621824517,Von der Leyen's EU tenure on knife-edge as huge rift erupts in bloc: 'A step backwards!',2022-01-21,Newspapers,"['Phillips, Aleks']",2030468,Express (Online),London,,,https://www.proquest.com/docview/2621824517
risk,2621840320,Anti-nuclear campaigners attack 'tax' on consumers,2022-01-22,Newspapers,"['Shipton, Martin']",26175,Western Mail,London,,,https://www.proquest.com/docview/2621840320
risk,2621967484,Europe split on gas as green energy source,2022-01-24,Newspapers,,2040384,The Australian Financial Review,Pyrmont,NSW,,https://www.proquest.com/docview/2621967484
risk,2621968147,Hydrogen injects reality into gas-led energy transition,2022-01-24,Newspapers,,2040384,The Australian Financial Review,Pyrmont,NSW,,https://www.proquest.com/docview/2621968147
risk,2622381805,German unleashes fury at Macron over energy plans – huge EU bust-up brewing,2022-01-24,Newspapers,"['Ashkenaz, Antony']",2030468,Express (Online),London,,,https://www.proquest.com/docview/2622381805
risk,2622381935,EU shame as Spain RESTARTS coal plants as energy crisis batters Europe,2022-01-24,Newspapers,"['Phillips, Aleks']",2030468,Express (Online),London,,,https://www.proquest.com/docview/2622381935
worthwhile,2622382581,Rolls-Royce hands UK Brexit boost as new nuclear plants to be built after £210m investment,2022-01-24,Newspapers,"['Jacob, Paul']",2030468,Express (Online),London,,,https://www.proquest.com/docview/2622382581
worthwhile,2622663480,Net zero could power real levelling up,2022-01-25,Newspapers,"['Butterworth, Julie']",27174,The Yorkshire Post,Tunbridge Wells,,,https://www.proquest.com/docview/2622663480
risk,2622678966,EU chaos! Macron and Scholz in furious bust-up over EU energy plans: ‘Risky and expensive',2022-01-25,Newspapers,"['Jacob, Paul']",2030468,Express (Online),London,,,https://www.proquest.com/docview/2622678966
risk,2622802894,World: How a technical rulebook is unleashing a political storm over EU green energy,2022-01-27,Newspapers,,656306,Asia News Monitor,Bangkok,,,https://www.proquest.com/docview/2622802894
worthwhile,2622861590,Brexit Britain 'securing energy independence' as TWO deals struck to slash Russian ties,2022-01-26,Newspapers,"['Hoare, Callum']",2030468,Express (Online),London,,,https://www.proquest.com/docview/2622861590
worthwhile,2623064728,Nuclear power is needed for net zero and more,2022-01-27,Newspapers,"['Sullivan, Paul']",29467,Arab News,Jeddah,,,https://www.proquest.com/docview/2623064728
worthwhile,2623199072,Energy crisis lifeline as £100m deal struck to slash bills and 'ensure independence',2022-01-27,Newspapers,"['Hoare, Callum']",2030468,Express (Online),London,,,https://www.proquest.com/docview/2623199072
risk,2623498019,"Russia Isn’t a Dead Petrostate, and Putin Isn’t Going Anywhere",2022-01-27,Newspapers,"['Bordoff, Jason']",45131,The New York Times,NEW YORK,NY,,https://www.proquest.com/docview/2623498019
worthwhile,2623823781,The problem with the climate-change crisis,2022-01-31,Newspapers,,44892,Toronto Star,Toronto,Ontario,,https://www.proquest.com/docview/2623823781
risk,2624212626,Indonesia: Need to enhance national capability in nuclear power: BRIN,2022-02-02,Newspapers,,656306,Asia News Monitor,Bangkok,,,https://www.proquest.com/docview/2624212626
worthwhile,2624739154,European Union: Questions and Answers on the EU Taxonomy Complementary Climate Delegated Act covering certain nuclear and gas activities,2022-02-03,Newspapers,,656306,Asia News Monitor,Bangkok,,,https://www.proquest.com/docview/2624739154
risk,2624774818,EU to unveil green label plan for gas and nuclear projects,2022-02-02,Newspapers,,39181,AlArabiya.net,Camden,DE,,https://www.proquest.com/docview/2624774818
unrelated,2624909515,Full text of Putin's signed article for Xinhua,2022-02-03,Newspapers,,2032725,People's Daily,Beijing,,,https://www.proquest.com/docview/2624909515
worthwhile,2625267629,UAE keen to contribute to global efforts to protect environment: Hamdan bin Zayed,2022-02-04,Newspapers,,40133,Emirates News Agency (WAM),Camden,DE,,https://www.proquest.com/docview/2625267629
unrelated,2625366224,Russia and China: A future-oriented strategic partnership,2022-02-05,Newspapers,,2030588,China Daily,BEIJING,,,https://www.proquest.com/docview/2625366224
worthwhile,2625755343,Companies brace for EU's new green rules,2022-02-07,Newspapers,,2040384,The Australian Financial Review,Pyrmont,NSW,,https://www.proquest.com/docview/2625755343
unrelated,2625857075,European Union: President von der Leyen's joint interview with Les Echos and Handelsblatt,2022-02-07,Newspapers,,656306,Asia News Monitor,Bangkok,,,https://www.proquest.com/docview/2625857075
risk,2625923028,Why the cost of net zero is too high for the country – and for Boris too,2022-02-06,Newspapers,"['Lynn, Matthew']",1986348,Telegraph.co.uk,London,,,https://www.proquest.com/docview/2625923028
risk,2625990570,Kurri Kurri gas emissions hit and miss on EU standards,2022-02-08,Newspapers,,2040384,The Australian Financial Review,Pyrmont,NSW,,https://www.proquest.com/docview/2625990570
worthwhile,2626108269,Net zero strategy: The key policies in the Government's ambitious plan,2022-02-07,Newspapers,"['Gatten, Emma']",1986348,Telegraph.co.uk,London,,,https://www.proquest.com/docview/2626108269
worthwhile,2626160223,Nuclear Power to Meet Our Electricity Needs,2022-02-08,Newspapers,,10482,Wall Street Journal,South Brunswick,NJ,,https://www.proquest.com/docview/2626160223
worthwhile,2626266595,"United States: Secretary Antony J. Blinken with U.S. Secretary of Energy Jennifer Granholm, EU High Representative for Foreign Affairs and Security Policy and Vice President of the European Commission Josep Borrell, and European Commissioner for Energy Kadri Simson at the U.S.-EU Energy Council Ministerial",2022-02-09,Newspapers,,656306,Asia News Monitor,Bangkok,,,https://www.proquest.com/docview/2626266595
worthwhile,2626307847,Nuclear energy: Are we there yet?,2022-02-08,Newspapers,"['Kotilaine, Jarmo T']",29467,Arab News,Jeddah,,,https://www.proquest.com/docview/2626307847
unrelated,2626328019,Nation powers ahead with hydrogen use at Games,2022-02-09,Newspapers,"['Zheng, Xin']",2030588,China Daily,BEIJING,,,https://www.proquest.com/docview/2626328019
worthwhile,2626347844,Nuclear engineering firm,2022-02-08,Newspapers,,39033,Lancashire Evening Post,Tunbridge Wells,,,https://www.proquest.com/docview/2626347844
worthwhile,2626759901,Kingdom on the ball with energy transition,2022-02-09,Newspapers,,50677,Oil & Gas News,Camden,DE,,https://www.proquest.com/docview/2626759901
worthwhile,2626949411,Europe’s Nuclear Fusion Race Is Going Private,2022-02-09,Newspapers,,2040502,Yerepouni Daily News,Camden,DE,,https://www.proquest.com/docview/2626949411
risk,2627219918,Energy transition will not come without risks,2022-02-11,Newspapers,"['Sullivan, Paul']",29467,Arab News,Jeddah,,,https://www.proquest.com/docview/2627219918
worthwhile,2627740576,France: Macron calls for nuclear 'renaissance' to end the France's reliance on fossil fuels,2022-02-14,Newspapers,,656306,Asia News Monitor,Bangkok,,,https://www.proquest.com/docview/2627740576
worthwhile,2628157715,Russia: Meeting on implementation process and results of socioeconomic development initiatives up to 2030,2022-02-14,Newspapers,,656306,Asia News Monitor,Bangkok,,,https://www.proquest.com/docview/2628157715
worthwhile,2628278403,The Global Energy Policy Problem No One Wants To Acknowledge,2022-02-14,Newspapers,,2040502,Yerepouni Daily News,Camden,DE,,https://www.proquest.com/docview/2628278403
worthwhile,2628370692,Macron's nuclear ramp-up stirs debate in Europe,2022-02-15,Newspapers,"['Chen, Weihua']",2030588,China Daily,BEIJING,,,https://www.proquest.com/docview/2628370692
unrelated,2628390506,A CANNY VIEW Time the best cushion when planning investments,2022-02-05,Newspapers,,38485,Hawkes Bay Today,Auckland,,,https://www.proquest.com/docview/2628390506
risk,2628433354,Nuclear power is on the rise again – but its second act is in doubt,2022-02-15,Newspapers,"['Mcgee, Niall']",46323,The Globe and Mail,Toronto,Ontario,,https://www.proquest.com/docview/2628433354
unrelated,2629089769,Cost of offshore wind power continues to fall,2022-02-17,Newspapers,,736331,The Japan News,Tokyo,,,https://www.proquest.com/docview/2629089769
worthwhile,2629313676,The Holy Grail Of Energy Is Within Reach,2022-02-17,Newspapers,,2040502,Yerepouni Daily News,Camden,DE,,https://www.proquest.com/docview/2629313676
risk,2630393033,DEALING WITH AN UNEASY SHIFT OF POWER,2022-02-19,Newspapers,,42764,Weekend Australian,Surry Hills,NSW,,https://www.proquest.com/docview/2630393033
risk,2630393526,Letters to the Editor,2022-02-19,Newspapers,,42764,Weekend Australian,Surry Hills,NSW,,https://www.proquest.com/docview/2630393526
risk,2630451566,EXCHANGE --- Power Struggle: The $4.5 Billion Clean-Power Bet --- Blackstone wanted to bring hydropower to New York City from 339 miles away. It wouldn't be easy.,2022-02-19,Newspapers,"['Dezember, Ryan']",10482,Wall Street Journal,South Brunswick,NJ,,https://www.proquest.com/docview/2630451566
risk,2630485258,Dealing with an uneasy shift of power,2022-02-18,Newspapers,"['Graham, Lloyd']",636359,The Australian (Online),Surry Hills,NSW,,https://www.proquest.com/docview/2630485258
worthwhile,2630604942,"Calls growing to embrace nuclear energy amid surging energy costs, Ukraine uncertainty",2022-02-20,Newspapers,"['Kyung-min, Lee']",2046300,The Korea Times,Seoul,,,https://www.proquest.com/docview/2630604942
worthwhile,2630926289,World: Is nuclear energy the 'hottest' new renewable on the block?,2022-02-22,Newspapers,,656306,Asia News Monitor,Bangkok,,,https://www.proquest.com/docview/2630926289
risk,2631363319,A new nuclear power station will not fix the energy crisis,2022-02-22,Newspapers,"['Lucas, Caroline']",2042848,The Independent (Daily Edition),London,,,https://www.proquest.com/docview/2631363319
worthwhile,2631762724,Conservatives need a climate plan focused on a clean-growth future,2022-02-19,Newspapers,"['Raitt, Lisa', 'Dinning, Jim']",46323,The Globe and Mail,Toronto,Ontario,,https://www.proquest.com/docview/2631762724
unrelated,2631947079,United States: DOE Announces $150 Million to Reduce Climate Impacts of Energy Technologies and Manufacturing,2022-02-24,Newspapers,,656306,Asia News Monitor,Bangkok,,,https://www.proquest.com/docview/2631947079
risk,2632022979,The West’s Delusion of Energy Independence,2022-02-22,Newspapers,"['Blair, Dennis C', 'Dunford, Joseph F, Jr']",45131,The New York Times,NEW YORK,NY,,https://www.proquest.com/docview/2632022979
risk,2632185115,World: How the climate crisis is threatening our energy supply,2022-02-25,Newspapers,,656306,Asia News Monitor,Bangkok,,,https://www.proquest.com/docview/2632185115
worthwhile,2632574399,Cusi to travel to the US for nuclear deal,2022-02-25,Newspapers,,3930286,Manila Bulletin,New Delhi,,,https://www.proquest.com/docview/2632574399
unrelated,2633099861,We’d better start being nice to Britain – they control our gas,2022-02-26,Newspapers,"['Taylor, Cliff']",27283,Irish Times,Dublin,,,https://www.proquest.com/docview/2633099861
unrelated,2634145887,The dangerous energy dance between the EU and Russia,2022-03-01,Newspapers,"['Sullivan, Paul']",29467,Arab News,Jeddah,,,https://www.proquest.com/docview/2634145887
worthwhile,2634280561,Ben Houchen: Teesside can provide UK energy answers,2022-02-27,Newspapers,"['Houchen, Ben']",45456,Northern Echo,Darlington,,,https://www.proquest.com/docview/2634280561
unrelated,2634281897,'Putin and his cronies' targeted by new UK sanctions on Russia in Liz Truss statement,2022-02-28,Newspapers,"['Penna, Dominic']",1986348,Telegraph.co.uk,London,,,https://www.proquest.com/docview/2634281897
worthwhile,2634433792,Call to look at hydrogen and nuclear energy,2022-03-01,Newspapers,,33108,The Straits Times,News Centre,,,https://www.proquest.com/docview/2634433792
risk,2635108608,Sturgeon sparks fury for 'recipe for disaster' energy plan that leaves UK exposed to Putin,2022-03-02,Newspapers,"['Falvey, Dan']",2030468,Express (Online),London,,,https://www.proquest.com/docview/2635108608
unrelated,2635190595,French exhibitors to introduce new technologies at MEE,2022-03-03,Newspapers,,38562,TradeArabia,Camden,DE,,https://www.proquest.com/docview/2635190595
worthwhile,2635267383,Philippines: Pursuit of nuclear energy to reduce PH oil dependency,2022-03-04,Newspapers,,656306,Asia News Monitor,Bangkok,,,https://www.proquest.com/docview/2635267383
risk,2635333499,Germany opposes ban on Russian oil and gas,2022-03-03,Newspapers,"['Warrington, James', 'Rees, Tom', 'Bottaro, Giulia']",1986348,Telegraph.co.uk,London,,,https://www.proquest.com/docview/2635333499
worthwhile,2635383808,Philippines approves nuke energy as national policy,2022-03-04,Newspapers,,2029686,IANS English,Noida,,,https://www.proquest.com/docview/2635383808
unrelated,2635740545,"Russians should not assassinate Vladimir Putin, says Boris Johnson",2022-03-04,Newspapers,"['Boycott-Owen, Mason']",1986348,Telegraph.co.uk,London,,,https://www.proquest.com/docview/2635740545
worthwhile,2635784081,Fire up the nuclear option [Scot Region],2022-03-05,Newspapers,"['Brummer, Alex']",46329,Daily Mail,London,,,https://www.proquest.com/docview/2635784081
worthwhile,2635792200,Fire up the nuclear option,2022-03-05,Newspapers,"['Brummer, Alex']",46329,Daily Mail,London,,,https://www.proquest.com/docview/2635792200
unrelated,2635842305,War a reminder of power politics,2022-03-06,Newspapers,,44089,Sun-Herald,Sydney,New South Wales,,https://www.proquest.com/docview/2635842305
unrelated,2636853215,Bangladesh keen to work with UAE for maximum mutual benefit: PM Sheikh Hasina,2022-03-07,Newspapers,"['Kumar, Ashwani']",29252,Khaleej Times,Camden,DE,,https://www.proquest.com/docview/2636853215
worthwhile,2637156067,It’s not too late to free ourselves from this idiotic addiction to Russian gas,2022-03-09,Newspapers,"['Monbiot, George']",35249,The Guardian,London,,,https://www.proquest.com/docview/2637156067
unrelated,2637180394,Access to energy is crucial to SA transformation,2022-03-09,Newspapers,,29499,The Daily News,Johannesburg,,,https://www.proquest.com/docview/2637180394
unrelated,2637180688,Access to energy is crucial to SA transformation,2022-03-09,Newspapers,,45455,Cape Argus,Johannesburg,,,https://www.proquest.com/docview/2637180688
unrelated,2637197853,Access to energy is crucial to SA transformation,2022-03-09,Newspapers,,39818,The Star,Johannesburg,,,https://www.proquest.com/docview/2637197853
unrelated,2637257992,"Taqa, Dubal to acquire EGA's key power generation assets",2022-03-09,Newspapers,,38562,TradeArabia,Camden,DE,,https://www.proquest.com/docview/2637257992
unrelated,2637269337,Major UAE entities to expand clean energy development,2022-03-09,Newspapers,,40133,Emirates News Agency (WAM),Camden,DE,,https://www.proquest.com/docview/2637269337
unrelated,2637276252,Access to energy is crucial to SA transformation,2022-03-09,Newspapers,,2044877,The Star,Camden,DE,,https://www.proquest.com/docview/2637276252
unrelated,2637297617,"EGA, TAQA, Dubal Holding, EWEC to expand clean energy development",2022-03-09,Newspapers,,40133,Emirates News Agency (WAM),Camden,DE,,https://www.proquest.com/docview/2637297617
risk,2637445354,Trying to save the planet now will only save Putin,2022-03-10,Newspapers,,42763,The Australian,Surry Hills,NSW,,https://www.proquest.com/docview/2637445354
worthwhile,2637477030,Alberta offers safe way out of world energy crisis,2022-03-09,Newspapers,"['Staples, David']",46779,Edmonton Journal,Toronto,Ontario,,https://www.proquest.com/docview/2637477030
risk,2637560373,Trying to save the planet now will only save Putin,2022-03-09,Newspapers,"['Canavan, Matt']",636359,The Australian (Online),Surry Hills,NSW,,https://www.proquest.com/docview/2637560373
worthwhile,2638168952,How Rolls-Royce's mini nuclear reactors could solve the energy crisis,2022-03-11,Newspapers,"['Mustoe, Howard']",1986348,Telegraph.co.uk,London,,,https://www.proquest.com/docview/2638168952
worthwhile,2638188012,Why Britain needs Rolls's mini nuclear reactors,2022-03-12,Newspapers,,33554,The Daily Telegraph,Tonbridge,,,https://www.proquest.com/docview/2638188012
unrelated,2638195503,US to Partner Nigeria to Stop Gas Flaring By Conversion to Ammonia,2022-03-12,Newspapers,,2044875,This Day,Camden,DE,,https://www.proquest.com/docview/2638195503
worthwhile,2638310072,Ministers need to be honest with the public about the hardship ahead,2022-03-12,Newspapers,"['Jenrick, Robert']",1986348,Telegraph.co.uk,London,,,https://www.proquest.com/docview/2638310072
worthwhile,2638323025,Ministers need to be honest with the public about the hardship ahead,2022-03-13,Newspapers,,32356,The Sunday Telegraph,Tonbridge,,,https://www.proquest.com/docview/2638323025
risk,2638444369,Boris assembles oil and gas task force to map his way out of Net Zero agenda,2022-03-13,Newspapers,"['Mikhailova, Anna']",45309,Mail on Sunday,London,,,https://www.proquest.com/docview/2638444369
risk,2638445067,Boris assembles oil and gas task force to map his way out of Net Zero agenda [Scot Region],2022-03-13,Newspapers,"['Mikhailova, Anna']",45309,Mail on Sunday,London,,,https://www.proquest.com/docview/2638445067
worthwhile,2638467616,Nuclear energy's future could be in a shed,2022-03-14,Newspapers,,2040384,The Australian Financial Review,Pyrmont,NSW,,https://www.proquest.com/docview/2638467616
worthwhile,2638492938,United States: DOE Awards $36 Million to Reduce Waste from Advanced Nuclear Reactors,2022-03-14,Newspapers,,656306,Asia News Monitor,Bangkok,,,https://www.proquest.com/docview/2638492938
unrelated,2638682428,UAE guest of honour at 15th Energy Conference in Rabat,2022-03-14,Newspapers,,40133,Emirates News Agency (WAM),Camden,DE,,https://www.proquest.com/docview/2638682428
worthwhile,2638704916,Nuclear Energy Was on Its Way Out. Now It's a Reason for Goldman to Recommend Buying Constellation Energy.,2022-03-14,Newspapers,"['Escobar, Sabrina']",2048938,Barron's (Online),South Brunswick,NJ,,https://www.proquest.com/docview/2638704916
worthwhile,2638785913,"United Kingdom: New space funding paves the way for pioneering approaches to energy, communication and resources",2022-03-15,Newspapers,,656306,Asia News Monitor,Bangkok,,,https://www.proquest.com/docview/2638785913
worthwhile,2638877192,We need to move beyond pitting green energy against hydrocarbons,2022-03-14,Newspapers,"['Kennedy-Glans, Donna']",46323,The Globe and Mail,Toronto,Ontario,,https://www.proquest.com/docview/2638877192
unrelated,2638887949,The Supply Shortage That Could Derail The Electric Car Boom,2022-03-15,Newspapers,,2040502,Yerepouni Daily News,Camden,DE,,https://www.proquest.com/docview/2638887949
unrelated,2638897579,PM discusses ramping up North Sea investment,2022-03-15,Newspapers,"['Connett, David']",4457156,i,London,,,https://www.proquest.com/docview/2638897579
risk,2639036918,"Saving is sensible, but spending helps more",2022-03-16,Newspapers,,43153,Newcastle Herald,Canberra ACT,,,https://www.proquest.com/docview/2639036918
worthwhile,2639092620,High fuel prices bring nuclear generation back on table,2022-03-15,Newspapers,"['Ruddy, Gabriela']",4887063,Valor International,Miami,FL,,https://www.proquest.com/docview/2639092620
worthwhile,2639134417,UK energy crisis could put Wylfa B back on track,2022-03-16,Newspapers,"['Hughes, Owen']",26178,Daily Post,London,,,https://www.proquest.com/docview/2639134417
worthwhile,2639930523,Wylfa B is back in frame 'as nuclear plants vital',2022-03-17,Newspapers,"['Hughes, Owen']",26175,Western Mail,London,,,https://www.proquest.com/docview/2639930523
worthwhile,2640201816,Will nuclear power brighten our future?,2022-03-17,Newspapers,,2032451,Business Mirror,,,,https://www.proquest.com/docview/2640201816
worthwhile,2640399085,Canada: Government of Canada invests in small modular reactor technology to help transition Canada to net zero with cleaner sources of energy,2022-03-21,Newspapers,,656306,Asia News Monitor,Bangkok,,,https://www.proquest.com/docview/2640399085
worthwhile,2640442207,Marshall’s poll struggle shows Morrison has his work cut out,2022-03-19,Newspapers,,42764,Weekend Australian,Surry Hills,NSW,,https://www.proquest.com/docview/2640442207
unrelated,2640512800,Johnson tells Aberdeen to keep on drilling to beat 'bully of the Kremlin',2022-03-19,Newspapers,"['Green, Chris']",4457156,i,London,,,https://www.proquest.com/docview/2640512800
unrelated,2640512823,PM urges investment in North Sea oil,2022-03-19,Newspapers,"['Green, Chris']",4457156,i,London,,,https://www.proquest.com/docview/2640512823
worthwhile,2640544310,Marshall’s poll struggle shows Morrison has his work cut out,2022-03-18,Newspapers,"['Kenny, Chris']",636359,The Australian (Online),Surry Hills,NSW,,https://www.proquest.com/docview/2640544310
risk,2640628688,Irish Examiner view: Has war put net zero on the back burner?,2022-03-19,Newspapers,,105811,Irish Examiner,"Blackpool, Cork",,,https://www.proquest.com/docview/2640628688
worthwhile,2640784399,Johnson 'frustrated' with Sunak over nuclear,2022-03-20,Newspapers,,32356,The Sunday Telegraph,Tonbridge,,,https://www.proquest.com/docview/2640784399
risk,3049299443,World: EU Policy. How Europe's energy crisis is feeding the election campaign,2024-05-02,Newspapers,,656306,Asia News Monitor,Bangkok,,,https://www.proquest.com/docview/3049299443
unrelated,3049299505,"World: Housing, jobs and competitiveness, EP political parties and their economic vows",2024-05-02,Newspapers,,656306,Asia News Monitor,Bangkok,,,https://www.proquest.com/docview/3049299505
risk,3049515758,"Australia ‘can’t wait for nuclear’, NSW Liberal Leader Mark Speakman has declared",2024-05-01,Newspapers,,636369,The Daily Telegraph (Online),Surry Hills,NSW,,https://www.proquest.com/docview/3049515758
worthwhile,3049810810,United Kingdom: Innovation Zero 2024 - sustainability conference,2024-05-03,Newspapers,,656306,Asia News Monitor,Bangkok,,,https://www.proquest.com/docview/3049810810
unrelated,3049814570,"World: Housing, jobs and competitiveness, EP political parties and their economic vows",2024-05-03,Newspapers,,656306,Asia News Monitor,Bangkok,,,https://www.proquest.com/docview/3049814570
unrelated,3050015206,Europe Takes Radical Steps To Boost Production --- State spending to help manufacturers compete with China and the U.S. is up,2024-05-03,Newspapers,"['Fairless, Tom']",10482,Wall Street Journal,South Brunswick,NJ,,https://www.proquest.com/docview/3050015206
worthwhile,3050042149,Empowering Change: The nuclear solution to climate challenges,2024-05-03,Newspapers,,55155,Pakistan Observer,,,,https://www.proquest.com/docview/3050042149
unrelated,3050645965,Sustainability space to offer 'significant opportunities' for citizens: Minister,2024-05-05,Newspapers,"['Ang, Shermaine']",33108,The Straits Times,News Centre,,,https://www.proquest.com/docview/3050645965
unrelated,3050646101,ABC’s leftist anti-Israel fave Antony Loewenstein set to give narcissism a bad name on his forthcoming compass program,2024-05-04,Newspapers,"['Henderson, Gerard']",636359,The Australian (Online),Surry Hills,NSW,,https://www.proquest.com/docview/3050646101
worthwhile,3050839007,Inside the 'perfect marriage' between nuclear power and the booming data center industry,2024-05-06,Newspapers,"['Thomas, Ellen', 'Geiger, Daniel']",4682318,Business Insider,New York,NY,,https://www.proquest.com/docview/3050839007
risk,3050905161,Voters don't want to live next to nuclear reactors,2024-05-07,Newspapers,,2040384,The Australian Financial Review,Pyrmont,NSW,,https://www.proquest.com/docview/3050905161
risk,3050946790,"Oh Bonza! Flights cancelled, passengers stranded, so what's next?",2024-05-04,Newspapers,,6828556,Country Leader : Your no. 1 Rural Newspaper,Canberra ACT,,,https://www.proquest.com/docview/3050946790
worthwhile,3051314178,Joint nuclear power centre ‘will benefit GCC nations’,2024-05-07,Newspapers,,29470,Gulf Daily News,Camden,DE,,https://www.proquest.com/docview/3051314178
risk,3051330993,"Oh Bonza! Flights cancelled, passengers stranded, so what's next?",2024-05-04,Newspapers,,636411,The Northern Daily Leader,Canberra ACT,,,https://www.proquest.com/docview/3051330993
unrelated,3051433156,Full text of Xi's speech at the closing ceremony of the Sixth Meeting of the China-France Business Council,2024-05-07,Newspapers,,2032725,People's Daily,Beijing,,,https://www.proquest.com/docview/3051433156
worthwhile,3051548525,"In an AI arms race, data centers are going nuclear",2024-05-07,Newspapers,"['Thomas, Ellen', 'Geiger, Daniel']",4682318,Business Insider,New York,NY,,https://www.proquest.com/docview/3051548525
unrelated,3052165856,China: Building on Past Achievements to Jointly Usher in a New Era In China-France Cooperation,2024-05-09,Newspapers,,656306,Asia News Monitor,Bangkok,,,https://www.proquest.com/docview/3052165856
risk,3052423521,Can Renewable ETFs Continue To Outperform Oil &amp; Gas?,2024-05-09,Newspapers,,2040502,Yerepouni Daily News,Camden,DE,,https://www.proquest.com/docview/3052423521
unrelated,3053023362,Revealed: Meet the 100 Most Influential Arabs in 2024,2024-05-10,Newspapers,,39150,Arabianbusiness.com,Camden,DE,,https://www.proquest.com/docview/3053023362
unrelated,3053155443,Shipping industry to gather in Athens,2024-05-10,Newspapers,,38707,Cyprus Mail,Camden,DE,,https://www.proquest.com/docview/3053155443
worthwhile,3053317571,Letters,2024-05-11,Newspapers,,42765,The Advertiser,Surry Hills,NSW,,https://www.proquest.com/docview/3053317571
unrelated,3053584230,Walk-in nurse centres are a great service for many patients,2024-05-11,Newspapers,,726339,The Canberra Times,Canberra ACT,,,https://www.proquest.com/docview/3053584230
unrelated,3053660646,Rolls-Royce's 'hard man' boss demands credit for its extraordinary turnaround,2024-05-12,Newspapers,,32356,The Sunday Telegraph,Tonbridge,,,https://www.proquest.com/docview/3053660646
unrelated,3053787232,Greens inflaming home crisis,2024-05-13,Newspapers,,2040384,The Australian Financial Review,Pyrmont,NSW,,https://www.proquest.com/docview/3053787232
unrelated,3053789232,Inside Rolls-Royce’s extraordinary British revival,2024-05-12,Newspapers,"['Oliver, Matt']",1986348,Telegraph.co.uk,London,,,https://www.proquest.com/docview/3053789232
risk,3053906120,"Emerging Industry Strains Power Grid --- In fast-growing Georgia, electricity needs clash with green-energy goals",2024-05-13,Newspapers,"['Uberti, David']",10482,Wall Street Journal,South Brunswick,NJ,,https://www.proquest.com/docview/3053906120
worthwhile,3053930521,Nuclear power needed to transform Singapore's industrial economy,2024-05-13,Newspapers,"['Nian, Victor']",33677,The Business Times,News Centre,,,https://www.proquest.com/docview/3053930521
unrelated,3054229213,United States: DOE Appoints Inaugural Board of Directors for Groundbreaking New Foundation,2024-05-14,Newspapers,,656306,Asia News Monitor,Bangkok,,,https://www.proquest.com/docview/3054229213
risk,3054255280,Anglesey nuclear plant risks saddling taxpayers with £20bn bill,2024-05-13,Newspapers,"['Oliver, Matt']",1986348,Telegraph.co.uk,London,,,https://www.proquest.com/docview/3054255280
risk,3054304040,Nuclear plant in Wales risks saddling taxpayers with £20bn bill [Edition 2],2024-05-14,Newspapers,,33554,The Daily Telegraph,Tonbridge,,,https://www.proquest.com/docview/3054304040
risk,3054304070,Nuclear plant in Wales risks saddling taxpayers with £20bn bill,2024-05-14,Newspapers,,33554,The Daily Telegraph,Tonbridge,,,https://www.proquest.com/docview/3054304070
unrelated,3054533422,United States: FACT SHEET: Biden-Harris Administration Kicks Off Infrastructure Week by Highlighting Historic Results Spurred by President Biden's Investing in America Agenda,2024-05-15,Newspapers,,656306,Asia News Monitor,Bangkok,,,https://www.proquest.com/docview/3054533422
unrelated,3054742463,Solar Energy Is An Imperative For Pakistan,2024-05-14,Newspapers,,646549,The Friday Times,New Delhi,,,https://www.proquest.com/docview/3054742463
worthwhile,3055152459,Opposition to nuclear power is not credible,2024-05-16,Newspapers,,46325,The Scotsman,Edinburgh,,,https://www.proquest.com/docview/3055152459
risk,3055195738,Premier nukes his energy credibility,2024-05-16,Newspapers,,42785,The Courier - Mail,Surry Hills,NSW,,https://www.proquest.com/docview/3055195738
risk,3055411120,Editorial: Premier nukes his energy credibility,2024-05-15,Newspapers,,636370,The Courier - Mail (Online),Surry Hills,NSW,,https://www.proquest.com/docview/3055411120
risk,3055455978,Only one billionaire irks Dutton,2024-05-17,Newspapers,,43154,The Age,Sydney,New South Wales,,https://www.proquest.com/docview/3055455978
unrelated,3055456313,Only one billionaire irks Dutton,2024-05-17,Newspapers,,44841,Sydney Morning Herald,Sydney,New South Wales,,https://www.proquest.com/docview/3055456313
risk,3055735375,CND condemns Jack’s ‘risky’ plan for new nuclear power station in Scotland,2024-05-17,Newspapers,,45319,The Herald,Mc Lean,VA,,https://www.proquest.com/docview/3055735375
risk,3055918455,The politics of energy and the way forward for Nigeria – Bart Nnaji,2024-05-17,Newspapers,,2044874,Vanguard,Camden,DE,,https://www.proquest.com/docview/3055918455
unrelated,3055928254,The tu rbo-charg ing of Rolls-Royce,2024-05-18,Newspapers,,27209,The Post,Wellington,,,https://www.proquest.com/docview/3055928254
worthwhile,3055955001,"12 Stocks to Play Growing Energy Demand, From Oil and Gas to Nuclear and Solar; Fossil fuels and clean-energy shares are unloved by investors. That's an opportunity, say our roundtable experts. Why some stocks could double, and then some.",2024-05-17,Newspapers,"['Salzman, Avi']",2048938,Barron's (Online),South Brunswick,NJ,,https://www.proquest.com/docview/3055955001
worthwhile,3055961812,"Canada: Canada and the United States extend bilateral energy transformation task force for an additional year, announce new mineral sector investments",2024-05-20,Newspapers,,656306,Asia News Monitor,Bangkok,,,https://www.proquest.com/docview/3055961812
worthwhile,3055966255,United States: U.S.-Canada Joint Statement on the Extension of the Bilateral Energy Transformation Task Force,2024-05-20,Newspapers,,656306,Asia News Monitor,Bangkok,,,https://www.proquest.com/docview/3055966255
risk,3056029922,Nuclear too expensive: Forrest,2024-05-18,Newspapers,,42764,Weekend Australian,Surry Hills,NSW,,https://www.proquest.com/docview/3056029922
worthwhile,3056520329,Letters to the Editor,2024-05-20,Newspapers,,42763,The Australian,Surry Hills,NSW,,https://www.proquest.com/docview/3056520329
worthwhile,3056659440,"Unreliable renewable energy puts jobs, economy at risk",2024-05-19,Newspapers,,636359,The Australian (Online),Surry Hills,NSW,,https://www.proquest.com/docview/3056659440
risk,3056761515,Shocking new map shows 17 nuclear sites spreading across UK,2024-05-18,Newspapers,"['Smith, Oli']",2030468,Express (Online),London,,,https://www.proquest.com/docview/3056761515
worthwhile,3056836545,"British stocks represent golden buying opportunity, says HSBC",2024-05-20,Newspapers,"['Bow, Michael', 'Singleton, Alex', 'Price, Chris']",1986348,Telegraph.co.uk,London,,,https://www.proquest.com/docview/3056836545
worthwhile,3056836739,Rolls-Royce to build prototypes of nuclear reactors in region,2024-05-21,Newspapers,"['Burn, Chris']",27174,The Yorkshire Post,Tunbridge Wells,,,https://www.proquest.com/docview/3056836739
worthwhile,3056960995,Rolls signs £15m deal with Sheffield University for mini-nuke trials,2024-05-21,Newspapers,,33554,The Daily Telegraph,Tonbridge,,,https://www.proquest.com/docview/3056960995
risk,3057063868,Blackout risks: A nation lost in energy transition,2024-05-20,Newspapers,"['Kelly, Joe', 'Williams, Perry']",636359,The Australian (Online),Surry Hills,NSW,,https://www.proquest.com/docview/3057063868
unrelated,3057078334,Australia needs to relearn the reform lessons taught to Greece,2024-05-22,Newspapers,,2040384,The Australian Financial Review,Pyrmont,NSW,,https://www.proquest.com/docview/3057078334
risk,3057507023,CSIRO runs ruler over value of large-scale nuclear power,2024-05-22,Newspapers,,42763,The Australian,Surry Hills,NSW,,https://www.proquest.com/docview/3057507023
unrelated,3057608917,"Move Over, Nvidia. Copper Is Getting a Big AI Boost Too.",2024-05-22,Newspapers,"['La Monica, Paul R']",2048938,Barron's (Online),South Brunswick,NJ,,https://www.proquest.com/docview/3057608917
risk,3057615944,WoodMac Sees $1 Trillion At Risk for Clean Energy Investments Under Trump,2024-05-22,Newspapers,,2040502,Yerepouni Daily News,Camden,DE,,https://www.proquest.com/docview/3057615944
risk,3057691212,CSIRO runs ruler over large scale nuclear power,2024-05-21,Newspapers,"['Commins, Patrick']",636359,The Australian (Online),Surry Hills,NSW,,https://www.proquest.com/docview/3057691212
worthwhile,3057696518,Cutting through the nuclear noise,2024-05-23,Newspapers,,2040384,The Australian Financial Review,Pyrmont,NSW,,https://www.proquest.com/docview/3057696518
risk,3057696791,Private capital rejects nuclear dream,2024-05-23,Newspapers,,2040384,The Australian Financial Review,Pyrmont,NSW,,https://www.proquest.com/docview/3057696791
risk,3058297620,"CSIRO report paints grim picture of cost, timeline of Coalition’s nuclear idea",2024-05-21,Newspapers,"['Ransley, Ellen']",636365,News.com.au,Surry Hills,NSW,,https://www.proquest.com/docview/3058297620
risk,3058313727,‘Nuclear is torpedoed’,2024-05-23,Newspapers,,43665,Townsville Bulletin,Surry Hills,NSW,,https://www.proquest.com/docview/3058313727
risk,3058315018,‘Nuclear is torpedoed’,2024-05-23,Newspapers,,43521,The Gold Coast Bulletin,Surry Hills,NSW,,https://www.proquest.com/docview/3058315018
risk,3058316978,‘Nuclear is torpedoed’,2024-05-23,Newspapers,,75791,The Northern Territory News,Surry Hills,NSW,,https://www.proquest.com/docview/3058316978
worthwhile,3058336532,Teesside University to set out benefits of X-energy site at Hartlepool,2024-05-22,Newspapers,"['Hughes, Mike']",45456,Northern Echo,Darlington,,,https://www.proquest.com/docview/3058336532
risk,3058642443,Coal's staying power another wake-up call,2024-05-24,Newspapers,,2040384,The Australian Financial Review,Pyrmont,NSW,,https://www.proquest.com/docview/3058642443
risk,3058642748,Letters,2024-05-24,Newspapers,,43154,The Age,Sydney,New South Wales,,https://www.proquest.com/docview/3058642748
risk,3058642821,Origin boss backing Eraring as states go nuclear on Dutton bid,2024-05-24,Newspapers,,44841,Sydney Morning Herald,Sydney,New South Wales,,https://www.proquest.com/docview/3058642821
risk,3059010832,Eraring deal welcome sign of pragmatic Labor Right,2024-05-24,Newspapers,,42763,The Australian,Surry Hills,NSW,,https://www.proquest.com/docview/3059010832
risk,3059041286,Eraring deal welcome sign of pragmatic Labor Right,2024-05-24,Newspapers,,42763,The Australian,Surry Hills,NSW,,https://www.proquest.com/docview/3059041286
worthwhile,3059106322,SaskPower advances plans for first small modular reactor,2024-05-23,Newspapers,"['Rediger, Pat']",25399,Star - Phoenix,Toronto,Ontario,,https://www.proquest.com/docview/3059106322
worthwhile,3059118696,Uni boffins set to probe impacts of nuclear plant,2024-05-24,Newspapers,"['Collinson, Felicity']",26689,Evening Gazette,London,,,https://www.proquest.com/docview/3059118696
worthwhile,3059120371,SaskPower advances plans for first small modular reactor,2024-05-23,Newspapers,"['Rediger, Pat']",27469,Leader Post,Toronto,Ontario,,https://www.proquest.com/docview/3059120371
unrelated,3059515551,United States: FACT SHEET: Kenya State Visit to the United States,2024-05-27,Newspapers,,656306,Asia News Monitor,Bangkok,,,https://www.proquest.com/docview/3059515551
unrelated,3059517185,"United States: 2024 Indo-Pacific Business Forum Forges New Collaborations, Spurs Innovation, and Drives Investment",2024-05-27,Newspapers,,656306,Asia News Monitor,Bangkok,,,https://www.proquest.com/docview/3059517185
worthwhile,3059592773,Transition to our very own energy omnishambles,2024-05-25,Newspapers,,42764,Weekend Australian,Surry Hills,NSW,,https://www.proquest.com/docview/3059592773
worthwhile,3060199602,Letters,2024-05-27,Newspapers,,42785,The Courier - Mail,Surry Hills,NSW,,https://www.proquest.com/docview/3060199602
risk,3060223579,LABOUR'S 69K JOBS BOOST FOR SCOTS,2024-05-27,Newspapers,"['Hutcheon, Paul']",45311,Daily Record,London,,,https://www.proquest.com/docview/3060223579
risk,3060834866,This nuclear proposal is so dumb there ought be a law against it,2024-05-28,Newspapers,"['Hull, Crispin']",726339,The Canberra Times,Canberra ACT,,,https://www.proquest.com/docview/3060834866
unrelated,3061489101,Who should I vote for? The main parties’ policies at a glance,2024-05-29,Newspapers,,1986348,Telegraph.co.uk,London,,,https://www.proquest.com/docview/3061489101
risk,3061812169,Reform UK manifesto: Nigel Farage’s key policies at a glance,2024-05-30,Newspapers,"['Penna, Dominic']",1986348,Telegraph.co.uk,London,,,https://www.proquest.com/docview/3061812169
worthwhile,3062731643,United States: Fact Sheet: Biden-Harris Administration Announces New Steps to Bolster Domestic Nuclear Industry and Advance America's Clean Energy Future,2024-06-03,Newspapers,,656306,Asia News Monitor,Bangkok,,,https://www.proquest.com/docview/3062731643
worthwhile,3062956297,Estevan selected as potential site for province's first nuclear reactor,2024-06-01,Newspapers,"['Salloum, Alec']",27469,Leader Post,Toronto,Ontario,,https://www.proquest.com/docview/3062956297
worthwhile,3062956371,Estevan selected as potential site for province's first nuclear reactor,2024-06-01,Newspapers,"['Salloum, Alec']",25399,Star - Phoenix,Toronto,Ontario,,https://www.proquest.com/docview/3062956371
risk,3063144139,Community where support for nuclear power burns bright,2024-06-02,Newspapers,"['Kelly, Matthew']",43153,Newcastle Herald,Canberra ACT,,,https://www.proquest.com/docview/3063144139
worthwhile,3063165094,Keen to go fission: poll,2024-06-03,Newspapers,,42792,Herald Sun,Surry Hills,NSW,,https://www.proquest.com/docview/3063165094
worthwhile,3063165242,MOST AUSSIES WANT NUCLEAR IN THE MIX,2024-06-03,Newspapers,,43665,Townsville Bulletin,Surry Hills,NSW,,https://www.proquest.com/docview/3063165242
risk,3063267313,Silicon Valley's Coming Energy Crisis,2024-06-03,Newspapers,"['Huntsman, Peter']",10482,Wall Street Journal,South Brunswick,NJ,,https://www.proquest.com/docview/3063267313
worthwhile,3063514624,Microgrids For The 21st Century: The Case For A Defense Energy Architecture – Analysis,2024-06-03,Newspapers,,2040502,Yerepouni Daily News,Camden,DE,,https://www.proquest.com/docview/3063514624
risk,3063811923,"Energy chief wants to triple nuclear, Georgia Gov. supports 5th Vogtle unit",2024-06-04,Newspapers,"['Devitt, Caitlin']",45433,The Bond Buyer,NEW YORK,NY,,https://www.proquest.com/docview/3063811923
worthwhile,3064322566,"Less power to you, having to load dishwasher at 2am",2024-06-05,Newspapers,,42785,The Courier - Mail,Surry Hills,NSW,,https://www.proquest.com/docview/3064322566
worthwhile,3064324056,Nuclear not as scary as a summer of blackouts,2024-06-05,Newspapers,,42789,The Daily Telegraph,Surry Hills,NSW,,https://www.proquest.com/docview/3064324056
risk,3064324215,‘Silly’ nuclear debate ‘an investment risk’,2024-06-05,Newspapers,,42763,The Australian,Surry Hills,NSW,,https://www.proquest.com/docview/3064324215
worthwhile,3064465645,Utilities' Cinderella Story Is Just Getting Started,2024-06-05,Newspapers,"['Domm, Patti']",2048938,Barron's (Online),South Brunswick,NJ,,https://www.proquest.com/docview/3064465645
worthwhile,3064524999,Bowen’s nuclear scare campaign a distraction from the coming renewables power crisis,2024-06-04,Newspapers,"['Morrow, James']",636369,The Daily Telegraph (Online),Surry Hills,NSW,,https://www.proquest.com/docview/3064524999
unrelated,3064694884,Germany: Deutsche Bank revises eurozone GDP outlook for the year,2024-06-06,Newspapers,,656306,Asia News Monitor,Bangkok,,,https://www.proquest.com/docview/3064694884
worthwhile,3064724443,Bowen’s nuclear scare campaign a distraction from the coming renewables power crisis,2024-06-05,Newspapers,"['Morrow, James']",636369,The Daily Telegraph (Online),Surry Hills,NSW,,https://www.proquest.com/docview/3064724443
unrelated,3064957281,China’s Abundant Solar and Wind Resources Drive Green Hydrogen Projects,2024-06-06,Newspapers,,2040502,Yerepouni Daily News,Camden,DE,,https://www.proquest.com/docview/3064957281
worthwhile,3065022653,Philippines: The clock is ticking. Should we go nuclear?,2024-06-07,Newspapers,,656306,Asia News Monitor,Bangkok,,,https://www.proquest.com/docview/3065022653
worthwhile,3065083865,ALP fudges ‘facts’ as it powers up scare campaign,2024-06-07,Newspapers,,42763,The Australian,Surry Hills,NSW,,https://www.proquest.com/docview/3065083865
risk,3065238960,"Miles, De Brenni take five goes to answer cost blowout question",2024-06-06,Newspapers,"['Johnson, Hayden']",636370,The Courier - Mail (Online),Surry Hills,NSW,,https://www.proquest.com/docview/3065238960
risk,3065251924,Anthony Albanese slams Coalition’s ‘nuclear reactor rabbit hole’,2024-06-06,Newspapers,"['Chambers, Geoff']",636359,The Australian (Online),Surry Hills,NSW,,https://www.proquest.com/docview/3065251924
worthwhile,3065403495,Labor fudges ‘facts’ as it powers up nuclear scare campaign,2024-06-06,Newspapers,,636359,The Australian (Online),Surry Hills,NSW,,https://www.proquest.com/docview/3065403495
unrelated,3065474082,TOUGH MAN FOR TOUGH TIMES,2024-06-08,Newspapers,,42764,Weekend Australian,Surry Hills,NSW,,https://www.proquest.com/docview/3065474082
risk,3065505580,Coalition clawback: Opposition Leader’s a tough man for tough times,2024-06-07,Newspapers,"['Shanahan, Dennis']",636359,The Australian (Online),Surry Hills,NSW,,https://www.proquest.com/docview/3065505580
risk,3065595983,Peter Dutton puts carbon emissions target on&#xa0;Labor’s back,2024-06-07,Newspapers,"['Shanahan, Dennis', 'Kelly, Joe']",636359,The Australian (Online),Surry Hills,NSW,,https://www.proquest.com/docview/3065595983
worthwhile,3065692708,Becoming a green energy powerhouse; A future where Atlantic Canada produces less energy means a future with less economic potential,2024-06-08,Newspapers,"['Campbell, David']",40381,Telegraph-Journal,Toronto,Ontario,,https://www.proquest.com/docview/3065692708
unrelated,3065702591,"PH pledges action on clean energy, corruption",2024-06-09,Newspapers,,3930286,Manila Bulletin,New Delhi,,,https://www.proquest.com/docview/3065702591
worthwhile,3065707866,United States: Remarks by Under Secretary Marisa Lago at U.S. Chamber of Commerce's Sustainability and Circular Economy Summit 2024 - June 3,2024-06-10,Newspapers,,656306,Asia News Monitor,Bangkok,,,https://www.proquest.com/docview/3065707866
unrelated,3065708302,Japan: Indo-Pacific Economic Framework for Prosperity (IPEF) Ministerial,2024-06-10,Newspapers,,656306,Asia News Monitor,Bangkok,,,https://www.proquest.com/docview/3065708302
risk,3065747601,Libs stick with Paris pact,2024-06-10,Newspapers,,42763,The Australian,Surry Hills,NSW,,https://www.proquest.com/docview/3065747601
risk,3065747787,Dutton climate stance ‘a risk’,2024-06-10,Newspapers,,43521,The Gold Coast Bulletin,Surry Hills,NSW,,https://www.proquest.com/docview/3065747787
risk,3065748037,Libs stick with Paris pact,2024-06-10,Newspapers,,42763,The Australian,Surry Hills,NSW,,https://www.proquest.com/docview/3065748037
risk,3065748147,Dutton climate stance ‘a risk’,2024-06-10,Newspapers,,43665,Townsville Bulletin,Surry Hills,NSW,,https://www.proquest.com/docview/3065748147
risk,3065748191,Dutton climate stance ‘a risk’,2024-06-10,Newspapers,,75791,The Northern Territory News,Surry Hills,NSW,,https://www.proquest.com/docview/3065748191
risk,3065748232,Dutton climate stance ‘a risk’,2024-06-10,Newspapers,,42787,The Mercury,Surry Hills,NSW,,https://www.proquest.com/docview/3065748232
risk,3065804048,Pathways Towards Africa's Energy Security,2024-06-09,Newspapers,,4371403,Naija 247 News,,,,https://www.proquest.com/docview/3065804048
risk,3065988015,Peter Dutton won’t quit Paris agreement and net zero,2024-06-09,Newspapers,"['Chambers, Geoff']",636359,The Australian (Online),Surry Hills,NSW,,https://www.proquest.com/docview/3065988015
worthwhile,3066049897,Sri Lanka is now well on the way to harnessing nuclear energy,2024-06-11,Newspapers,,39307,Daily Mirror,New Delhi,,,https://www.proquest.com/docview/3066049897
unrelated,3066073858,United States: French-American Roadmap,2024-06-11,Newspapers,,656306,Asia News Monitor,Bangkok,,,https://www.proquest.com/docview/3066073858
risk,3066162832,Peter Dutton’s latest salvo on Australia’s emission goals suggest our climate wars are far from over,2024-06-11,Newspapers,,5425109,EveningReport.nz,NEW DELHI,,,https://www.proquest.com/docview/3066162832
risk,3066163291,Peter Dutton’s latest salvo on Australia’s emission goals suggests our climate wars are far from over,2024-06-11,Newspapers,,5425109,EveningReport.nz,NEW DELHI,,,https://www.proquest.com/docview/3066163291
risk,3066168842,Peter Dutton’s latest salvo on Australia’s emissions suggests our climate wars are far from over,2024-06-11,Newspapers,,5425109,EveningReport.nz,NEW DELHI,,,https://www.proquest.com/docview/3066168842
unrelated,3066324137,Reviving climate wars puts us all at risk,2024-06-12,Newspapers,,43154,The Age,Sydney,New South Wales,,https://www.proquest.com/docview/3066324137
unrelated,3066460453,United States: United States Secretary of Commerce Gina Raimondo and Singapore Deputy Prime Minister and Minister for Trade and Industry Gan Kim Yong at the 2024 U.S.-Singapore Partnership for Growth and Innovation Ministerial Meeting,2024-06-12,Newspapers,,656306,Asia News Monitor,Bangkok,,,https://www.proquest.com/docview/3066460453
unrelated,3066462996,United States: Press Statement on Indo-Pacific Economic Framework for Prosperity Ministerial Meeting in Singapore,2024-06-12,Newspapers,,656306,Asia News Monitor,Bangkok,,,https://www.proquest.com/docview/3066462996
worthwhile,3066467635,Indonesia: Indo-Pacific Economic Framework For Prosperity Partners Forge Path To Sustainable Future: Key Agreement Signed At Ministerial Meeting In Singapore,2024-06-12,Newspapers,,656306,Asia News Monitor,Bangkok,,,https://www.proquest.com/docview/3066467635
unrelated,3066467707,Singapore: United States Secretary of Commerce Gina Raimondo and Singapore Deputy Prime Minister and Minister for Trade and Industry Gan Kim Yong at the 2024 U.S.-Singapore Partnership for Growth and Innovation Ministerial Meeting,2024-06-12,Newspapers,,656306,Asia News Monitor,Bangkok,,,https://www.proquest.com/docview/3066467707
worthwhile,3066505097,"In Wyoming, Bill Gates moves ahead with nuclear project aimed at revolutionizing power generation",2024-06-11,Newspapers,,2040502,Yerepouni Daily News,Camden,DE,,https://www.proquest.com/docview/3066505097
risk,3066570357,LETTERS TO THE EDITOR,2024-06-12,Newspapers,,42789,The Daily Telegraph,Surry Hills,NSW,,https://www.proquest.com/docview/3066570357
worthwhile,3066831050,Origin boss urges orderly energy shift,2024-06-13,Newspapers,,43154,The Age,Sydney,New South Wales,,https://www.proquest.com/docview/3066831050
worthwhile,3066831209,Origin boss urges orderly energy shift,2024-06-13,Newspapers,,44841,Sydney Morning Herald,Sydney,New South Wales,,https://www.proquest.com/docview/3066831209
risk,3066831239,The flaws in CSIRO's report on nuclear v renewables,2024-06-13,Newspapers,,2040384,The Australian Financial Review,Pyrmont,NSW,,https://www.proquest.com/docview/3066831239
worthwhile,3066965423,Chasing carbon target will send us bankrupt: Dutton,2024-06-13,Newspapers,,42789,The Daily Telegraph,Surry Hills,NSW,,https://www.proquest.com/docview/3066965423
unrelated,3067046718,Sky News General Election Debate: Keir Starmer blasted by furious parent over one policy,2024-06-12,Newspapers,"['Calgie, Christian']",2030468,Express (Online),London,,,https://www.proquest.com/docview/3067046718
risk,3067275292,Grattan on Friday: the spectre of Abbott looms behind Dutton’s energy strategy,2024-06-13,Newspapers,,5425109,EveningReport.nz,NEW DELHI,,,https://www.proquest.com/docview/3067275292
risk,3067277222,Grattan on Friday: the spectre of Abbott looms behind Dutton’s climate strategy,2024-06-13,Newspapers,,5425109,EveningReport.nz,NEW DELHI,,,https://www.proquest.com/docview/3067277222
worthwhile,3067282622,Chasing carbon target will send us bankrupt: Dutton,2024-06-12,Newspapers,"['Bharadwaj, Angira', 'Willis, James']",636369,The Daily Telegraph (Online),Surry Hills,NSW,,https://www.proquest.com/docview/3067282622
unrelated,3067455840,Set the kids free to learn from their mistakes,2024-06-13,Newspapers,"['Hanscombe, John']",726339,The Canberra Times,Canberra ACT,,,https://www.proquest.com/docview/3067455840
unrelated,3067558155,Sky News General Election Debate: Keir Starmer blasted by furious parent over one policy,2024-06-13,Newspapers,"['Calgie, Christian']",2030468,Express (Online),London,,,https://www.proquest.com/docview/3067558155
unrelated,3067573564,2024/25 Uganda Budget Speech,2024-06-13,Newspapers,,2044878,The Observer,Camden,DE,,https://www.proquest.com/docview/3067573564
risk,3067961603,Nine ways to profit from energy mess,2024-06-15,Newspapers,,2040384,The Australian Financial Review,Pyrmont,NSW,,https://www.proquest.com/docview/3067961603
risk,3067962362,Fallout Boy,2024-06-15,Newspapers,,43154,The Age,Sydney,New South Wales,,https://www.proquest.com/docview/3067962362
worthwhile,3068157910,Nuclear is already playing a big role in clean energy delivery,2024-06-14,Newspapers,,2040502,Yerepouni Daily News,Camden,DE,,https://www.proquest.com/docview/3068157910
risk,3068212705,PM risks entering new emissions war with old battle plan,2024-06-15,Newspapers,,42764,Weekend Australian,Surry Hills,NSW,,https://www.proquest.com/docview/3068212705
risk,3068243605,PM risks entering a new climate war with an old battle plan,2024-06-14,Newspapers,"['Shanahan, Dennis']",636359,The Australian (Online),Surry Hills,NSW,,https://www.proquest.com/docview/3068243605
risk,3068464297,Nationals leader puts Wagga nuclear option to bed,2024-06-15,Newspapers,"['Mangelsdorf, Andrew']",636431,The Daily Advertiser,Canberra ACT,,,https://www.proquest.com/docview/3068464297
unrelated,3068581658,PM Modi meets world leaders at G7 Summit: Key interactions and bilateral commitments,2024-06-16,Newspapers,,55068,Indian Express,NEW DELHI,,,https://www.proquest.com/docview/3068581658
risk,3068652019,‘Nuclear energy won’t stop cows from burping’: Peter Dutton needs a plan that goes beyond the electricity sector,2024-06-17,Newspapers,,5425109,EveningReport.nz,NEW DELHI,,,https://www.proquest.com/docview/3068652019
worthwhile,3068699705,"After a 15% drop in 2024 YTD, why InCred Equities is bullish on MTAR Technologies, sees 42% upside potential",2024-06-17,Newspapers,,75999,Mint,New Delhi,,,https://www.proquest.com/docview/3068699705
worthwhile,3068740761,How Ethiopia's mega dam could unleash regional prosperity,2024-06-17,Newspapers,,2046057,New Business Ethiopia,,,,https://www.proquest.com/docview/3068740761
unrelated,3068876793,United States: G7 Apulia Leaders' Communiqué,2024-06-18,Newspapers,,656306,Asia News Monitor,Bangkok,,,https://www.proquest.com/docview/3068876793
worthwhile,3068876814,"United States: FACT SHEET: The 2024 G7 Summit in Apulia, Italy",2024-06-18,Newspapers,,656306,Asia News Monitor,Bangkok,,,https://www.proquest.com/docview/3068876814
risk,3068911505,Energy strategies at the forefront of pre-election battle,2024-06-19,Newspapers,,42763,The Australian,Surry Hills,NSW,,https://www.proquest.com/docview/3068911505
risk,3068911536,Climate wars heat up as the leaders take aim,2024-06-19,Newspapers,,42763,The Australian,Surry Hills,NSW,,https://www.proquest.com/docview/3068911536
risk,3069177984,Dutton goes nuclear on climate wars,2024-06-19,Newspapers,,2040384,The Australian Financial Review,Pyrmont,NSW,,https://www.proquest.com/docview/3069177984
risk,3069178216,Dutton's nuclear nonsense will scare any sensible voter,2024-06-19,Newspapers,,44841,Sydney Morning Herald,Sydney,New South Wales,,https://www.proquest.com/docview/3069178216
worthwhile,3069312015,"End the ban on nuclear energy, and let the marketplace sort it out",2024-06-19,Newspapers,,42763,The Australian,Surry Hills,NSW,,https://www.proquest.com/docview/3069312015
risk,3069312232,The Dutton department of nuclear,2024-06-19,Newspapers,,42763,The Australian,Surry Hills,NSW,,https://www.proquest.com/docview/3069312232
risk,3069312279,The Dutton department of nuclear,2024-06-19,Newspapers,,42763,The Australian,Surry Hills,NSW,,https://www.proquest.com/docview/3069312279
risk,3069527895,The Peter Dutton department of nuclear energy: Coalition plan to own plants,2024-06-18,Newspapers,"['Benson, Simon', 'Chambers, Geoff', 'Lewis, Rosie']",636359,The Australian (Online),Surry Hills,NSW,,https://www.proquest.com/docview/3069527895
risk,3069536824,Energy strategies at the forefront of pre-election battle,2024-06-18,Newspapers,"['Chambers, Geoff']",636359,The Australian (Online),Surry Hills,NSW,,https://www.proquest.com/docview/3069536824
risk,3069536878,Climate wars hotting up as Albanese and Dutton line up policies,2024-06-18,Newspapers,"['Lewis, Rosie']",636359,The Australian (Online),Surry Hills,NSW,,https://www.proquest.com/docview/3069536878
risk,3069537669,Dutton's power play splits Coalition as states reject uncosted reactors,2024-06-20,Newspapers,,43154,The Age,Sydney,New South Wales,,https://www.proquest.com/docview/3069537669
risk,3069537872,Dutton sets up nuclear election,2024-06-20,Newspapers,,2040384,The Australian Financial Review,Pyrmont,NSW,,https://www.proquest.com/docview/3069537872
risk,3069537976,"Dutton's nuclear bet short on detail, cost",2024-06-20,Newspapers,,2040384,The Australian Financial Review,Pyrmont,NSW,,https://www.proquest.com/docview/3069537976
risk,3069538206,Future fix no help for looming energy crisis,2024-06-20,Newspapers,,2040384,The Australian Financial Review,Pyrmont,NSW,,https://www.proquest.com/docview/3069538206
risk,3069538250,Dutton Hits the Nuclear Button,2024-06-20,Newspapers,,44841,Sydney Morning Herald,Sydney,New South Wales,,https://www.proquest.com/docview/3069538250
risk,3069538251,End the nuclear ban. Don't stop renewables,2024-06-20,Newspapers,,2040384,The Australian Financial Review,Pyrmont,NSW,,https://www.proquest.com/docview/3069538251
risk,3069605768,Coalition set to unveil long-awaited nuclear plan: will the Hunter be named?,2024-06-19,Newspapers,"['Shteyman, Jacob']",43153,Newcastle Herald,Canberra ACT,,,https://www.proquest.com/docview/3069605768
risk,3069606593,More pork barrelling will not exactly be that helpful for Braddon,2024-06-19,Newspapers,,646514,Advocate,Canberra ACT,,,https://www.proquest.com/docview/3069606593
worthwhile,3069629584,"As the world goes on nuclear, so should Australia go",2024-06-20,Newspapers,,42789,The Daily Telegraph,Surry Hills,NSW,,https://www.proquest.com/docview/3069629584
risk,3069629677,IT'S ALL-OUT WAR OVER NUCLEAR,2024-06-20,Newspapers,,42765,The Advertiser,Surry Hills,NSW,,https://www.proquest.com/docview/3069629677
risk,3069629785,Dutton reshapes the election and the path to net zero,2024-06-20,Newspapers,,42763,The Australian,Surry Hills,NSW,,https://www.proquest.com/docview/3069629785
risk,3069629808,Open-cheque folly just another deplorable outcome after ditching carbon pricing scheme,2024-06-20,Newspapers,,42763,The Australian,Surry Hills,NSW,,https://www.proquest.com/docview/3069629808
risk,3069629828,Big business cool on nuclear bid,2024-06-20,Newspapers,,42763,The Australian,Surry Hills,NSW,,https://www.proquest.com/docview/3069629828
risk,3069629866,Trouble with going nuclear is the true costs are unclear,2024-06-20,Newspapers,,42763,The Australian,Surry Hills,NSW,,https://www.proquest.com/docview/3069629866
risk,3069630039,VOTERS’ NUCLEAR OPTION,2024-06-20,Newspapers,,42763,The Australian,Surry Hills,NSW,,https://www.proquest.com/docview/3069630039
risk,3069632284,Dutton reshapes the election and the path to net zero,2024-06-20,Newspapers,,42763,The Australian,Surry Hills,NSW,,https://www.proquest.com/docview/3069632284
risk,3069632334,VOTERS’ NUCLEAR OPTION,2024-06-20,Newspapers,,42763,The Australian,Surry Hills,NSW,,https://www.proquest.com/docview/3069632334
risk,3069632427,IT'S ALL-OUT WAR OVER NUCLEAR,2024-06-20,Newspapers,,42765,The Advertiser,Surry Hills,NSW,,https://www.proquest.com/docview/3069632427
risk,3069632431,Big business cool on nuclear bid,2024-06-20,Newspapers,,42763,The Australian,Surry Hills,NSW,,https://www.proquest.com/docview/3069632431
risk,3069632472,Open-cheque folly just another deplorable outcome after ditching carbon pricing scheme,2024-06-20,Newspapers,,42763,The Australian,Surry Hills,NSW,,https://www.proquest.com/docview/3069632472
risk,3069632825,Letters,2024-06-20,Newspapers,,42785,The Courier - Mail,Surry Hills,NSW,,https://www.proquest.com/docview/3069632825
risk,3069632932,Hot Topic,2024-06-20,Newspapers,,42787,The Mercury,Surry Hills,NSW,,https://www.proquest.com/docview/3069632932
unrelated,3069646487,Dorries lays into Tories who ousted Boris Johnson as poll reveals Sunak set to lose seat,2024-06-19,Newspapers,"['Maidment, Jack']",1986348,Telegraph.co.uk,London,,,https://www.proquest.com/docview/3069646487
worthwhile,3069649098,Minerals Council CEO Tania Constable opinion: Nuclear offers a pathway to reduce emissions,2024-06-19,Newspapers,"['Constable, Tania']",636369,The Daily Telegraph (Online),Surry Hills,NSW,,https://www.proquest.com/docview/3069649098
risk,3069672225,"Two nuclear power plants for regional Qld under Coalition proposal, slammed by Premier",2024-06-19,Newspapers,"['Armstrong, Clare', 'Fellows, Taylah']",636370,The Courier - Mail (Online),Surry Hills,NSW,,https://www.proquest.com/docview/3069672225
risk,3069750036,Climate-Minded Billionaire Makes a Bet on Nuclear Power,2024-06-20,Newspapers,"['Plumer, Brad', 'Rasmussen, Benjamin']",45131,The New York Times,NEW YORK,NY,,https://www.proquest.com/docview/3069750036
risk,3069752226,NSW Nationals MPs vow to fight Dutton on nuclear sites,2024-06-19,Newspapers,"['Bower, Madeleine', 'Leeming, Lachlan']",636369,The Daily Telegraph (Online),Surry Hills,NSW,,https://www.proquest.com/docview/3069752226
risk,3069795052,"Grattan on Friday: Peter Dutton is seated aloft the nuclear tiger, hoping not to get eaten",2024-06-20,Newspapers,,5425109,EveningReport.nz,NEW DELHI,,,https://www.proquest.com/docview/3069795052
risk,3069796534,Peter Dutton’s expensive nuclear folly another deplorable outcome after ditching carbon pricing scheme,2024-06-19,Newspapers,"['Dusevic, Tom']",636359,The Australian (Online),Surry Hills,NSW,,https://www.proquest.com/docview/3069796534
risk,3069796859,"Teal MPs blast Dutton’s Coalition policy as ‘too slow, too expensive’",2024-06-19,Newspapers,"['Bharadwaj, Angira']",636369,The Daily Telegraph (Online),Surry Hills,NSW,,https://www.proquest.com/docview/3069796859
risk,3069836574,Peter Dutton reshapes the election and the path to net zero,2024-06-19,Newspapers,"['Benson, Simon']",636359,The Australian (Online),Surry Hills,NSW,,https://www.proquest.com/docview/3069836574
risk,3069836619,Peter Dutton gives voters nuclear power option,2024-06-19,Newspapers,"['Brown, Greg', 'Benson, Simon', 'Down, Rhiannon']",636359,The Australian (Online),Surry Hills,NSW,,https://www.proquest.com/docview/3069836619
worthwhile,3069860345,This new technology for nuclear power could help fuel the AI revolution,2024-06-20,Newspapers,"['Varanasi, Lakshmi']",4682318,Business Insider,New York,NY,,https://www.proquest.com/docview/3069860345
risk,3069918728,Coalition's nuclear utopia could vaporise renewables,2024-06-21,Newspapers,,44841,Sydney Morning Herald,Sydney,New South Wales,,https://www.proquest.com/docview/3069918728
risk,3069919546,Dutton's plan for nuclear is 'scaring off green money',2024-06-21,Newspapers,,43154,The Age,Sydney,New South Wales,,https://www.proquest.com/docview/3069919546
risk,3069919550,Coalition's nuclear utopia could vaporise renewables,2024-06-21,Newspapers,,43154,The Age,Sydney,New South Wales,,https://www.proquest.com/docview/3069919550
risk,3069919581,Investors push back on delays,2024-06-21,Newspapers,,2040384,The Australian Financial Review,Pyrmont,NSW,,https://www.proquest.com/docview/3069919581
risk,3069919683,LETTERS,2024-06-21,Newspapers,,43154,The Age,Sydney,New South Wales,,https://www.proquest.com/docview/3069919683
risk,3069919738,Dutton energy battle spooks global money,2024-06-21,Newspapers,,44841,Sydney Morning Herald,Sydney,New South Wales,,https://www.proquest.com/docview/3069919738
risk,3069992677,'He didn't have the balls to come to the Hunter': Repacholi,2024-06-20,Newspapers,"['Kelly, Matthew']",43153,Newcastle Herald,Canberra ACT,,,https://www.proquest.com/docview/3069992677
risk,3069993059,More pork barrelling will not exactly be that helpful for Braddon,2024-06-20,Newspapers,,646514,Advocate,Canberra ACT,,,https://www.proquest.com/docview/3069993059
risk,3069993200,Coalition reveals seven nuclear reactor sites across regional Australia,2024-06-20,Newspapers,"['Gregory, Jason']",636409,The North West Star,Canberra ACT,,,https://www.proquest.com/docview/3069993200
risk,3069993331,Dutton releases Coalition's proposed regional nuclear sites,2024-06-20,Newspapers,"['Dawkins, Ayden']",726339,The Canberra Times,Canberra ACT,,,https://www.proquest.com/docview/3069993331
risk,3070027169,Victorian Energy Minister Lily D’Ambrosio slammed for ‘hysterical misinformation’ on nuclear,2024-06-19,Newspapers,"['Douglas, Carly', 'Gailberger, Jade', 'Colantuono, Jack']",636367,Herald Sun (Online),Surry Hills,NSW,,https://www.proquest.com/docview/3070027169
risk,3070072842,Trouble with going nuclear is the true costs are unclear,2024-06-20,Newspapers,,636359,The Australian (Online),Surry Hills,NSW,,https://www.proquest.com/docview/3070072842
worthwhile,3070078291,Australia should use all its energy wisely,2024-06-21,Newspapers,,43665,Townsville Bulletin,Surry Hills,NSW,,https://www.proquest.com/docview/3070078291
worthwhile,3070078454,Australia should use all its energy wisely,2024-06-21,Newspapers,,75791,The Northern Territory News,Surry Hills,NSW,,https://www.proquest.com/docview/3070078454
risk,3070079953,Renewables to play key role in Dutton plan,2024-06-21,Newspapers,,42763,The Australian,Surry Hills,NSW,,https://www.proquest.com/docview/3070079953
risk,3070080024,"Gas to run short in Victoria over winter, Australian Energy Market Operator warns",2024-06-20,Newspapers,"['Clarke, Mitch', 'Deery, Shannon', 'Gailberger, Jade']",636367,Herald Sun (Online),Surry Hills,NSW,,https://www.proquest.com/docview/3070080024
worthwhile,3070080153,"Dutton’s plan is sound, but also enormously risky",2024-06-21,Newspapers,,42792,Herald Sun,Surry Hills,NSW,,https://www.proquest.com/docview/3070080153
worthwhile,3070080204,Letters to the Editor,2024-06-21,Newspapers,,42763,The Australian,Surry Hills,NSW,,https://www.proquest.com/docview/3070080204
risk,3070080284,Renewables to play key role in Dutton plan,2024-06-21,Newspapers,,42763,The Australian,Surry Hills,NSW,,https://www.proquest.com/docview/3070080284
worthwhile,3070080550,Australia should use all its energy wisely,2024-06-21,Newspapers,,43521,The Gold Coast Bulletin,Surry Hills,NSW,,https://www.proquest.com/docview/3070080550
worthwhile,3070320134,Rita Panahi: Peter Dutton’s energy policy could derail the “clean energy” subsidy gravy train,2024-06-20,Newspapers,"['Panahi, Rita']",636367,Herald Sun (Online),Surry Hills,NSW,,https://www.proquest.com/docview/3070320134
risk,3070459861,Renewables to play key role in Peter Dutton energy plan,2024-06-20,Newspapers,"['Brown, Greg', 'Commins, Patrick']",636359,The Australian (Online),Surry Hills,NSW,,https://www.proquest.com/docview/3070459861
worthwhile,3070635244,Renewables alone can’t meet needs of expanding population,2024-06-20,Newspapers,,636359,The Australian (Online),Surry Hills,NSW,,https://www.proquest.com/docview/3070635244
risk,3070647853,Soviet glow to Dutton nuclear plan,2024-06-22,Newspapers,,43154,The Age,Sydney,New South Wales,,https://www.proquest.com/docview/3070647853
risk,3070647924,Nuclear poll asks energy questions for both sides,2024-06-22,Newspapers,,2040384,The Australian Financial Review,Pyrmont,NSW,,https://www.proquest.com/docview/3070647924
risk,3070652999,Soviet glow to Dutton nuclear plan,2024-06-22,Newspapers,,44841,Sydney Morning Herald,Sydney,New South Wales,,https://www.proquest.com/docview/3070652999
worthwhile,3070653046,US unites on 'new era for nuclear',2024-06-22,Newspapers,,2040384,The Australian Financial Review,Pyrmont,NSW,,https://www.proquest.com/docview/3070653046
risk,3070653210,U.K. Nuclear's Expensive Lessons,2024-06-22,Newspapers,,2040384,The Australian Financial Review,Pyrmont,NSW,,https://www.proquest.com/docview/3070653210
risk,3070734535,'Significant damage': Treasury Secretary warns of climate policy uncertainty,2024-06-21,Newspapers,"['Daniel, Dana']",726339,The Canberra Times,Canberra ACT,,,https://www.proquest.com/docview/3070734535
risk,3070734574,Chief Minister says Dutton's nuclear plan would drive up ACT energy prices,2024-06-21,Newspapers,"['Daniel, Dana']",726339,The Canberra Times,Canberra ACT,,,https://www.proquest.com/docview/3070734574
risk,3070734743,Early stress test for nuclear ploy,2024-06-21,Newspapers,,726339,The Canberra Times,Canberra ACT,,,https://www.proquest.com/docview/3070734743
risk,3070821523,CHAIN REACTION,2024-06-22,Newspapers,,42764,Weekend Australian,Surry Hills,NSW,,https://www.proquest.com/docview/3070821523
worthwhile,3070821565,Time to trust the science on nuclear,2024-06-22,Newspapers,,42787,The Mercury,Surry Hills,NSW,,https://www.proquest.com/docview/3070821565
worthwhile,3070821644,PM ‘shedding authority like fur from a sick cat’,2024-06-22,Newspapers,,42764,Weekend Australian,Surry Hills,NSW,,https://www.proquest.com/docview/3070821644
risk,3070824099,Peter Dutton won’t say how soon costings for nuclear plan to be released,2024-06-21,Newspapers,"['Williamson, Jo']",636365,News.com.au,Surry Hills,NSW,,https://www.proquest.com/docview/3070824099
worthwhile,3070824192,Albanese ‘shedding authority like fur from a sick cat’,2024-06-21,Newspapers,"['Kenny, Chris']",636359,The Australian (Online),Surry Hills,NSW,,https://www.proquest.com/docview/3070824192
risk,3070827978,Why we can’t be mushrooms over Dutton’s nuclear plan,2024-06-22,Newspapers,,42789,The Daily Telegraph,Surry Hills,NSW,,https://www.proquest.com/docview/3070827978
risk,3070828293,Green lobby fury at idea of nuclear is unplugged,2024-06-22,Newspapers,,42789,The Daily Telegraph,Surry Hills,NSW,,https://www.proquest.com/docview/3070828293
risk,3070842277,"One, two, three, four, the Left declares a meme war",2024-06-21,Newspapers,,636359,The Australian (Online),Surry Hills,NSW,,https://www.proquest.com/docview/3070842277
risk,3070883235,Donald Trump praises nuclear power and slams wind energy,2024-06-21,Newspapers,"['Creighton, Adam']",636359,The Australian (Online),Surry Hills,NSW,,https://www.proquest.com/docview/3070883235
worthwhile,3070937541,Vikki Campion: Green lobby fury at idea of nuclear is unplugged,2024-06-21,Newspapers,"['Campion, Vikki']",636369,The Daily Telegraph (Online),Surry Hills,NSW,,https://www.proquest.com/docview/3070937541
risk,3071018868,Liberal leaders launch pre-election attack on Anthony Albanese’s ‘weak leadership’,2024-06-21,Newspapers,"['Chambers, Geoff', 'Benson, Simon']",636359,The Australian (Online),Surry Hills,NSW,,https://www.proquest.com/docview/3071018868
risk,3071019356,Peter Dutton blows apart the climate energy consensus,2024-06-21,Newspapers,"['Graham, Lloyd']",636359,The Australian (Online),Surry Hills,NSW,,https://www.proquest.com/docview/3071019356
risk,3071103647,It's time to reboot the concept of volunteering,2024-06-22,Newspapers,"['Linnell, Garry']",726339,The Canberra Times,Canberra ACT,,,https://www.proquest.com/docview/3071103647
unrelated,3071106931,"Nuclear debate: University of Southern Qld Associate Professor Andreas issues warning over Australia’s energy future, offers hope for Coalition plan",2024-06-21,Newspapers,"['Gillespie, Tom']",4864708,The Chronicle (Online),Surry Hills,NSW,,https://www.proquest.com/docview/3071106931
worthwhile,3071112702,European Union: EU Policy. Member states beef up safety rules amid growing nuclear power market,2024-06-24,Newspapers,,656306,Asia News Monitor,Bangkok,,,https://www.proquest.com/docview/3071112702
unrelated,3071131942,Asserting Canada's Arctic sovereignty; Agnico eagle mines'sean boyd working to shore up the North,2024-06-22,Newspapers,"['Friedman, Gabriel']",45458,National Post,Toronto,Ontario,,https://www.proquest.com/docview/3071131942
risk,3071148571,Labour's net zero plan means 'sacrifices',2024-06-23,Newspapers,,32356,The Sunday Telegraph,Tonbridge,,,https://www.proquest.com/docview/3071148571
risk,3071222760,Industry backs Labor's $40b renewables bid,2024-06-24,Newspapers,,2040384,The Australian Financial Review,Pyrmont,NSW,,https://www.proquest.com/docview/3071222760
risk,3071222788,"Nuclear unviable because of economics, not engineering",2024-06-24,Newspapers,,2040384,The Australian Financial Review,Pyrmont,NSW,,https://www.proquest.com/docview/3071222788
risk,3071284825,"Climate and energy have emerged as a federal election flashpoint. But unless the economy improves, will voters be listening?",2024-06-24,Newspapers,,5425109,EveningReport.nz,NEW DELHI,,,https://www.proquest.com/docview/3071284825
risk,3071285703,"As politics blurs into entertainment, the loudest mouths draw the most eyeballs",2024-06-23,Newspapers,"['Kenny, Mark']",726339,The Canberra Times,Canberra ACT,,,https://www.proquest.com/docview/3071285703
risk,3071361869,We need to live in real world not fossil-fuelled fantasy,2024-06-24,Newspapers,"['Stuckert, Heather']",45319,The Herald,Mc Lean,VA,,https://www.proquest.com/docview/3071361869
unrelated,3071401107,Brazil risks becoming carbon credit importer,2024-06-24,Newspapers,"['Gombata, Marsílea']",4887063,Valor International,Miami,FL,,https://www.proquest.com/docview/3071401107
risk,3071413795,Nuclear just an ideological front,2024-06-25,Newspapers,,2040384,The Australian Financial Review,Pyrmont,NSW,,https://www.proquest.com/docview/3071413795
worthwhile,3071577266,World: EU Policy. Geothermal and nuclear energy among Hungarian Council presidency priorities,2024-06-25,Newspapers,,656306,Asia News Monitor,Bangkok,,,https://www.proquest.com/docview/3071577266
risk,3071596713,‘What Paris?’ Dutton leaves Labor’s attack facing the wrong way,2024-06-24,Newspapers,"['Shanahan, Dennis']",636359,The Australian (Online),Surry Hills,NSW,,https://www.proquest.com/docview/3071596713
worthwhile,3071605255,Herald Sun EDITORIAL,2024-06-25,Newspapers,,42792,Herald Sun,Surry Hills,NSW,,https://www.proquest.com/docview/3071605255
unrelated,3071730688,"Hydrogen is key to fighting climate change, but we must get it right",2024-06-25,Newspapers,"['Reams, Heather', 'Lorenzen, Rebecca']",46852,Chicago Tribune,Chicago,IL,,https://www.proquest.com/docview/3071730688
worthwhile,3071798554,"Sovereign green bonds: bigger, stronger and more diverse in 2024",2024-06-25,Newspapers,,33677,The Business Times,News Centre,,,https://www.proquest.com/docview/3071798554
risk,3071922139,The Coalition's taxpayer-funded nuclear con is a road to ruin,2024-06-26,Newspapers,,2040384,The Australian Financial Review,Pyrmont,NSW,,https://www.proquest.com/docview/3071922139
risk,3071922489,"AGL coal sites to house solar panel plants, not nuclear",2024-06-26,Newspapers,,44841,Sydney Morning Herald,Sydney,New South Wales,,https://www.proquest.com/docview/3071922489
risk,3071922632,Nuclear out in $122b grid power plan,2024-06-26,Newspapers,,2040384,The Australian Financial Review,Pyrmont,NSW,,https://www.proquest.com/docview/3071922632
risk,3071922736,"AGL coal sites to house solar panel plants, not nuclear",2024-06-26,Newspapers,,43154,The Age,Sydney,New South Wales,,https://www.proquest.com/docview/3071922736
unrelated,3071922890,1pc of your super for venture capital? Add it to the list,2024-06-26,Newspapers,,2040384,The Australian Financial Review,Pyrmont,NSW,,https://www.proquest.com/docview/3071922890
risk,3072014228,Nuclear disaster in the making: more readers slam Coalition power plan,2024-06-25,Newspapers,,646509,The Bendigo Advertiser,Canberra ACT,,,https://www.proquest.com/docview/3072014228
risk,3072048597,AGL signs Liddell solar deal,2024-06-26,Newspapers,,42763,The Australian,Surry Hills,NSW,,https://www.proquest.com/docview/3072048597
risk,3072089292,How bill C-59 will change things; Energy; Greenwashing rules affect everyone,2024-06-25,Newspapers,,45458,National Post,Toronto,Ontario,,https://www.proquest.com/docview/3072089292
unrelated,3072225016,"August 18, 2021 (Page B3)",2021-08-18,Newspapers,,2047932,Toronto Star (2010-),Toronto,Ontario,,https://www.proquest.com/docview/3072225016
worthwhile,3072225740,"August 17, 2021 (Page B4)",2021-08-17,Newspapers,,2047932,Toronto Star (2010-),Toronto,Ontario,,https://www.proquest.com/docview/3072225740
risk,3072235064,"Lights out: green power falling short, says AEMO",2024-06-25,Newspapers,"['Packham, Colin', 'Lewis, Rosie']",636359,The Australian (Online),Surry Hills,NSW,,https://www.proquest.com/docview/3072235064
risk,3072244962,Dutton call to investors spooked by nuclear talk,2024-06-27,Newspapers,,44841,Sydney Morning Herald,Sydney,New South Wales,,https://www.proquest.com/docview/3072244962
risk,3072245810,Coalition sweet talks investors,2024-06-27,Newspapers,,43154,The Age,Sydney,New South Wales,,https://www.proquest.com/docview/3072245810
worthwhile,3072256788,Jumping aboard the small-modular-reactor bandwagon,2024-06-26,Newspapers,,2040502,Yerepouni Daily News,Camden,DE,,https://www.proquest.com/docview/3072256788
risk,3072337346,Achieving net zero with renewables or nuclear means rebuilding the hollowed-out public service after decades of cuts,2024-06-27,Newspapers,,5425109,EveningReport.nz,NEW DELHI,,,https://www.proquest.com/docview/3072337346
risk,3072343847,"Quitting renewable path a waste of billions and puts energy future at risk, says Squadron",2024-06-27,Newspapers,,42763,The Australian,Surry Hills,NSW,,https://www.proquest.com/docview/3072343847
unrelated,3072430257,Export-Import Bank celebrates its 90th anniversary,2024-06-21,Newspapers,,28205,Arizona Capitol Times,Minneapolis,MN,,https://www.proquest.com/docview/3072430257
risk,3072596390,How greenwashing rules affect everyone - not just the oilsands,2024-06-26,Newspapers,,40381,Telegraph-Journal,Toronto,Ontario,,https://www.proquest.com/docview/3072596390
risk,3072710768,Nuclear 'would not reduce renewables need',2024-06-28,Newspapers,,2040384,The Australian Financial Review,Pyrmont,NSW,,https://www.proquest.com/docview/3072710768
risk,3072710801,Vague nuclear line brings uncertainty for investors,2024-06-28,Newspapers,,44841,Sydney Morning Herald,Sydney,New South Wales,,https://www.proquest.com/docview/3072710801
risk,3072711451,Biggest hurdles to reach net zero,2024-06-28,Newspapers,,2040384,The Australian Financial Review,Pyrmont,NSW,,https://www.proquest.com/docview/3072711451
risk,3072834760,Energy plan calls for more gas,2024-06-27,Newspapers,"['Rae, Marion', 'Brown, Andrew']",43153,Newcastle Herald,Canberra ACT,,,https://www.proquest.com/docview/3072834760
worthwhile,3073126158,"Ultra-high-net-worth investors are betting on 2 key sectors right now, and both can be purchased as ETFs, according to a global family office",2024-06-28,Newspapers,"['Maidan, Laila']",4682318,Business Insider,New York,NY,,https://www.proquest.com/docview/3073126158
risk,3073161014,Nuclear 'not enough' to avoid rush to renewables,2024-06-29,Newspapers,,43154,The Age,Sydney,New South Wales,,https://www.proquest.com/docview/3073161014
risk,3073161069,Nuclear 'not enough' to avoid rush to renewables,2024-06-29,Newspapers,,44841,Sydney Morning Herald,Sydney,New South Wales,,https://www.proquest.com/docview/3073161069
risk,3073674249,Reader criticises new council laws making public the 'cat police',2024-06-29,Newspapers,,646509,The Bendigo Advertiser,Canberra ACT,,,https://www.proquest.com/docview/3073674249
risk,3073674473,New council laws making public the 'cat police',2024-06-29,Newspapers,,646509,The Bendigo Advertiser,Canberra ACT,,,https://www.proquest.com/docview/3073674473
risk,3073760734,Apprentice fall threatens Labour's net zero plans,2024-07-01,Newspapers,,33554,The Daily Telegraph,Tonbridge,,,https://www.proquest.com/docview/3073760734
unrelated,3073786849,Labour’s net zero hopes threatened by plunge in factory apprenticeships,2024-06-30,Newspapers,"['Oliver, Matt']",1986348,Telegraph.co.uk,London,,,https://www.proquest.com/docview/3073786849
worthwhile,3073803975,Ideological ban on nuclear defies risk of energy poverty,2024-07-01,Newspapers,,42763,The Australian,Surry Hills,NSW,,https://www.proquest.com/docview/3073803975
risk,3074151126,There are better uses for the racecourse than extra housing,2024-07-01,Newspapers,,726339,The Canberra Times,Canberra ACT,,,https://www.proquest.com/docview/3074151126
risk,3074170142,Australia’s ‘carbon budget’ may blow out by 40% under the Coalition’s nuclear energy plan – and that’s the best-case scenario,2024-07-02,Newspapers,,5425109,EveningReport.nz,NEW DELHI,,,https://www.proquest.com/docview/3074170142
risk,3074198139,Labor’s alone in nuclear debate,2024-07-02,Newspapers,,42792,Herald Sun,Surry Hills,NSW,,https://www.proquest.com/docview/3074198139
risk,3074198456,Labor’s alone in nuclear debate,2024-07-02,Newspapers,,42765,The Advertiser,Surry Hills,NSW,,https://www.proquest.com/docview/3074198456
risk,3074198587,Albanese is Left out of a nuclear net zero,2024-07-02,Newspapers,,42789,The Daily Telegraph,Surry Hills,NSW,,https://www.proquest.com/docview/3074198587
risk,3074227498,"With its nuclear energy policy, Peter Dutton seems to have forgotten the Liberal Party’s core beliefs",2024-07-02,Newspapers,,5425109,EveningReport.nz,NEW DELHI,,,https://www.proquest.com/docview/3074227498
risk,3074275504,New Brunswick utility makes risky bet on cutting-edge nuclear power,2024-07-02,Newspapers,"['Mcclearn, Matthew']",46323,The Globe and Mail,Toronto,Ontario,,https://www.proquest.com/docview/3074275504
risk,3074845480,Coalition must rethink its nuclear pitch,2024-07-03,Newspapers,,42763,The Australian,Surry Hills,NSW,,https://www.proquest.com/docview/3074845480
risk,3075055814,Transition to cost much more than politicians pretend,2024-07-04,Newspapers,,2040384,The Australian Financial Review,Pyrmont,NSW,,https://www.proquest.com/docview/3075055814
risk,3075384852,Why Coalition must rethink its nuclear pitch,2024-07-02,Newspapers,"['Kelly, Paul']",636359,The Australian (Online),Surry Hills,NSW,,https://www.proquest.com/docview/3075384852
risk,3075725826,Pet bonds do not provide equitable access for everyone,2024-07-04,Newspapers,,636429,The Examiner,Canberra ACT,,,https://www.proquest.com/docview/3075725826
risk,3075725889,Pet bonds do not provide equitable access,2024-07-04,Newspapers,,636429,The Examiner,Canberra ACT,,,https://www.proquest.com/docview/3075725889
worthwhile,3075765783,Letters to the Editor,2024-07-05,Newspapers,,42763,The Australian,Surry Hills,NSW,,https://www.proquest.com/docview/3075765783
unrelated,3075943231,Lessons from Uk Labour's Poll Triumph,2024-07-06,Newspapers,,2040384,The Australian Financial Review,Pyrmont,NSW,,https://www.proquest.com/docview/3075943231
risk,3075943233,Dirty secret of Australia's green energy transition,2024-07-06,Newspapers,,43154,The Age,Sydney,New South Wales,,https://www.proquest.com/docview/3075943233
risk,3075943551,Dirty secret of Australia's green energy transition,2024-07-06,Newspapers,,44841,Sydney Morning Herald,Sydney,New South Wales,,https://www.proquest.com/docview/3075943551
worthwhile,3076028482,Uranium our best opportunity in nuclear renaissance,2024-07-04,Newspapers,,636359,The Australian (Online),Surry Hills,NSW,,https://www.proquest.com/docview/3076028482
unrelated,3076142121,Việt Nam's path to a green economy: Challenges and opportunities,2024-07-05,Newspapers,,4371406,Viet Nam News,,,,https://www.proquest.com/docview/3076142121
worthwhile,3076208907,Real agenda for growth,2024-07-06,Newspapers,"['Brummer, Alex']",46329,Daily Mail,London,,,https://www.proquest.com/docview/3076208907
worthwhile,3076209957,Real agenda for growth [Scot Region],2024-07-06,Newspapers,"['Brummer, Alex']",46329,Daily Mail,London,,,https://www.proquest.com/docview/3076209957
risk,3076355066,Labour must act fast to fire up Rolls-Royce reactor deals,2024-07-07,Newspapers,"['Washtell, Francesca']",45309,Mail on Sunday,London,,,https://www.proquest.com/docview/3076355066
risk,3076355747,Labour must act fast to fire up Rolls-Royce reactor deals,2024-07-07,Newspapers,"['Washtell, Francesca']",45309,Mail on Sunday,London,,,https://www.proquest.com/docview/3076355747
risk,3076398131,Too uncertain: funds rule out financing Dutton nuclear plan,2024-07-08,Newspapers,,2040384,The Australian Financial Review,Pyrmont,NSW,,https://www.proquest.com/docview/3076398131
risk,3076426787,"Without a massive grid upgrade, the Coalition’s nuclear plan faces a high-voltage hurdle",2024-07-08,Newspapers,,5425109,EveningReport.nz,NEW DELHI,,,https://www.proquest.com/docview/3076426787
risk,3076796517,Power Flex,2024-06-27,Newspapers,"['Rubin, Sara']",29189,Monterey County Weekly,SEASIDE,CA,,https://www.proquest.com/docview/3076796517
risk,3076810134,Labor’s latest charade an act of crony capitalism,2024-07-09,Newspapers,,42763,The Australian,Surry Hills,NSW,,https://www.proquest.com/docview/3076810134
unrelated,3076810498,Visionary scheme a pivotal step to brighter future,2024-07-09,Newspapers,,43521,The Gold Coast Bulletin,Surry Hills,NSW,,https://www.proquest.com/docview/3076810498
unrelated,3076811087,Visionary scheme a pivotal step to brighter future,2024-07-09,Newspapers,,43665,Townsville Bulletin,Surry Hills,NSW,,https://www.proquest.com/docview/3076811087
worthwhile,3076824768,"Election reaction from NECC, Cummins, Port of Tyne, WKE, GSC Grays",2024-07-08,Newspapers,"['Hughes, Mike']",45456,Northern Echo,Darlington,,,https://www.proquest.com/docview/3076824768
unrelated,3076959466,What is Liquefied Natural Gas? The Energy in Transition,2024-07-08,Newspapers,,2032451,Business Mirror,,,,https://www.proquest.com/docview/3076959466
risk,3077184143,Labor’s FMA gambit nothing more than crony capitalism ‘on steroids’,2024-07-08,Newspapers,"['Sloan, Judith']",636359,The Australian (Online),Surry Hills,NSW,,https://www.proquest.com/docview/3077184143
risk,3077789262,It's an energy race between the implausible and the impossible,2024-07-11,Newspapers,,2040384,The Australian Financial Review,Pyrmont,NSW,,https://www.proquest.com/docview/3077789262
unrelated,3078251331,ESSENTIAL COMMODITIES Countries import necessities even from pariah states,2024-07-11,Newspapers,"['Baskaran, Gracelin']",4821773,Business Day,Saxonwold,,,https://www.proquest.com/docview/3078251331
worthwhile,3078304968,Green investment in GCC 'could unlock up to $2 trillion',2024-07-11,Newspapers,,38562,TradeArabia,Camden,DE,,https://www.proquest.com/docview/3078304968
risk,3078724874,Thailand: Thailand's new energy roadmap: a path to eco and economic crisis?,2024-07-12,Newspapers,,656306,Asia News Monitor,Bangkok,,,https://www.proquest.com/docview/3078724874
risk,3078744751,University's Nuclear Centre set to cut jobs,2024-07-12,Newspapers,,27174,The Yorkshire Post,Tunbridge Wells,,,https://www.proquest.com/docview/3078744751
risk,3079070220,‘We don’t havemuch time to react’,2024-07-13,Newspapers,,38485,Hawkes Bay Today,Auckland,,,https://www.proquest.com/docview/3079070220
risk,3079146714,Blow to Miliband’s nuclear ambitions as top mini-nuke lab faces closure,2024-07-12,Newspapers,"['Leake, Jonathan']",1986348,Telegraph.co.uk,London,,,https://www.proquest.com/docview/3079146714
risk,3079664684,State-backed mini-nuclear lab faces closure in blow to Miliband,2024-07-13,Newspapers,,33554,The Daily Telegraph,Tonbridge,,,https://www.proquest.com/docview/3079664684
risk,3079739862,Canada missing out on this sunny way,2024-07-13,Newspapers,,44892,Toronto Star,Toronto,Ontario,,https://www.proquest.com/docview/3079739862
risk,3081120471,"Nuclear plan will derail renewables, says Bowen",2024-07-17,Newspapers,,43154,The Age,Sydney,New South Wales,,https://www.proquest.com/docview/3081120471
risk,3081120756,Bowen blasts Dutton over dangers of nuclear 'frolic',2024-07-17,Newspapers,,44841,Sydney Morning Herald,Sydney,New South Wales,,https://www.proquest.com/docview/3081120756
risk,3081426823,‘Incompatible’: new nuke attack,2024-07-17,Newspapers,,42763,The Australian,Surry Hills,NSW,,https://www.proquest.com/docview/3081426823
risk,3081427067,Letters to the Editor,2024-07-17,Newspapers,,42763,The Australian,Surry Hills,NSW,,https://www.proquest.com/docview/3081427067
risk,3081427168,‘Incompatible’: new nuke attack,2024-07-17,Newspapers,,42763,The Australian,Surry Hills,NSW,,https://www.proquest.com/docview/3081427168
risk,3081508878,Matt Kean’s first speech since appointment as Climate Change chair,2024-07-16,Newspapers,"['Wang, Jessica']",636365,News.com.au,Surry Hills,NSW,,https://www.proquest.com/docview/3081508878
risk,3081509191,Matt Kean’s first speech since appointment as Climate Change chair,2024-07-16,Newspapers,"['Wang, Jessica']",636365,News.com.au,Surry Hills,NSW,,https://www.proquest.com/docview/3081509191
risk,3081577358,"Chris Bowen flags batteries, EV charging as next energy reform priority",2024-07-16,Newspapers,"['Wang, Jessica', 'Williamson, Joanne']",636365,News.com.au,Surry Hills,NSW,,https://www.proquest.com/docview/3081577358
risk,3081577395,"Chris Bowen flags batteries, EV charging as next energy reform priority",2024-07-16,Newspapers,"['Wang, Jessica', 'Williamson, Joanne']",636365,News.com.au,Surry Hills,NSW,,https://www.proquest.com/docview/3081577395
risk,3081577446,‘Incompatible’: Chris Bowen’s new attack on nuclear power,2024-07-16,Newspapers,"['Lewis, Rosie']",636359,The Australian (Online),Surry Hills,NSW,,https://www.proquest.com/docview/3081577446
unrelated,3081860870,China trade war fears wipe £260bn off world’s biggest companies,2024-07-17,Newspapers,"['Price, Chris', 'Chan, Szu Ping', 'Singleton, Alex']",1986348,Telegraph.co.uk,London,,,https://www.proquest.com/docview/3081860870
risk,3081911495,Renewables developers to ‘press on’,2024-07-18,Newspapers,,42763,The Australian,Surry Hills,NSW,,https://www.proquest.com/docview/3081911495
risk,3081959083,'All-too-hardism' supplants climate denial: Bowen,2024-07-18,Newspapers,,2040384,The Australian Financial Review,Pyrmont,NSW,,https://www.proquest.com/docview/3081959083
worthwhile,3082108951,Hyderabad-based company develops first-ever cold fusion product to help generate clean energy,2024-07-18,Newspapers,,3930285,Siasat Daily,New Delhi,,,https://www.proquest.com/docview/3082108951
risk,3082250828,"features / nuclearRADIOACTIVE CORRUPTION?Electricity minister Kgosientsho Ramokgopa has announced the intention to get approval for a 2,500MW nuclear build. Given South Africa’s issues with corruption and state capture, it’s vital that the process is open to public scrutiny",2024-07-18,Newspapers,"['Moya, Fikile-Ntsikelelo']",4821771,Financial Mail,Saxonwold,,,https://www.proquest.com/docview/3082250828
risk,3082315560,"EVs are 'batteries on wheels', says minister",2024-07-18,Newspapers,"['Johnston, Poppy']",43153,Newcastle Herald,Canberra ACT,,,https://www.proquest.com/docview/3082315560
worthwhile,3082396893,Carol Tansley on reactor plans from X-energy and Cavendish Nuclear,2024-07-18,Newspapers,"['Donald, Kevin']",45456,Northern Echo,Darlington,,,https://www.proquest.com/docview/3082396893
risk,3082423208,"Federal electricity regulations 'flawed,' industry group warns",2024-07-18,Newspapers,"['Varcoe, Chris']",45458,National Post,Toronto,Ontario,,https://www.proquest.com/docview/3082423208
risk,3082563836,Can the Voices model help communities fight off nuclear reactors?,2024-07-20,Newspapers,,44841,Sydney Morning Herald,Sydney,New South Wales,,https://www.proquest.com/docview/3082563836
risk,3082564891,Will the Voices model help communities foil Dutton's plans for nuclear reactors?,2024-07-20,Newspapers,,43154,The Age,Sydney,New South Wales,,https://www.proquest.com/docview/3082564891
risk,3082843626,"Nuclear option too expensive, too dangerous for SA",2024-07-21,Newspapers,,29502,Sunday Tribune,Johannesburg,,,https://www.proquest.com/docview/3082843626
risk,3082997013,Pledge on nuclear as centre jobs face the axe,2024-07-22,Newspapers,"['Burn, Chris']",27174,The Yorkshire Post,Tunbridge Wells,,,https://www.proquest.com/docview/3082997013
worthwhile,3083080187,COP28 President calls on all stakeholders to bring spirit of solidarity that delivered UAE Consensus to achieve sustainable development,2024-07-22,Newspapers,,40133,Emirates News Agency (WAM),Camden,DE,,https://www.proquest.com/docview/3083080187
worthwhile,3083237921,"Economic Survey calls for balanced approach to climate change, diversified energy transition",2024-07-23,Newspapers,,75999,Mint,New Delhi,,,https://www.proquest.com/docview/3083237921
worthwhile,3083346905,Coal to occupy significant place in India's diversified energy basket: Eco Survey,2024-07-23,Newspapers,,29618,The Hindustan Times,New Delhi,,,https://www.proquest.com/docview/3083346905
worthwhile,3083526873,"Union Budget: Small nuclear reactors, solar rooftops for energy security",2024-07-23,Newspapers,,29618,The Hindustan Times,New Delhi,,,https://www.proquest.com/docview/3083526873
worthwhile,3083636710,Union Budget 2024: Decoding 9 key focus areas of Modi government 3.0 [India Business],2024-07-23,Newspapers,,29265,The Times of India,New Delhi,,,https://www.proquest.com/docview/3083636710
worthwhile,3083636821,Budget 2024: Did you miss the 'nuclear option' in the budget? [Renewables],2024-07-23,Newspapers,,29263,The Economic Times,New Delhi,,,https://www.proquest.com/docview/3083636821
worthwhile,3083637093,Budget 2024: Did you miss the 'nuclear option' in the budget? [Power],2024-07-23,Newspapers,,29263,The Economic Times,New Delhi,,,https://www.proquest.com/docview/3083637093
unrelated,3083637251,Budget 2024: Here is Finance Minister Nirmala Sitharaman's full budget speech; Click to read [EconomyPolicy],2024-07-23,Newspapers,,29263,The Economic Times,New Delhi,,,https://www.proquest.com/docview/3083637251
risk,3083642526,Coalition eyes South Korean reactors,2024-07-24,Newspapers,,2040384,The Australian Financial Review,Pyrmont,NSW,,https://www.proquest.com/docview/3083642526
unrelated,3083642689,"Budget 2024: Govt announces mission to boost production, recycling of critical minerals",2024-07-23,Newspapers,,75999,Mint,New Delhi,,,https://www.proquest.com/docview/3083642689
worthwhile,3083642718,India’s Push for Small and Modular Nuclear Reactors,2024-07-23,Newspapers,"['Dence, Express']",105397,Financial Express,NEW DELHI,,,https://www.proquest.com/docview/3083642718
unrelated,3083647737,"Gold, Silver, Imported Mobiles, Cancer Drugs To Become Cheaper; Imported Garden Umbrella, Solar Glass Dearer",2024-07-23,Newspapers,,646547,The Northlines,New Delhi,,,https://www.proquest.com/docview/3083647737
worthwhile,3083649422,Budget will steer India towards sustainable path: Experts,2024-07-23,Newspapers,,2029686,IANS English,Noida,,,https://www.proquest.com/docview/3083649422
risk,3083695877,Small modular reactors have promise. But we found they’re unlikely to help Australia hit net zero by 2050,2024-07-24,Newspapers,,5425109,EveningReport.nz,NEW DELHI,,,https://www.proquest.com/docview/3083695877
risk,3083714506,We've got to beat our fossil fuel addiction,2024-07-15,Newspapers,['Anonymous'],46355,The Louisiana Weekly,NEW ORLEANS,LA,,https://www.proquest.com/docview/3083714506
worthwhile,3083769870,"Budget 2024: Outlay hiked for nuclear, thermal and solar power",2024-07-24,Newspapers,,29618,The Hindustan Times,New Delhi,,,https://www.proquest.com/docview/3083769870
unrelated,3083770022,MPs take up new roles in energy and crime,2024-07-24,Newspapers,"['Lightfoot, Gareth']",26689,Evening Gazette,London,,,https://www.proquest.com/docview/3083770022
unrelated,3083771200,"Customs duties cut, more rate tweaks soon: Nirmala",2024-07-24,Newspapers,,29618,The Hindustan Times,New Delhi,,,https://www.proquest.com/docview/3083771200
worthwhile,3084034886,Energy Security and Climate Goals Are Clashing in the AI Era,2024-07-24,Newspapers,"['Kissane, Carolyn']",2048938,Barron's (Online),South Brunswick,NJ,,https://www.proquest.com/docview/3084034886
worthwhile,3084460983,"Farmers mull nuclear energy, feral pig bounty",2024-07-25,Newspapers,"['Ton, William']",646482,Central Western Daily,Canberra ACT,,,https://www.proquest.com/docview/3084460983
worthwhile,3084461230,"Farmers mull nuclear energy, feral pigs",2024-07-25,Newspapers,"['Ton, William']",646469,Daily Liberal and Macquarie Advocate,Canberra ACT,,,https://www.proquest.com/docview/3084461230
unrelated,3084538079,Group keeping its distance from nuclear power,2024-07-26,Newspapers,,42763,The Australian,Surry Hills,NSW,,https://www.proquest.com/docview/3084538079
worthwhile,3085079615,New plank to reconciliation?,2024-07-27,Newspapers,,44892,Toronto Star,Toronto,Ontario,,https://www.proquest.com/docview/3085079615
unrelated,3085201287,No surprise as NYT’s Damien Cave fails to apologise for ‘hopeless’ coverage of Joe Biden’s decline,2024-07-27,Newspapers,"['Henderson, Gerard']",636359,The Australian (Online),Surry Hills,NSW,,https://www.proquest.com/docview/3085201287
risk,3085391316,Can developing nations decarbonise their electricity?,2024-07-29,Newspapers,,616372,Gulf News,Camden,DE,,https://www.proquest.com/docview/3085391316
risk,3086228561,Nuke scare campaign falls flat as voters blame renewables for bills going ‘through the roof’,2024-07-30,Newspapers,"['Morrow, James']",636369,The Daily Telegraph (Online),Surry Hills,NSW,,https://www.proquest.com/docview/3086228561
worthwhile,3087051666,"Small modular reactors are the way to go for green energy transition, say experts",2024-08-02,Newspapers,,866349,Businessline,Chennai,Tamil Nadu,,https://www.proquest.com/docview/3087051666
worthwhile,3087455394,For a smooth clean energy shift,2024-08-03,Newspapers,,866349,Businessline,Chennai,Tamil Nadu,,https://www.proquest.com/docview/3087455394
worthwhile,3087563810,Rolls-Royce to sell stake in mini-nukes arm,2024-08-03,Newspapers,"['Oliver, Matt']",1986348,Telegraph.co.uk,London,,,https://www.proquest.com/docview/3087563810
worthwhile,3087625780,Rolls seeking fresh funds for its nuclear reactor plans,2024-08-04,Newspapers,,32356,The Sunday Telegraph,Tonbridge,,,https://www.proquest.com/docview/3087625780
worthwhile,3089041928,HYLENR takes its cold fusion product to US,2024-08-06,Newspapers,,866349,Businessline,Chennai,Tamil Nadu,,https://www.proquest.com/docview/3089041928
worthwhile,3089041951,Powering India’s future,2024-08-06,Newspapers,,866348,The Hindu,Chennai,Tamil Nadu,,https://www.proquest.com/docview/3089041951
worthwhile,3089041975,Scientists’ take on the Union Budget,2024-08-06,Newspapers,,866348,The Hindu,Chennai,Tamil Nadu,,https://www.proquest.com/docview/3089041975
worthwhile,3089370875,Driving sustainable projects through innovative solutions,2024-08-06,Newspapers,,50677,Oil & Gas News,Camden,DE,,https://www.proquest.com/docview/3089370875
worthwhile,3089652705,"Tata Power looking at new thermal projects, says CEO Sinha",2024-08-07,Newspapers,"['Kamath, Raghavendra']",105397,Financial Express,NEW DELHI,,,https://www.proquest.com/docview/3089652705
unrelated,3090581002,China's photovoltaic industry venturing into offshore territories,2024-08-08,Newspapers,,2032725,People's Daily,Beijing,,,https://www.proquest.com/docview/3090581002
worthwhile,3090595509,Nuclear Power for Namibia:Opportunities and Challenges,2024-08-08,Newspapers,,2044879,The Namibian,Camden,DE,,https://www.proquest.com/docview/3090595509
risk,3091340992,"ASEAN eyes nuclear energy, but airs safety concerns",2024-08-12,Newspapers,"['SARMIENTO, PRIME']",2030555,China Daily,BEIJING,,,https://www.proquest.com/docview/3091340992
risk,3091341087,"ASEAN eyes nuclear energy, but airs safety concerns",2024-08-12,Newspapers,"['SARMIENTO, PRIME']",2030588,China Daily,BEIJING,,,https://www.proquest.com/docview/3091341087
worthwhile,3092114285,Can we learn from Sweden how to cut emissions?,2024-08-12,Newspapers,,39816,Times of Oman,Camden,DE,,https://www.proquest.com/docview/3092114285
worthwhile,3092373211,Sweden: How Sweden balances emission cuts with economic growth,2024-08-14,Newspapers,,656306,Asia News Monitor,Bangkok,,,https://www.proquest.com/docview/3092373211
unrelated,3093176433,Our city’s most influential players,2024-08-14,Newspapers,"['Rolfe, John']",636369,The Daily Telegraph (Online),Surry Hills,NSW,,https://www.proquest.com/docview/3093176433
unrelated,3093415509,The 100 most powerful people in Sydney revealed,2024-08-15,Newspapers,"['Rolfe, John']",636369,The Daily Telegraph (Online),Surry Hills,NSW,,https://www.proquest.com/docview/3093415509
unrelated,3093653242,More cracks appear in the nation’s prosperity model,2024-08-17,Newspapers,,42764,Weekend Australian,Surry Hills,NSW,,https://www.proquest.com/docview/3093653242
unrelated,3093656223,The 100 most powerful people in Sydney revealed,2024-08-16,Newspapers,"['Rolfe, John']",636369,The Daily Telegraph (Online),Surry Hills,NSW,,https://www.proquest.com/docview/3093656223
worthwhile,3093819755,China powers up,2024-08-17,Newspapers,,44892,Toronto Star,Toronto,Ontario,,https://www.proquest.com/docview/3093819755
risk,3094511467,"Labour MP under fire for accepting £2,000 donation from Sizewell C developer",2024-08-19,Newspapers,"['Barr, Luke']",1986348,Telegraph.co.uk,London,,,https://www.proquest.com/docview/3094511467
worthwhile,3094880960,Near decade record set for nuclear plant approvals,2024-08-21,Newspapers,,2030588,China Daily,BEIJING,,,https://www.proquest.com/docview/3094880960
worthwhile,3094881248,Near decade record set for nuclear plant approvals,2024-08-21,Newspapers,,2030555,China Daily,BEIJING,,,https://www.proquest.com/docview/3094881248
worthwhile,3094951879,Centre plans big push for Bharat Small Reactors,2024-08-21,Newspapers,,866349,Businessline,Chennai,Tamil Nadu,,https://www.proquest.com/docview/3094951879
risk,3095113123,How Britain fell behind in the global race for nuclear power,2024-08-21,Newspapers,"['Leake, Jonathan']",1986348,Telegraph.co.uk,London,,,https://www.proquest.com/docview/3095113123
risk,3095826804,Net-zero errors,2024-08-23,Newspapers,,33554,The Daily Telegraph,Tonbridge,,,https://www.proquest.com/docview/3095826804
risk,3095925731,The Government’s unforced net-zero errors,2024-08-23,Newspapers,,1986348,Telegraph.co.uk,London,,,https://www.proquest.com/docview/3095925731
unrelated,3096282122,A new footing in South Asia for India-Russia friendship,2024-08-23,Newspapers,,29618,The Hindustan Times,New Delhi,,,https://www.proquest.com/docview/3096282122
worthwhile,3096393793,Coal staff go nuclear,2024-08-24,Newspapers,,42785,The Courier - Mail,Surry Hills,NSW,,https://www.proquest.com/docview/3096393793
worthwhile,3096394089,Dutton sees risk where Albo claims is reward,2024-08-24,Newspapers,,42792,Herald Sun,Surry Hills,NSW,,https://www.proquest.com/docview/3096394089
worthwhile,3096721260,Nuclear vision,2024-08-26,Newspapers,,866349,Businessline,Chennai,Tamil Nadu,,https://www.proquest.com/docview/3096721260
unrelated,3097015508,Firstmac: shaping the green lending landscape in Australia,2024-08-16,Newspapers,,636359,The Australian (Online),Surry Hills,NSW,,https://www.proquest.com/docview/3097015508
risk,3097553306,Worley warns of slowing projects,2024-08-28,Newspapers,,42763,The Australian,Surry Hills,NSW,,https://www.proquest.com/docview/3097553306
risk,3097554686,Roads and energy transition top concerns,2024-08-28,Newspapers,,75773,The Weekly Times,Surry Hills,NSW,,https://www.proquest.com/docview/3097554686
worthwhile,3098168552,A step towards clean energy,2024-08-29,Newspapers,"['Kumar, Dhiraj']",3882662,The Hitavada,NEW DELHI,,,https://www.proquest.com/docview/3098168552
worthwhile,3098358687,China's Energy Transition,2024-08-30,Newspapers,,2030588,China Daily,BEIJING,,,https://www.proquest.com/docview/3098358687
worthwhile,3098359123,China's Energy Transition,2024-08-30,Newspapers,,2030555,China Daily,BEIJING,,,https://www.proquest.com/docview/3098359123
unrelated,3098399120,Quarter of China's energy now comes from non-carbon sources: white paper,2024-08-29,Newspapers,,2026746,The Peninsula,Camden,DE,,https://www.proquest.com/docview/3098399120
unrelated,3098922143,Energy transition audit seeks to generate positive impacts on the economy and society,2024-08-30,Newspapers,,2050693,Brazil Business News,NEW DELHI,,,https://www.proquest.com/docview/3098922143
risk,3099156999,Labor fears jobs are on the line if Liberals win and drop e-fuel plant,2024-08-31,Newspapers,"['Woods, Rodney']",646514,Advocate,Canberra ACT,,,https://www.proquest.com/docview/3099156999
risk,3099346095,Labour dithering on nuclear plants risks leaving Britain out in the cold,2024-09-02,Newspapers,,33554,The Daily Telegraph,Tonbridge,,,https://www.proquest.com/docview/3099346095
unrelated,3099457891,Revealed: Arabian Business 100 Most Inspiring Leaders 2024,2024-09-02,Newspapers,,39150,Arabianbusiness.com,Camden,DE,,https://www.proquest.com/docview/3099457891
worthwhile,3099809769,Powering the Future,2024-09-03,Newspapers,,646540,Daily Times,New Delhi,,,https://www.proquest.com/docview/3099809769
unrelated,3099895612,Energy shift sparks rush for top legal talent,2024-09-03,Newspapers,,42763,The Australian,Surry Hills,NSW,,https://www.proquest.com/docview/3099895612
unrelated,3099896403,Energy shift sparks rush for top legal talent,2024-09-03,Newspapers,,42763,The Australian,Surry Hills,NSW,,https://www.proquest.com/docview/3099896403
unrelated,3100022375,A roadmap to decarbonise the chemical industry,2024-09-03,Newspapers,,50677,Oil & Gas News,Camden,DE,,https://www.proquest.com/docview/3100022375
unrelated,3100182045,Is this the most lucrative job in law?,2024-09-02,Newspapers,"['Dudley, Ellie']",636359,The Australian (Online),Surry Hills,NSW,,https://www.proquest.com/docview/3100182045
worthwhile,3100325338,Path to 50% non-fossil fuel power generation,2024-09-04,Newspapers,['Guest'],105397,Financial Express,NEW DELHI,,,https://www.proquest.com/docview/3100325338
risk,3100504632,Water may dampen nuclear prospects,2024-09-05,Newspapers,,2040384,The Australian Financial Review,Pyrmont,NSW,,https://www.proquest.com/docview/3100504632
worthwhile,3100630006,CNUC committed to sustainable long-term development,2024-09-05,Newspapers,,2030555,China Daily,BEIJING,,,https://www.proquest.com/docview/3100630006
worthwhile,3100630050,CNUC committed to sustainable long-term development,2024-09-05,Newspapers,,2030588,China Daily,BEIJING,,,https://www.proquest.com/docview/3100630050
worthwhile,3101011459,Get Ready for the New Nuclear Age. It Could Help Solve America's Electricity Problems. Artificial intelligence and electric vehicles are devouring enormous amounts of electricity. Constellation Energy and Vistra could benefit.,2024-09-06,Newspapers,"['Salzman, Avi']",2048938,Barron's (Online),South Brunswick,NJ,,https://www.proquest.com/docview/3101011459
risk,3101256774,Emissions cuts crucial to net zero,2024-09-06,Newspapers,"['Kelly, Matthew']",43153,Newcastle Herald,Canberra ACT,,,https://www.proquest.com/docview/3101256774
unrelated,3101275143,China: Forum on China-Africa Cooperation Beijing Action Plan (2025-2027),2024-09-09,Newspapers,,656306,Asia News Monitor,Bangkok,,,https://www.proquest.com/docview/3101275143
unrelated,3101275196,China: Beijing Declaration on Jointly Building an All-Weather China-Africa Community with a Shared Future for the New Era,2024-09-09,Newspapers,,656306,Asia News Monitor,Bangkok,,,https://www.proquest.com/docview/3101275196
risk,3101572899,Ed Miliband considers scrapping planned nuclear plant,2024-09-07,Newspapers,"['Oliver, Matt']",1986348,Telegraph.co.uk,London,,,https://www.proquest.com/docview/3101572899
risk,3101741729,Miliband mulls plan to scrap Wylfa nuclear plant,2024-09-08,Newspapers,,32356,The Sunday Telegraph,Tonbridge,,,https://www.proquest.com/docview/3101741729
worthwhile,3101888138,Why the Canada Infrastructure Bank won’t go down without a fight,2024-09-09,Newspapers,"['Radwanski, Adam']",46323,The Globe and Mail,Toronto,Ontario,,https://www.proquest.com/docview/3101888138
unrelated,3102310823,Government to price gas on cost-plus basis amid concerns over centralised procurement,2024-09-10,Newspapers,,33677,The Business Times,News Centre,,,https://www.proquest.com/docview/3102310823
unrelated,3102945353,World: Dirty laundry: Which EU Commissioner nominees are in danger of being rejected?,2024-09-12,Newspapers,,656306,Asia News Monitor,Bangkok,,,https://www.proquest.com/docview/3102945353
unrelated,3102948406,"European Union: State of the Energy Union Report 2024 shows EU progress to ensure secure, competitive and affordable energy for all",2024-09-12,Newspapers,,656306,Asia News Monitor,Bangkok,,,https://www.proquest.com/docview/3102948406
risk,3103232918,Record high for renewables blows up Coalition's nuclear con,2024-09-13,Newspapers,,2040384,The Australian Financial Review,Pyrmont,NSW,,https://www.proquest.com/docview/3103232918
risk,3104184167,MINING CURSE THREAT TO ALBANESE STRENGTH,2024-09-14,Newspapers,,42764,Weekend Australian,Surry Hills,NSW,,https://www.proquest.com/docview/3104184167
risk,3104372915,Green balloons will pop at the funeral of the nation’s industry,2024-09-14,Newspapers,,45319,The Herald,Mc Lean,VA,,https://www.proquest.com/docview/3104372915
risk,3104452026,Labor’s mining curse comes back to haunt Anthony Albanese,2024-09-13,Newspapers,"['Kelly, Paul']",636359,The Australian (Online),Surry Hills,NSW,,https://www.proquest.com/docview/3104452026
unrelated,3104588050,"Jenrick: We need to slash more than 100,000 civil service jobs to achieve a small state that works",2024-09-14,Newspapers,"['Rayner, Gordon']",1986348,Telegraph.co.uk,London,,,https://www.proquest.com/docview/3104588050
unrelated,3104704665,"'We need to get rid of 100,000 civil servant jobs to achieve a small state that really works'",2024-09-15,Newspapers,,32356,The Sunday Telegraph,Tonbridge,,,https://www.proquest.com/docview/3104704665
risk,3104835531,Miliband urged by US nuclear giant to abandon large reactors in favour of mini-nukes,2024-09-15,Newspapers,"['Oliver, Matt']",1986348,Telegraph.co.uk,London,,,https://www.proquest.com/docview/3104835531
unrelated,3104966471,Implications of S'pore's more ambitious clean import targets,2024-09-16,Newspapers,"['Tan, Cheryl']",33108,The Straits Times,News Centre,,,https://www.proquest.com/docview/3104966471
worthwhile,3105312193,Miliband urged to abandon nuclear megaprojects in favour of mini-nukes,2024-09-16,Newspapers,"['Oliver, Matt']",1986348,Telegraph.co.uk,London,,,https://www.proquest.com/docview/3105312193
risk,3105530596,Letters to the Editor,2024-09-17,Newspapers,,42763,The Australian,Surry Hills,NSW,,https://www.proquest.com/docview/3105530596
worthwhile,3105561847,Miliband urged to think smaller on nuclear,2024-09-17,Newspapers,,33554,The Daily Telegraph,Tonbridge,,,https://www.proquest.com/docview/3105561847
unrelated,3105618372,100 days work reflects speed and scale: PM Narendra Modi,2024-09-16,Newspapers,"['Bharadwaj, Arunima']",105397,Financial Express,NEW DELHI,,,https://www.proquest.com/docview/3105618372
risk,3105720498,Extent of taxpayer funds in energy transition remain hidden,2024-09-16,Newspapers,,636359,The Australian (Online),Surry Hills,NSW,,https://www.proquest.com/docview/3105720498
worthwhile,3106477563,"India: Prime Minister Shri Narendra Modi inaugurates 4th Global Renewable Energy Investor's Meet and Expo (RE-INVEST) in Gandhinagar, Gujarat",2024-09-19,Newspapers,,656306,Asia News Monitor,Bangkok,,,https://www.proquest.com/docview/3106477563
unrelated,3106477961,"India: English rendering of PM's address at the inauguration of RE-INVEST 2024 in Gandhinagar, Gujarat",2024-09-19,Newspapers,,656306,Asia News Monitor,Bangkok,,,https://www.proquest.com/docview/3106477961
risk,3106676027,Six points that Dutton's nuclear power proposal has to answer,2024-09-20,Newspapers,,2040384,The Australian Financial Review,Pyrmont,NSW,,https://www.proquest.com/docview/3106676027
worthwhile,3106729369,‘Dithering’ Britain risks losing jobs as Rolls wins mini-nuke deal in Czech Republic,2024-09-19,Newspapers,"['Oliver, Matt']",1986348,Telegraph.co.uk,London,,,https://www.proquest.com/docview/3106729369
unrelated,3106789282,"VW ‘considers cutting 30,000 jobs’",2024-09-19,Newspapers,"['Chan, Szu Ping']",1986348,Telegraph.co.uk,London,,,https://www.proquest.com/docview/3106789282
risk,3106823441,Progressive climate of fear,2024-09-20,Newspapers,,42763,The Australian,Surry Hills,NSW,,https://www.proquest.com/docview/3106823441
risk,3106823517,Dutton out in cold as nuclear fantasy runs out of power,2024-09-20,Newspapers,,42763,The Australian,Surry Hills,NSW,,https://www.proquest.com/docview/3106823517
risk,3106823577,Progressive climate of fear,2024-09-20,Newspapers,,42763,The Australian,Surry Hills,NSW,,https://www.proquest.com/docview/3106823577
risk,3106964684,South Yorkshire to host Britain’s first mini-nuclear reactor factory,2024-09-20,Newspapers,"['Leake, Jonathan']",1986348,Telegraph.co.uk,London,,,https://www.proquest.com/docview/3106964684
risk,3106977242,Progressive climate of fear as nuclear support takes hold,2024-09-19,Newspapers,"['Chambers, Geoff', 'Lewis, Rosie']",636359,The Australian (Online),Surry Hills,NSW,,https://www.proquest.com/docview/3106977242
risk,3107161313,Peter Dutton out in cold as his nuclear fantasy runs out of power,2024-09-19,Newspapers,"['Bowen, Chris']",636359,The Australian (Online),Surry Hills,NSW,,https://www.proquest.com/docview/3107161313
worthwhile,3107385333,Government urges learning from international experience to develop nuclear energy in Việt Nam,2024-09-19,Newspapers,,4371406,Viet Nam News,,,,https://www.proquest.com/docview/3107385333
worthwhile,3107391927,Three Mile Island owner planning restart for 2028,2024-09-21,Newspapers,,46852,Chicago Tribune,Chicago,IL,,https://www.proquest.com/docview/3107391927
worthwhile,3107436326,"This Nuclear Power plant in the US is reopening for Microsoft, here's the 'big why' [TECH NEWS]",2024-09-21,Newspapers,,29265,The Times of India,New Delhi,,,https://www.proquest.com/docview/3107436326
worthwhile,3107680866,India signs 3 IPEF agreements at Delaware during PM Modi's US visit,2024-09-22,Newspapers,,29618,The Hindustan Times,New Delhi,,,https://www.proquest.com/docview/3107680866
risk,3107871107,"CLAIMATE CHANGEShambolic energy planning derails SA’s path to a low-carbon futureDespite what president said, the government developed energy policies constrained by policy contradictions",2024-09-23,Newspapers,"['Overy, Neil', 'Sibeko, Thabo']",4821773,Business Day,Saxonwold,,,https://www.proquest.com/docview/3107871107
worthwhile,3108377837,Microsoft Nuclear Deal Should Be 'Fast-Tracked': Pennsylvania Gov. Shapiro,2024-09-23,Newspapers,"['Salzman, Avi']",2048938,Barron's (Online),South Brunswick,NJ,,https://www.proquest.com/docview/3108377837
unrelated,3108383916,United States: Joint Fact Sheet: The United States and India Continue to Expand Comprehensive and Global Strategic Partnership,2024-09-24,Newspapers,,656306,Asia News Monitor,Bangkok,,,https://www.proquest.com/docview/3108383916
unrelated,3108396256,"Labour conference: Asking me about donations isn’t nice, says Lord Alli",2024-09-23,Newspapers,"['Penna, Dominic']",1986348,Telegraph.co.uk,London,,,https://www.proquest.com/docview/3108396256
worthwhile,3108414682,Easy renewables myth obscures the painful truth,2024-09-24,Newspapers,,42765,The Advertiser,Surry Hills,NSW,,https://www.proquest.com/docview/3108414682
worthwhile,3108423624,Easy renewables myth obscures painful truth,2024-09-24,Newspapers,,42789,The Daily Telegraph,Surry Hills,NSW,,https://www.proquest.com/docview/3108423624
worthwhile,3108423985,Peter Dutton ducks cost question on Coalition’s nuclear reactor plan,2024-09-23,Newspapers,"['Wang, Jessica']",636365,News.com.au,Surry Hills,NSW,,https://www.proquest.com/docview/3108423985
worthwhile,3108424099,Easy renewables myth obscures painful truth,2024-09-24,Newspapers,,42785,The Courier - Mail,Surry Hills,NSW,,https://www.proquest.com/docview/3108424099
risk,3108444515,Leaders at UN urge world's richest to do more on climate,2024-09-24,Newspapers,,76002,The Financial Express,New Delhi,,,https://www.proquest.com/docview/3108444515
worthwhile,3108515440,Is nuclear energy the key to a sustainable future?,2024-09-24,Newspapers,,29618,The Hindustan Times,New Delhi,,,https://www.proquest.com/docview/3108515440
worthwhile,3108553873,China's Stimulus Is a Big Deal. What It Means for Markets and Stocks.,2024-09-24,Newspapers,,2048938,Barron's (Online),South Brunswick,NJ,,https://www.proquest.com/docview/3108553873
worthwhile,3108773251,"India: India signs first-of-its-kind agreements focused on Clean Economy, Fair Economy, and the IPEF Overarching arrangement under Indo-Pacific Economic Framework for prosperity",2024-09-25,Newspapers,,656306,Asia News Monitor,Bangkok,,,https://www.proquest.com/docview/3108773251
unrelated,3108773743,India: Joint Fact Sheet: The United States and India Continue to Expand Comprehensive and Global Strategic Partnership,2024-09-25,Newspapers,,656306,Asia News Monitor,Bangkok,,,https://www.proquest.com/docview/3108773743
worthwhile,3108784042,"Earthquakes and nuclear reactors don't mix, Coalition concedes",2024-09-24,Newspapers,"['Kelly, Matthew']",6828556,Country Leader : Your no. 1 Rural Newspaper,Canberra ACT,,,https://www.proquest.com/docview/3108784042
worthwhile,3108784477,"Earthquakes and nuclear reactors don't mix, Coalition concedes",2024-09-24,Newspapers,"['Kelly, Matthew']",636411,The Northern Daily Leader,Canberra ACT,,,https://www.proquest.com/docview/3108784477
worthwhile,3108784728,"Earthquakes and nuclear reactors don't mix, Coalition concedes",2024-09-24,Newspapers,"['Kelly, Matthew']",43153,Newcastle Herald,Canberra ACT,,,https://www.proquest.com/docview/3108784728
risk,3108786891,Dutton’s nuclear plan would mean propping up coal for at least 12 more years – and we don’t know what it would cost,2024-09-25,Newspapers,,5425109,EveningReport.nz,NEW DELHI,,,https://www.proquest.com/docview/3108786891
unrelated,3108804165,"As de facto Quad leader, Modi cements progress in Biden years",2024-09-25,Newspapers,,29618,The Hindustan Times,New Delhi,,,https://www.proquest.com/docview/3108804165
risk,3108832591,"Renewables boost, premiers reject Dutton",2024-09-25,Newspapers,,42763,The Australian,Surry Hills,NSW,,https://www.proquest.com/docview/3108832591
risk,3108832665,"Renewables boost, premiers reject Dutton",2024-09-25,Newspapers,,42763,The Australian,Surry Hills,NSW,,https://www.proquest.com/docview/3108832665
risk,3109047426,Clean Energy Regulator forecasts 7GW of renewable energy as Peter Dutton gets nuclear cold shoulder,2024-09-24,Newspapers,"['Lewis, Rosie', 'Packham, Colin']",636359,The Australian (Online),Surry Hills,NSW,,https://www.proquest.com/docview/3109047426
risk,3109202485,Energy giant issues warning on cost and long delays of Dutton nuclear plan,2024-09-26,Newspapers,,43154,The Age,Sydney,New South Wales,,https://www.proquest.com/docview/3109202485
risk,3109202505,Energy giant issues warning on cost and long delays of Dutton nuclear plan,2024-09-26,Newspapers,,44841,Sydney Morning Herald,Sydney,New South Wales,,https://www.proquest.com/docview/3109202505
worthwhile,3109467608,"United States: White House Press Call by Senior Adviser to the President and Director of Communications Ben LaBolt, National Climate Adviser Ali Zaidi, and Senior Adviser to the President for International Climate Policy John Podesta Previewing Climate Week Speech",2024-09-26,Newspapers,,656306,Asia News Monitor,Bangkok,,,https://www.proquest.com/docview/3109467608
worthwhile,3109468720,United States: FACT SHEET: President Biden Commemorates Historic Climate Legacy during Climate Week NYC,2024-09-26,Newspapers,,656306,Asia News Monitor,Bangkok,,,https://www.proquest.com/docview/3109468720
unrelated,3109483663,More than £3.5bn wiped off Ford and GM amid warnings over Chinese threat,2024-09-25,Newspapers,"['Price, Chris']",1986348,Telegraph.co.uk,London,,,https://www.proquest.com/docview/3109483663
risk,3109701785,Tech bros and bankers rally around nuclear power to fuel AI's rapid rise,2024-09-26,Newspapers,"['Boudreau, Catherine']",4682318,Business Insider,New York,NY,,https://www.proquest.com/docview/3109701785
unrelated,3109983284,India: India attends Ministerial Meeting of Indo-Pacific Economic Framework for Prosperity,2024-09-27,Newspapers,,656306,Asia News Monitor,Bangkok,,,https://www.proquest.com/docview/3109983284
worthwhile,3110004601,"Earthquakes, nuclear plan won't mix",2024-09-26,Newspapers,"['Kelly, Matthew']",636411,The Northern Daily Leader,Canberra ACT,,,https://www.proquest.com/docview/3110004601
risk,3110056862,Dutton is failing to land blow on struggling Albo,2024-09-27,Newspapers,,42785,The Courier - Mail,Surry Hills,NSW,,https://www.proquest.com/docview/3110056862
worthwhile,3110077382,Prioritising green energy will not punish the poor,2024-09-27,Newspapers,,2042848,The Independent (Daily Edition),London,,,https://www.proquest.com/docview/3110077382
unrelated,3110153949,Federal Student Loans Are a Mess. Why Sallie Mae Stock Is a Buy.,2024-09-27,Newspapers,"['Hough, Jack']",2048938,Barron's (Online),South Brunswick,NJ,,https://www.proquest.com/docview/3110153949
worthwhile,3110171535,Forum honours abel with doug mitchell award,2024-09-26,Newspapers,"['Varcoe, Chris']",47083,Calgary Herald,Toronto,Ontario,,https://www.proquest.com/docview/3110171535
risk,3110252973,Opinion: Dutton failing to land a blow on mediocre Albanese,2024-09-26,Newspapers,"['Williams, Paul']",636370,The Courier - Mail (Online),Surry Hills,NSW,,https://www.proquest.com/docview/3110252973
worthwhile,3110299802,Why Constellation Energy and Vistra shares are building on massive gains; Constellation has a new nuclear-power deal with Microsoft. Both Constellation and Vistra shares have more than doubled this year on optimism for data-center power deals.,2024-09-20,Newspapers,"['Bary, Emily']",7077307,MarketWatch,South Brunswick,NJ,,https://www.proquest.com/docview/3110299802
risk,3110300790,Dutton's nuclear power policy put to the test,2024-09-28,Newspapers,,2040384,The Australian Financial Review,Pyrmont,NSW,,https://www.proquest.com/docview/3110300790
unrelated,3110301265,This chart warning of Europe's tech failings also may be alarming to the U.S.,2024-09-09,Newspapers,"['Goldstein, Steve']",7077307,MarketWatch,South Brunswick,NJ,,https://www.proquest.com/docview/3110301265
risk,3110510818,Will it take an energy crisis before we act?,2024-09-28,Newspapers,,42764,Weekend Australian,Surry Hills,NSW,,https://www.proquest.com/docview/3110510818
worthwhile,3257764745,"As govt eases N-power restrictions, how India’s SMR ambitions will get private sector boost",2025-10-06,Newspapers,,55068,Indian Express,NEW DELHI,,,https://www.proquest.com/docview/3257764745
worthwhile,3258038718,World: Science and Technology in Society Forum 2025 - Masato Kanda,2025-10-08,Newspapers,,656306,Asia News Monitor,Bangkok,,,https://www.proquest.com/docview/3258038718
unrelated,3258388630,Singapore aims to lead region's ammonia path to net zero: EMA chief,2025-10-08,Newspapers,"['Pei, Mia']",33677,The Business Times,News Centre,,,https://www.proquest.com/docview/3258388630
risk,3259332256,Letters to the Editor,2025-10-10,Newspapers,,42763,The Australian,Surry Hills,NSW,,https://www.proquest.com/docview/3259332256
worthwhile,3259441153,World News: Environmentalists Fight for Nuclear Plants --- Some activists now see reactors as a source of low- carbon electricity,2025-10-10,Newspapers,"['Dalton, Matthew']",10482,Wall Street Journal,South Brunswick,NJ,,https://www.proquest.com/docview/3259441153
risk,3259733025,Ideology replaces accountability in energy debacle,2025-10-09,Newspapers,,636359,The Australian (Online),Surry Hills,NSW,,https://www.proquest.com/docview/3259733025
risk,3259942550,When progress runs out of juice,2025-10-11,Newspapers,"['Wetzel, Daniel']",54211,Welt am Sonntag,Berlin,,,https://www.proquest.com/docview/3259942550
risk,3260096449,Is utility going to need a bailout from the province?; NB power,2025-10-11,Newspapers,"['Chilibeck, John']",40381,Telegraph-Journal,Toronto,Ontario,,https://www.proquest.com/docview/3260096449
worthwhile,3260239657,"Zimbabwe Should Aim for 30GW of renewable energy by 2040, including nuclear power generation",2025-10-13,Newspapers,,2029773,The Standard,Camden,DE,,https://www.proquest.com/docview/3260239657
risk,3260268324,"Gas Turbine Makers Ride AI Power Boom --- Orders, prices soar for huge machines now that electricity demand is surging",2025-10-13,Newspapers,"['Ballard, Ed']",10482,Wall Street Journal,South Brunswick,NJ,,https://www.proquest.com/docview/3260268324
unrelated,3260390517,Singapore: Transcript of Speech by Deputy Prime Minister and Minister for Trade and Industry Gan Kim Yong at the Debate on President's Address,2025-10-14,Newspapers,,656306,Asia News Monitor,Bangkok,,,https://www.proquest.com/docview/3260390517
worthwhile,3260391034,Singapore: MTI's addendum to President's Address 2025,2025-10-14,Newspapers,,656306,Asia News Monitor,Bangkok,,,https://www.proquest.com/docview/3260391034
unrelated,3260441638,Reeves told to fast-track windfall tax reforms or risk losing £40bn,2025-10-14,Newspapers,"['Bol, David']",46325,The Scotsman,Edinburgh,,,https://www.proquest.com/docview/3260441638
unrelated,3260578244,"Trade to energy, farm to AI: India, Canada agree on raft of measures to restore ties",2025-10-14,Newspapers,,55068,Indian Express,NEW DELHI,,,https://www.proquest.com/docview/3260578244
worthwhile,3260745295,Super retreat is political theatre,2025-10-15,Newspapers,,2040384,The Australian Financial Review,Pyrmont,NSW,,https://www.proquest.com/docview/3260745295
risk,3261123789,"United Kingdom: UK Small Businesses, Charities Warn Nuclear Levy Could Add Thousands to Bills",2025-10-16,Newspapers,,656306,Asia News Monitor,Bangkok,,,https://www.proquest.com/docview/3261123789
unrelated,3261131386,Sunrun Stock Rises. There's Hope for Better Shareholder Returns.,2025-10-15,Newspapers,"['Ohlen, Elsa']",2048938,Barron's (Online),South Brunswick,NJ,,https://www.proquest.com/docview/3261131386
unrelated,3261489697,Renewable Energy Is Booming Despite Credit Rollbacks,2025-10-16,Newspapers,"['Elliott, Rebecca F']",45131,The New York Times,NEW YORK,NY,,https://www.proquest.com/docview/3261489697
unrelated,3261813528,"Global power sector struggling on broken supply chains, component crunch: Hitachi Energy CEO",2025-10-16,Newspapers,,75999,Mint,New Delhi,,,https://www.proquest.com/docview/3261813528
worthwhile,3261950698,Constellation Energy Has the Power That AI Needs. The CEO Is Making the Most of It. The company is about to become the world's largest producer of electricity. Joe Dominguez tells us what to expect.,2025-10-17,Newspapers,"['Salzman, Avi']",2048938,Barron's (Online),South Brunswick,NJ,,https://www.proquest.com/docview/3261950698
risk,3262066302,"Wind, solar or nuclear: speedy action needed",2025-10-17,Newspapers,,39307,Daily Mirror,New Delhi,,,https://www.proquest.com/docview/3262066302
worthwhile,3262252633,Canada: Canada successfully prices green bonds to raise $2.5 billion,2025-10-20,Newspapers,,656306,Asia News Monitor,Bangkok,,,https://www.proquest.com/docview/3262252633
risk,3262660591,Can Singapore keep the lights on while greening its energy supply?,2025-10-18,Newspapers,"['Chin, Hui Shan']",33108,The Straits Times,News Centre,,,https://www.proquest.com/docview/3262660591
risk,3262978068,ELECTRICITY GENERATION State revives pebble bed reactor plan Mothballed nuclear project now part of energy overhaulPebble bed plan,2025-10-20,Newspapers,"['Kahn, Tamar']",4821773,Business Day,Saxonwold,,,https://www.proquest.com/docview/3262978068
worthwhile,3263887335,Nuclear power is back in a big way and there’s money to be made,2025-10-22,Newspapers,"['Stevenson, David']",1986348,Telegraph.co.uk,London,,,https://www.proquest.com/docview/3263887335
worthwhile,3263913007,"'Cheaper power should be focus, not green energy'",2025-10-23,Newspapers,"['Amery, Rachel', 'Beament, Emily']",46325,The Scotsman,Edinburgh,,,https://www.proquest.com/docview/3263913007
worthwhile,3263970597,Nuclear is back in a big way and there is money to be made in energy funds,2025-10-23,Newspapers,,33554,The Daily Telegraph,Tonbridge,,,https://www.proquest.com/docview/3263970597
worthwhile,3264436454,Companies step up reactor projects amid nuclear power comeback,2025-10-20,Newspapers,"['Rodrigues, Robson']",4887063,Valor International,Miami,FL,,https://www.proquest.com/docview/3264436454
worthwhile,3264745955,What are Small Modular Reactors?; Explainer Why carney and ford just Pledged $3b for Emerging technology Canada will be first G7 nation to use them,2025-10-24,Newspapers,,45458,National Post,Toronto,Ontario,,https://www.proquest.com/docview/3264745955
worthwhile,3264765854,What are small modular nuclear reactors?; Why Mark Carney and Doug Ford just pledged $3 billion for four of them,2025-10-24,Newspapers,,44338,Kingston Whig - Standard,Toronto,Ontario,,https://www.proquest.com/docview/3264765854
worthwhile,3264771511,What are small modular reactors?; Explainer Why carney and ford just pledged $3b for emerging technology Canada will be first G7 nation to use them,2025-10-24,Newspapers,,47083,Calgary Herald,Toronto,Ontario,,https://www.proquest.com/docview/3264771511
worthwhile,3264776927,What are small Modular reactors?; Explainer Why Carney and ford just pledged $3b for Emerging Technology Canada will be first G7 nation to use them,2025-10-24,Newspapers,,44878,The Ottawa Citizen,Toronto,Ontario,,https://www.proquest.com/docview/3264776927
worthwhile,3264780206,What are small modular reactors?; Explainer Why carney and ford just pledged $3b for emerging technology Canada will be first G7 nation to use them,2025-10-24,Newspapers,,46779,Edmonton Journal,Toronto,Ontario,,https://www.proquest.com/docview/3264780206
worthwhile,3264987037,What are small Modular reactors?; Explainer Enhanced safety Canada will be first G7 nation to use them,2025-10-25,Newspapers,,27469,Leader Post,Toronto,Ontario,,https://www.proquest.com/docview/3264987037
risk,3264998134,"N.B. isn't interested in building 'first-of-a-kind' SMR, says minister",2025-10-25,Newspapers,"['Huras, Adam']",40381,Telegraph-Journal,Toronto,Ontario,,https://www.proquest.com/docview/3264998134
worthwhile,3264998924,What are small modular reactors?; Explainer Enhanced Safety Canada will be first G7 nation to use them,2025-10-25,Newspapers,,25399,Star - Phoenix,Toronto,Ontario,,https://www.proquest.com/docview/3264998924
unrelated,3265307216,Steering Singapore's energy transformation in an uncertain world,2025-10-27,Newspapers,,33108,The Straits Times,News Centre,,,https://www.proquest.com/docview/3265307216
risk,3265307262,The unseen role of hydrogen-ready turbines in S'pore's energy transition,2025-10-27,Newspapers,"['Chin, Hui Shan']",33108,The Straits Times,News Centre,,,https://www.proquest.com/docview/3265307262
unrelated,3265664443,Malaysia and WEF Drive ASEAN’s Next Leap in AI Governance and Industrial Innovation,2025-10-28,Newspapers,,5425108,LiveNews.co.nz,NEW DELHI,,,https://www.proquest.com/docview/3265664443
worthwhile,3265749373,The hottest investment theme of 2025 isn't gold,2025-10-29,Newspapers,"['Tran, Joanne']",2040384,The Australian Financial Review,Pyrmont,NSW,,https://www.proquest.com/docview/3265749373
worthwhile,3265773268,U.S. Signs $80 Billion Nuclear Deal With Westinghouse. Cameco and Brookfield Stocks Surge.,2025-10-28,Newspapers,"['Salzman, Avi', 'Wolf, Nate']",2048938,Barron's (Online),South Brunswick,NJ,,https://www.proquest.com/docview/3265773268
worthwhile,3265892884,"Four energy pillars reshaping India's future - economic impact, impact on trade",2025-10-29,Newspapers,,75994,The Pioneer,New Delhi,,,https://www.proquest.com/docview/3265892884
worthwhile,3265921820,Philippines: PH accelerates nuclear power plans,2025-10-29,Newspapers,,656306,Asia News Monitor,Bangkok,,,https://www.proquest.com/docview/3265921820
unrelated,3265991642,Recommendations of the Central Committee of the Communist Party of China for Formulating the 15th Five-Year Plan for National Economic and Social Development,2025-10-29,Newspapers,,2030588,China Daily,BEIJING,,,https://www.proquest.com/docview/3265991642
unrelated,3265991793,Recommendations of the Central Committee of the Communist Party of China for Formulating the 15th Five-Year Plan for National Economic and Social Development,2025-10-29,Newspapers,,2030555,China Daily,BEIJING,,,https://www.proquest.com/docview/3265991793
worthwhile,3266138444,"Brookfield, Cameco join U.S. in $80-billion nuclear program",2025-10-29,Newspapers,"['Mcclearn, Matthew', 'Bradshaw, James']",46323,The Globe and Mail,Toronto,Ontario,,https://www.proquest.com/docview/3266138444
risk,3266140707,The West wants in on nuclear. Are they ready?,2025-10-29,Newspapers,"['Mcclearn, Matthew', 'Graney, Emma']",46323,The Globe and Mail,Toronto,Ontario,,https://www.proquest.com/docview/3266140707
risk,3266146539,Gates Says That Climate Change ‘Will Not Lead to Humanity’s Demise’,2025-10-29,Newspapers,"['Gelles, David']",45131,The New York Times,NEW YORK,NY,,https://www.proquest.com/docview/3266146539
worthwhile,3266299015,Nats better off without Joyce,2025-10-30,Newspapers,,2040384,The Australian Financial Review,Pyrmont,NSW,,https://www.proquest.com/docview/3266299015
worthwhile,3266359069,Singapore 'seriously' considering nuclear energy,2025-10-29,Newspapers,,38562,TradeArabia,Camden,DE,,https://www.proquest.com/docview/3266359069
worthwhile,3266490510,Indonesia: Nuclear power becomes Indonesia's strategic energy option: govt,2025-10-30,Newspapers,,656306,Asia News Monitor,Bangkok,,,https://www.proquest.com/docview/3266490510
risk,3266560300,Letters to the Editor,2025-10-30,Newspapers,,42763,The Australian,Surry Hills,NSW,,https://www.proquest.com/docview/3266560300
risk,3266743890,Rising cost of electricity is putting smelter jobs at risk,2025-10-29,Newspapers,,636359,The Australian (Online),Surry Hills,NSW,,https://www.proquest.com/docview/3266743890
worthwhile,3267047511,Why Reform and the Tories are dead wrong about renewable energy,2025-10-31,Newspapers,"['McCluskey, Martin']",46325,The Scotsman,Edinburgh,,,https://www.proquest.com/docview/3267047511
risk,3267278179,"Nuclear talent gap a concern amid global push for atomic power, says expert",2025-10-31,Newspapers,"['Begum, Shabana']",33108,The Straits Times,News Centre,,,https://www.proquest.com/docview/3267278179
worthwhile,3267313765,United Kingdom: Climate plan captures clean energy benefits and boosts investment,2025-11-03,Newspapers,,656306,Asia News Monitor,Bangkok,,,https://www.proquest.com/docview/3267313765
risk,3267440796,Truth bombs fly as we head for energy security meltdown,2025-11-01,Newspapers,,42764,Weekend Australian,Surry Hills,NSW,,https://www.proquest.com/docview/3267440796
risk,3267442196,"Power bills up, affluence down, emissions still soar",2025-11-01,Newspapers,,42764,Weekend Australian,Surry Hills,NSW,,https://www.proquest.com/docview/3267442196
worthwhile,3267492204,What will power AI data centres?,2025-11-01,Newspapers,,866348,The Hindu,Chennai,Tamil Nadu,,https://www.proquest.com/docview/3267492204
risk,3267499407,"Berlin pays, Paris collects",2025-11-01,Newspapers,"['Wetzel, Daniel']",54211,Welt am Sonntag,Berlin,,,https://www.proquest.com/docview/3267499407
risk,3267590895,"Power bills up, prosperity down, emissions soaring: The reality of Australia’s net-zero pursuit",2025-10-31,Newspapers,"['Kenny, Chris']",636359,The Australian (Online),Surry Hills,NSW,,https://www.proquest.com/docview/3267590895
worthwhile,3267847444,Canada: The Honourable Tim Hodgson G7 Remarks: IEA Energy Innovation Forum Keynote Address,2025-11-03,Newspapers,,656306,Asia News Monitor,Bangkok,,,https://www.proquest.com/docview/3267847444
worthwhile,3268082501,China makes breakthrough in nuclear tech,2025-11-03,Newspapers,,1316360,Shenzhen Daily,Beijing,,,https://www.proquest.com/docview/3268082501
worthwhile,3268107525,Merz Action Plan Aims for World’s First Commercial Fusion Reactor,2025-11-03,Newspapers,,2040502,Yerepouni Daily News,Camden,DE,,https://www.proquest.com/docview/3268107525
worthwhile,3268124823,S'pore pushes its clean energy ambitions to the next phase,2025-11-03,Newspapers,"['Chin, Hui Shan']",33108,The Straits Times,News Centre,,,https://www.proquest.com/docview/3268124823
risk,3268131247,"In Georgia, Trump's cuts to solar projects hit some of his voters",2025-10-14,Newspapers,"['Joselow, Maxine']",46477,Philadelphia Tribune,Philadelphia,PA,,https://www.proquest.com/docview/3268131247
worthwhile,3268132215,Learn from Spain on gas pricing,2025-11-04,Newspapers,,2040384,The Australian Financial Review,Pyrmont,NSW,,https://www.proquest.com/docview/3268132215
unrelated,3268185322,Farage abandons ‘unrealistic’ tax cut plans,2025-11-03,Newspapers,"['Diver, Tony']",1986348,Telegraph.co.uk,London,,,https://www.proquest.com/docview/3268185322
worthwhile,3268202293,"Canada: Joint Statement between the Ministry of Economy, Trade and Industry of Japan and Natural Resources Canada on Cooperation in the Energy Resources Sector",2025-11-04,Newspapers,,656306,Asia News Monitor,Bangkok,,,https://www.proquest.com/docview/3268202293
worthwhile,3268202336,Canada: The Honourable Tim Hodgson Minister of Energy and Natural Resources Opening Ceremony Speech G7 Energy and Environment Ministers' Meeting,2025-11-04,Newspapers,,656306,Asia News Monitor,Bangkok,,,https://www.proquest.com/docview/3268202336
worthwhile,3268202345,Canada: G7 ministers advance efforts on energy security and innovation,2025-11-04,Newspapers,,656306,Asia News Monitor,Bangkok,,,https://www.proquest.com/docview/3268202345
worthwhile,3268202352,Canada: Chairs' Summary: 2025 G7 Energy and Environment Ministers' Meeting,2025-11-04,Newspapers,,656306,Asia News Monitor,Bangkok,,,https://www.proquest.com/docview/3268202352
worthwhile,3268202373,Canada: The Honourable Tim Hodgson Minister of Energy and Natural Resources Speaking Remarks for the Closing Press Conference G7 Energy and Environment Ministers' Meeting,2025-11-04,Newspapers,,656306,Asia News Monitor,Bangkok,,,https://www.proquest.com/docview/3268202373
worthwhile,3268202394,Canada: The Honourable Tim Hodgson's remarks presented at the Atlantic Council Energy Security Summit,2025-11-04,Newspapers,,656306,Asia News Monitor,Bangkok,,,https://www.proquest.com/docview/3268202394
worthwhile,3268315765,We'll be the party of alarm-clock Britain - and change attitudes towards hard work and success [Scot Region],2025-11-04,Newspapers,,46329,Daily Mail,London,,,https://www.proquest.com/docview/3268315765
risk,3268315785,We'll be the party of alarm-clock Britain - and change attitudes towards hard work and success,2025-11-04,Newspapers,"['Farage, Nigel']",46329,Daily Mail,London,,,https://www.proquest.com/docview/3268315785
risk,3268344190,LETTERS,2025-11-05,Newspapers,,43154,The Age,Sydney,New South Wales,,https://www.proquest.com/docview/3268344190
worthwhile,3268436443,"Canada: The Honourable Tim Hodgson, Minister of Energy and Natural Resources Keynote Address for the B7 Industry Meeting",2025-11-05,Newspapers,,656306,Asia News Monitor,Bangkok,,,https://www.proquest.com/docview/3268436443
risk,3268464836,The week Bill Gates backtracked on climate change – and sent eco fanatics into meltdown,2025-11-04,Newspapers,"['Cumming, Ed']",1986348,Telegraph.co.uk,London,,,https://www.proquest.com/docview/3268464836
worthwhile,3268478943,China becomes first to transmute thorium into uranium for nuclear fission,2025-11-05,Newspapers,,2030588,China Daily,BEIJING,,,https://www.proquest.com/docview/3268478943
worthwhile,3268478988,China becomes first to transmute thorium into uranium for nuclear fission,2025-11-05,Newspapers,,2030555,China Daily,BEIJING,,,https://www.proquest.com/docview/3268478988
worthwhile,3268671410,"Investing in nuclear energy, a quiet backbone for the AI-powered economy",2025-11-05,Newspapers,,33677,The Business Times,News Centre,,,https://www.proquest.com/docview/3268671410
risk,3268710251,Tomago woes: don't abandon net zero just because it's tough politics,2025-11-06,Newspapers,,43153,Newcastle Herald,Canberra ACT,,,https://www.proquest.com/docview/3268710251
worthwhile,3268727164,China becomes first to transmute thorium into uranium for nuclear fission,2025-11-05,Newspapers,,2032725,People's Daily ,Beijing,,,https://www.proquest.com/docview/3268727164
worthwhile,3268875152,LETTERS TO THE EDITOR,2025-11-06,Newspapers,,42763,The Australian,Surry Hills,NSW,,https://www.proquest.com/docview/3268875152
risk,3269208618,Nation must think beyond politics of net zero for energy future,2025-11-05,Newspapers,,636359,The Australian (Online),Surry Hills,NSW,,https://www.proquest.com/docview/3269208618
worthwhile,3269420237,LETTERS,2025-11-07,Newspapers,,42763,The Australian,Surry Hills,NSW,,https://www.proquest.com/docview/3269420237
risk,3269455882,How Bill Gates's climate U-turn sent eco fanatics into meltdown,2025-11-07,Newspapers,,33554,The Daily Telegraph,Tonbridge,,,https://www.proquest.com/docview/3269455882
unrelated,3269762749,We are subsidizing something that is worth nothing,2025-11-08,Newspapers,"['Müller, Verena']",54211,Welt am Sonntag,Berlin,,,https://www.proquest.com/docview/3269762749
unrelated,3269795616,PARIS WAS A LANDMARK AGAINST CLIMATE CHANGE,2025-11-08,Newspapers,"['Turner, Chris']",46323,The Globe and Mail,Toronto,Ontario,,https://www.proquest.com/docview/3269795616
unrelated,3269961370,"HT interview: India-Russia ties time-tested, future oriented, says Russian ambassador",2025-11-09,Newspapers,,29618,The Hindustan Times,New Delhi,,,https://www.proquest.com/docview/3269961370
worthwhile,3270082699,Philippines: Sustained low inflation shows govt's strong resolve to protect poorest households,2025-11-10,Newspapers,,656306,Asia News Monitor,Bangkok,,,https://www.proquest.com/docview/3270082699
unrelated,3270160803,Carbon Peaking and Carbon Neutrality China's Plans and Solutions,2025-11-10,Newspapers,,2030588,China Daily,BEIJING,,,https://www.proquest.com/docview/3270160803
worthwhile,3270160867,"Energy transition is not immediate, but is progressing",2025-11-10,Newspapers,"['Edesess, Michael']",2030555,China Daily,BEIJING,,,https://www.proquest.com/docview/3270160867
unrelated,3270160935,Carbon Peaking and Carbon Neutrality China's Plans and Solutions,2025-11-10,Newspapers,,2030555,China Daily,BEIJING,,,https://www.proquest.com/docview/3270160935
worthwhile,3270170000,Petronas empowers future engineers,2025-11-10,Newspapers,,34367,New Straits Times,Kuala Lumpur,,,https://www.proquest.com/docview/3270170000
worthwhile,3270651151,"The right destination, but the road we're on is broken",2025-11-12,Newspapers,"['Talacko, Cristina']",2040384,The Australian Financial Review,Pyrmont,NSW,,https://www.proquest.com/docview/3270651151
worthwhile,3271136042,Nation scores big in nuclear energy tech,2025-11-13,Newspapers,"['Zheng, Xin']",2030588,China Daily,BEIJING,,,https://www.proquest.com/docview/3271136042
worthwhile,3271144318,Nation scores big in nuclear energy tech,2025-11-13,Newspapers,"['Zheng, Xin']",2030555,China Daily,BEIJING,,,https://www.proquest.com/docview/3271144318
unrelated,3271464728,Winning the climate war is not like Voice victory for the Libs,2025-11-14,Newspapers,"['Roskam, John']",2040384,The Australian Financial Review,Pyrmont,NSW,,https://www.proquest.com/docview/3271464728
unrelated,3271969057,CLIMATE WAR’S NEW FRONTIER,2025-11-15,Newspapers,,42764,Weekend Australian,Surry Hills,NSW,,https://www.proquest.com/docview/3271969057
risk,3272003077,Climate war’s new frontier could be Labor’s next voice referendum moment,2025-11-14,Newspapers,"['Shanahan, Dennis']",636359,The Australian (Online),Surry Hills,NSW,,https://www.proquest.com/docview/3272003077
risk,3272088819,Sussan Ley must fight hard or go,2025-11-16,Newspapers,,726339,The Canberra Times,Canberra ACT,,,https://www.proquest.com/docview/3272088819
unrelated,3272619414,"S'pore stepping up its efforts to adapt to climate impacts, says Grace Fu",2025-11-18,Newspapers,,33108,The Straits Times,News Centre,,,https://www.proquest.com/docview/3272619414
worthwhile,3272719642,New York Still Needs Fossil Fuels. Energy Policy Hits Reality.,2025-11-18,Newspapers,"['Kissane, Carolyn']",2048938,Barron's (Online),South Brunswick,NJ,,https://www.proquest.com/docview/3272719642
risk,3272946738,Ley changes tack to lay out her views on defence,2025-11-20,Newspapers,"['Coorey, Phillip']",2040384,The Australian Financial Review,Pyrmont,NSW,,https://www.proquest.com/docview/3272946738
worthwhile,3273483701,Singapore: Singapore Energy Lecture by Min(EST) Tan See Leng at the 2025 Singapore International Energy Week,2025-11-21,Newspapers,,656306,Asia News Monitor,Bangkok,,,https://www.proquest.com/docview/3273483701
unrelated,3273483721,Singapore/Bhutan: Press Release on Launch of Call for Project Applications with Bhutan - Singapore And Bhutan Invite Applications For Carbon Credit Projects Under Bilateral Implementation Agreement,2025-11-21,Newspapers,,656306,Asia News Monitor,Bangkok,,,https://www.proquest.com/docview/3273483721
unrelated,3273484608,Canada: Canada strengthens international cooperation and trade opportunities during Secretary of State Sarai's visit to the Philippines,2025-11-21,Newspapers,,656306,Asia News Monitor,Bangkok,,,https://www.proquest.com/docview/3273484608
risk,3273811907,Households face surprise increase in energy bills from January,2025-11-21,Newspapers,"['Oliver, Matt']",1986348,Telegraph.co.uk,London,,,https://www.proquest.com/docview/3273811907
risk,3274009550,Households face surprise increase in energy bills,2025-11-22,Newspapers,,33554,The Daily Telegraph,Tonbridge,,,https://www.proquest.com/docview/3274009550
risk,3274456836,When energy gets 'boring': Oil and gas guru sees into the future of energy markets,2025-11-23,Newspapers,"['Velloor, Ravi']",33108,The Straits Times,News Centre,,,https://www.proquest.com/docview/3274456836
worthwhile,3274469198,European Union: EIB backs upgrades of Finland's Olkiluoto nuclear power plant with 90 million in financing,2025-11-24,Newspapers,,656306,Asia News Monitor,Bangkok,,,https://www.proquest.com/docview/3274469198
risk,3274964601,These energy stocks have been powerful investments. Here's what's next for them. Solar is a proven moneymaker with real profits and fast-growing demand. Nuclear is just getting started.,2025-11-24,Newspapers,"['McBride, Stephen']",7077307,MarketWatch,South Brunswick,NJ,,https://www.proquest.com/docview/3274964601
risk,3274996680,These energy stocks have been powerful investments. Here's what's next for them. Solar is a proven moneymaker with real profits and fast-growing demand. Nuclear is just getting started.,2025-11-25,Newspapers,"['McBride, Stephen']",7077307,MarketWatch,South Brunswick,NJ,,https://www.proquest.com/docview/3274996680
worthwhile,3275088993,Mashreq is banking on sustainability by leading ESG transformation in the Middle East,2025-11-25,Newspapers,,39150,Arabianbusiness.com,Camden,DE,,https://www.proquest.com/docview/3275088993
worthwhile,3275206094,United Kingdom: Taskforce calls for radical reset of nuclear regulation in UK,2025-11-26,Newspapers,,656306,Asia News Monitor,Bangkok,,,https://www.proquest.com/docview/3275206094
risk,3275251894,How environmentalists forced a nuclear plant to go on a £700m fish rescue mission,2025-11-25,Newspapers,"['Oliver, Matt']",1986348,Telegraph.co.uk,London,,,https://www.proquest.com/docview/3275251894
worthwhile,3275275805,"Looking for leadership? Let’s drink to that, says Liberal MP",2025-11-26,Newspapers,,42763,The Australian,Surry Hills,NSW,,https://www.proquest.com/docview/3275275805
worthwhile,3275276581,"Looking for leadership? Let’s drink to that, says Liberal MP",2025-11-26,Newspapers,,42763,The Australian,Surry Hills,NSW,,https://www.proquest.com/docview/3275276581
risk,3275346319,Nuclear plant to pay £280k for each fsh saved,2025-11-26,Newspapers,,33554,The Daily Telegraph,Tonbridge,,,https://www.proquest.com/docview/3275346319
worthwhile,3275391350,Vision and drinks: Coalition frontbencher Melissa McIntosh woos Liberal MPs looking for hope,2025-11-25,Newspapers,"['Chambers, Geoff']",636359,The Australian (Online),Surry Hills,NSW,,https://www.proquest.com/docview/3275391350
worthwhile,3275469840,UK ties only getting stronger,2025-11-27,Newspapers,,2040384,The Australian Financial Review,Pyrmont,NSW,,https://www.proquest.com/docview/3275469840
worthwhile,3275509929,Armenia: A Stronger Power Grid for Armenia's Energy Security and Growth,2025-11-27,Newspapers,,656306,Asia News Monitor,Bangkok,,,https://www.proquest.com/docview/3275509929
risk,3275596167,LETTERS TO THE EDITOR,2025-11-27,Newspapers,,42763,The Australian,Surry Hills,NSW,,https://www.proquest.com/docview/3275596167
worthwhile,3275639396,Hydro won't hack it much longer,2025-11-26,Newspapers,"['Geraedts, Henry']",45458,National Post,Toronto,Ontario,,https://www.proquest.com/docview/3275639396
risk,3275797893,$10 Billion and Counting: Trump Administration Snaps Up Stakes in Private Firms,2025-11-27,Newspapers,"['Swanson, Ana']",45131,The New York Times,NEW YORK,NY,,https://www.proquest.com/docview/3275797893
worthwhile,3275992417,Major UAE companies sign agreements to decarbonise EGA’s aluminium production,2025-11-27,Newspapers,,39150,Arabianbusiness.com,Camden,DE,,https://www.proquest.com/docview/3275992417
risk,3276027967,Nuclear power project to cost $26.8 billion,2025-11-27,Newspapers,,44892,Toronto Star,Toronto,Ontario,,https://www.proquest.com/docview/3276027967
worthwhile,3276032872,PM Modi says govt will allow private players in nuclear industry – What it means for India’s economy?,2025-11-27,Newspapers,,105397,Financial Express,NEW DELHI,,,https://www.proquest.com/docview/3276032872
worthwhile,3276116876,"Data Centers, AI, and Energy: Everything You Need to Know",2025-11-26,Newspapers,,2040502,Yerepouni Daily News,Camden,DE,,https://www.proquest.com/docview/3276116876
risk,3276203629,The Ford government needs to come clean on costs of going all-in on nuclear power,2025-11-28,Newspapers,"['Yakabuski, Konrad']",46323,The Globe and Mail,Toronto,Ontario,,https://www.proquest.com/docview/3276203629
risk,3276277151,Tensions erupt over pipeline deal,2025-11-28,Newspapers,,44892,Toronto Star,Toronto,Ontario,,https://www.proquest.com/docview/3276277151
risk,3276283317,Inside Trump's $15b shakedown of US firms,2025-11-29,Newspapers,"['Swanson, Ana']",2040384,The Australian Financial Review,Pyrmont,NSW,,https://www.proquest.com/docview/3276283317
unrelated,3276434753,Everyone in the government senses the seriousness of the situation,2025-11-29,Newspapers,"['Schuster, Jacques', 'Seyffarth, Moritz', 'Zwick, Daniel']",54211,Welt am Sonntag,Berlin,,,https://www.proquest.com/docview/3276434753
worthwhile,3276747596,Letters to the Editor,2025-12-01,Newspapers,,42763,The Australian,Surry Hills,NSW,,https://www.proquest.com/docview/3276747596
worthwhile,3276756617,Zimbabwe should invest more on energy projects to be an energy powerhouse under a single Africa energy market,2025-12-01,Newspapers,,2029773,The Standard,Camden,DE,,https://www.proquest.com/docview/3276756617
unrelated,3276821658,"India’s 74 GW storage race: 3 stocks leading the Rs 33,000 crore battery boom",2025-11-30,Newspapers,,105397,Financial Express,NEW DELHI,,,https://www.proquest.com/docview/3276821658
worthwhile,3276843026,Wind droughts will put renewables energy grid at risk,2025-11-30,Newspapers,,636359,The Australian (Online),Surry Hills,NSW,,https://www.proquest.com/docview/3276843026
worthwhile,3278435846,"Data centre boom will require surge in gas power, Miliband told",2025-12-03,Newspapers,,33554,The Daily Telegraph,Tonbridge,,,https://www.proquest.com/docview/3278435846
risk,3278468056,"Green Energy Push In Europe Backfires --- Industry is hobbled, political consensus is cracking thanks to soaring prices",2025-12-03,Newspapers,"['Fairless, Tom', 'Colchester, Max']",10482,Wall Street Journal,South Brunswick,NJ,,https://www.proquest.com/docview/3278468056
risk,3278538022,Miliband warned that UK data centre boom risks guzzling gas,2025-12-03,Newspapers,"['Oliver, Matt']",1986348,Telegraph.co.uk,London,,,https://www.proquest.com/docview/3278538022
unrelated,3278560125,Geothermal energy: Gulf states can harness untapped underground heat,2025-12-03,Newspapers,,50677,Oil & Gas News,Camden,DE,,https://www.proquest.com/docview/3278560125
worthwhile,3278560260,Collaboration crucial for lower carbon pathways,2025-12-03,Newspapers,,50677,Oil & Gas News,Camden,DE,,https://www.proquest.com/docview/3278560260
worthwhile,3278713926,Energy groupthink is dooming us to failure,2025-12-04,Newspapers,,42789,The Daily Telegraph,Surry Hills,NSW,,https://www.proquest.com/docview/3278713926
unrelated,3278827240,"GB Energy chief unveils plan for 10,000 jobs as city takes centre stage",2025-12-04,Newspapers,,27671,Aberdeen Evening Express,Tunbridge Wells,,,https://www.proquest.com/docview/3278827240
unrelated,3278868188,"GB Energy moving from 'intention to action', vows boss",2025-12-04,Newspapers,"['Andonova, Denny']",25365,The Press and Journal,Tunbridge Wells,,,https://www.proquest.com/docview/3278868188
worthwhile,3279078882,Energy groupthink is dooming us to failure,2025-12-05,Newspapers,,43665,Townsville Bulletin,Surry Hills,NSW,,https://www.proquest.com/docview/3279078882
worthwhile,3279078951,Energy groupthink is dooming us to failure,2025-12-05,Newspapers,,75791,The Northern Territory News,Surry Hills,NSW,,https://www.proquest.com/docview/3279078951
worthwhile,3279079076,Energy groupthink is dooming us to failure,2025-12-05,Newspapers,,43521,The Gold Coast Bulletin,Surry Hills,NSW,,https://www.proquest.com/docview/3279079076
worthwhile,3279458260,United Kingdom: Nuclear 2025 conference: Energy Secretary speech,2025-12-08,Newspapers,,656306,Asia News Monitor,Bangkok,,,https://www.proquest.com/docview/3279458260
worthwhile,3279803161,Six stocks set to benefit from new U.S. law tackling climate change,2022-08-31,Newspapers,"['Won, Shirley']",1396354,The Globe and Mail (1936-),Toronto,Ontario,,https://www.proquest.com/docview/3279803161
unrelated,3279853478,India-Russia agreements: What do they mean for the Indian economy? Can it mitigate US tariff pain?,2025-12-06,Newspapers,,75999,Mint,New Delhi,,,https://www.proquest.com/docview/3279853478
worthwhile,3279855829,Putin's India visit: How Indian stock market will react on Monday? Explained,2025-12-06,Newspapers,,75999,Mint,New Delhi,,,https://www.proquest.com/docview/3279855829
unrelated,3279855987,India-Russia agreements: What do they mean for the Indian economy? Can they mitigate US tariff pain?,2025-12-06,Newspapers,,75999,Mint,New Delhi,,,https://www.proquest.com/docview/3279855987
worthwhile,3279861519,Putin's India visit: How Indian stock market may react on Monday? Explained,2025-12-06,Newspapers,,75999,Mint,New Delhi,,,https://www.proquest.com/docview/3279861519
worthwhile,3279870140,What you need to know about nuclear power's resurgence,2022-10-13,Newspapers,"['McClearn, Matthew', 'Graney, Emma']",1396354,The Globe and Mail (1936-),Toronto,Ontario,,https://www.proquest.com/docview/3279870140
unrelated,3279877665,Net-zero strategies,2022-11-01,Newspapers,,1396354,The Globe and Mail (1936-),Toronto,Ontario,,https://www.proquest.com/docview/3279877665
worthwhile,3279877717,Partnership provides hope for climate politics,2022-11-01,Newspapers,"['Radwanski, Adam']",1396354,The Globe and Mail (1936-),Toronto,Ontario,,https://www.proquest.com/docview/3279877717
risk,3279878263,THE WAR ON ENERGY,2022-09-17,Newspapers,"['REGULY, ERIC']",1396354,The Globe and Mail (1936-),Toronto,Ontario,,https://www.proquest.com/docview/3279878263
worthwhile,3279884097,Helping to advance a net-zero future,2022-03-04,Newspapers,,1396354,The Globe and Mail (1936-),Toronto,Ontario,,https://www.proquest.com/docview/3279884097
unrelated,3279884431,Ottawa to issue first green bonds this week,2022-03-22,Newspapers,"['Rendell, Mark']",1396354,The Globe and Mail (1936-),Toronto,Ontario,,https://www.proquest.com/docview/3279884431
worthwhile,3279902999,Display Ad,2022-11-17,Newspapers,,1396354,The Globe and Mail (1936-),Toronto,Ontario,,https://www.proquest.com/docview/3279902999
unrelated,3279904466,Cleantech innovation,2022-11-22,Newspapers,"['COMMUNICATIONS, RANDALL ANTHONY']",1396354,The Globe and Mail (1936-),Toronto,Ontario,,https://www.proquest.com/docview/3279904466
risk,3279918388,Carbon-free grid for Ontario will be costly: report,2022-12-16,Newspapers,"['McCLEARN, MATTHEW']",1396354,The Globe and Mail (1936-),Toronto,Ontario,,https://www.proquest.com/docview/3279918388
worthwhile,3279918430,Display Ad,2022-12-16,Newspapers,,1396354,The Globe and Mail (1936-),Toronto,Ontario,,https://www.proquest.com/docview/3279918430
unrelated,3279918936,Infrastructure bank CEO welcomes investment in EV charging stations,2022-04-28,Newspapers,"['Curry, Bill']",1396354,The Globe and Mail (1936-),Toronto,Ontario,,https://www.proquest.com/docview/3279918936
worthwhile,3279923555,When the wind isn't blowing and the sun isn't shining: The case for nuclear energy,2022-12-22,Newspapers,"['Richards, John', 'Mabry, Christopher']",1396354,The Globe and Mail (1936-),Toronto,Ontario,,https://www.proquest.com/docview/3279923555
risk,3279927134,POWER PLAY,2022-12-27,Newspapers,"['Roscoe, Bill', 'Barg, Stephan', 'Ikavalko, Jorma']",1396354,The Globe and Mail (1936-),Toronto,Ontario,,https://www.proquest.com/docview/3279927134
unrelated,3279980140,India-Russia ties enter a new economic axis under PM Modi's strategic leadership,2025-12-07,Newspapers,,2040515,The Sunday Guardian,New Delhi,,,https://www.proquest.com/docview/3279980140
worthwhile,3280471655,Improved norms will help vitalize green investment,2025-12-09,Newspapers,,2030588,China Daily,BEIJING,,,https://www.proquest.com/docview/3280471655
worthwhile,3280472055,Improved norms will help vitalize green investment,2025-12-09,Newspapers,,2030555,China Daily,BEIJING,,,https://www.proquest.com/docview/3280472055
worthwhile,3280588180,AI to Bitcoin: Five trends will dominate markets in 2026,2025-12-10,Newspapers,"['Leung, Billy']",44841,Sydney Morning Herald,Sydney,New South Wales,,https://www.proquest.com/docview/3280588180
worthwhile,3280588201,AI to Bitcoin: Five trends will dominate markets in 2026,2025-12-10,Newspapers,"['Leung, Billy']",43154,The Age,Sydney,New South Wales,,https://www.proquest.com/docview/3280588201
unrelated,3280645390,"Vietnam: Vietnam ready for effective cooperation based on harmonised interests, shared risks: PM",2025-12-10,Newspapers,,656306,Asia News Monitor,Bangkok,,,https://www.proquest.com/docview/3280645390
worthwhile,3281500825,Will net zero really cost UK households £500 a year?,2025-12-11,Newspapers,,35249,The Guardian,London,,,https://www.proquest.com/docview/3281500825
worthwhile,3282407223,"Acknowledge the real inconvenient truth, Albo",2025-12-14,Newspapers,,42785,The Courier - Mail,Surry Hills,NSW,,https://www.proquest.com/docview/3282407223
worthwhile,3282472016,Piers Akerman: PM’s power plays cost us while we need to have reliable energy to make things,2025-12-13,Newspapers,"['Akerman, Piers']",636369,The Daily Telegraph (Online),Surry Hills,NSW,,https://www.proquest.com/docview/3282472016
worthwhile,3282521695,"Cabinet clears key amendment to open up n-power: Why this is vital for govt’s baseload energy, SMR and reforms push",2025-12-13,Newspapers,,55068,Indian Express,NEW DELHI,,,https://www.proquest.com/docview/3282521695
worthwhile,3282809658,From nuclear disaster to AI powerhouse: America’s Three Mile Island set to power the AI boom,2025-12-15,Newspapers,,29265,The Times of India,New Delhi,,,https://www.proquest.com/docview/3282809658
worthwhile,3282912663,Explained: What is SHANTI Bill that opens India's nuclear power sector to private players?,2025-12-15,Newspapers,,75999,Mint,New Delhi,,,https://www.proquest.com/docview/3282912663
worthwhile,3282929789,Explained | 5 key provisions in SHANTI Bill that open India's nuclear power sector to private players,2025-12-15,Newspapers,,75999,Mint,New Delhi,,,https://www.proquest.com/docview/3282929789
worthwhile,3282942446,Explained | 5 key provisions in SHANTI Bill that opens India's nuclear power sector to private players,2025-12-15,Newspapers,,75999,Mint,New Delhi,,,https://www.proquest.com/docview/3282942446
unrelated,3282951442,India’s energy sector to emerge as a global case study: Piyush Goyal,2025-12-15,Newspapers,,2029686,IANS English,Noida,,,https://www.proquest.com/docview/3282951442
worthwhile,3283013642,Road map for realising India's nuclear energy goals,2025-12-15,Newspapers,,29618,The Hindustan Times,New Delhi,,,https://www.proquest.com/docview/3283013642
unrelated,3283066203,Create more space&#xa0;to&#xa0;let solar power flow,2025-12-16,Newspapers,,105397,Financial Express,NEW DELHI,,,https://www.proquest.com/docview/3283066203
unrelated,3283104709,IT'S GONE BETTER THAN EVEN I WOULD HAVE HOPED,2025-12-16,Newspapers,,686317,City A.M.,Tunbridge Wells,,,https://www.proquest.com/docview/3283104709
risk,3283138351,Nuclear fusion: A carbon-free energy source,2025-12-16,Newspapers,,55155,Pakistan Observer,,,,https://www.proquest.com/docview/3283138351
worthwhile,3283263513,Macron: It's vital for the world to remain committed to the Paris Agreement of 2015,2025-12-16,Newspapers,,75999,Mint,New Delhi,,,https://www.proquest.com/docview/3283263513
worthwhile,3283323506,SHANTI Bill and India’s Nuclear Moment: Opportunity with Responsibility,2025-12-16,Newspapers,,3882661,The Sentinel,NEW DELHI,,,https://www.proquest.com/docview/3283323506
worthwhile,3283339250,"Philippines: MinDA, Davao Norte pursue data center, energy investments",2025-12-17,Newspapers,,656306,Asia News Monitor,Bangkok,,,https://www.proquest.com/docview/3283339250
worthwhile,3283626978,AtkinsRéalis spotlights AI-driven surge in Oman electricity demand,2025-12-16,Newspapers,,38562,TradeArabia,Camden,DE,,https://www.proquest.com/docview/3283626978
risk,3283630155,SA’s electricity capacity cliff and the political economy of self-constraint,2025-12-17,Newspapers,"['Schutte, Gillian']",39818,The Star,Johannesburg,,,https://www.proquest.com/docview/3283630155
unrelated,3283893044,India: Bold Vision and Relentless Execution Transformed India's Energy Sector: Union Minister of Commerce and Industry Shri Piyush Goyal,2025-12-18,Newspapers,,656306,Asia News Monitor,Bangkok,,,https://www.proquest.com/docview/3283893044
unrelated,3283893675,India: Bold Vision and Relentless Execution Transformed India's Energy Sector: Union Minister of Commerce and Industry Shri Piyush Goyal,2025-12-18,Newspapers,,656306,Asia News Monitor,Bangkok,,,https://www.proquest.com/docview/3283893675
worthwhile,3284472828,SHANTI shields N-plants from safety oversight: Experts,2025-12-19,Newspapers,"['Mathur, Atul']",29265,The Times of India,New Delhi,,,https://www.proquest.com/docview/3284472828
worthwhile,3284487723,Trump’s tech company merges with nuclear company backed by UK taxpayers,2025-12-18,Newspapers,"['Titcomb, James']",1986348,Telegraph.co.uk,London,,,https://www.proquest.com/docview/3284487723
worthwhile,3284545095,SHANTI shields N-plants from safety oversight: Experts,2025-12-19,Newspapers,"['Mathur, Atul']",816369,The Times of India (Online),New Delhi,,,https://www.proquest.com/docview/3284545095
worthwhile,3284545176,SHANTI embeds safety oversight in law across N-plant's entire lifecycle,2025-12-19,Newspapers,"['Mathur, Atul']",816369,The Times of India (Online),New Delhi,,,https://www.proquest.com/docview/3284545176
worthwhile,3284607876,Trump takes stake in nuclear company backed by British taxpayer,2025-12-19,Newspapers,,33554,The Daily Telegraph,Tonbridge,,,https://www.proquest.com/docview/3284607876
worthwhile,3284757848,"Parliament adjourned sine die after passing SHANTI, G Ram G and Insurance bills",2025-12-19,Newspapers,,29263,The Economic Times,New Delhi,,,https://www.proquest.com/docview/3284757848
risk,3284810676,Balance it: Editorial on SHANTI Bill and India’s nuclear energy ambitions,2025-12-19,Newspapers,,3882663,The Telegraph (India),NEW DELHI,,,https://www.proquest.com/docview/3284810676
worthwhile,3284827996,Nuclear energy: For a sustainable future,2025-12-20,Newspapers,,75994,The Pioneer,New Delhi,,,https://www.proquest.com/docview/3284827996
worthwhile,3284846455,India: Cutting debt-to-GDP ratio will be govt's core focus next fiscal: FM Sitharaman,2025-12-22,Newspapers,,656306,Asia News Monitor,Bangkok,,,https://www.proquest.com/docview/3284846455
worthwhile,3284849490,"SHANTI, but not quiet: How India is rewriting rules of nuclear energy",2025-12-20,Newspapers,"['Mishra, Abhishek']",29265,The Times of India,New Delhi,,,https://www.proquest.com/docview/3284849490
worthwhile,3285026161,From insurance to SIPs to retirement: How Parliament’s Winter Session rewrote your financial future,2025-12-20,Newspapers,"['Vasistha, Yashasvi']",29265,The Times of India,New Delhi,,,https://www.proquest.com/docview/3285026161
worthwhile,3285198750,Japan set to renew its nuclear push 15 years after Fukushima,2025-12-20,Newspapers,"['Sim, Walter']",33108,The Straits Times,News Centre,,,https://www.proquest.com/docview/3285198750
risk,3285367306,India's push for nuclear energy splits opinions,2025-12-22,Newspapers,"['Chakraborty, Aparajit']",2030555,China Daily,BEIJING,,,https://www.proquest.com/docview/3285367306
risk,3285367392,India's push for nuclear energy splits opinions,2025-12-22,Newspapers,"['Chakraborty, Aparajit']",2030588,China Daily,BEIJING,,,https://www.proquest.com/docview/3285367392
worthwhile,3285462769,India's push for nuclear energy can support climate goals but ground execution will determine its impact,2025-12-22,Newspapers,,75999,Mint,New Delhi,,,https://www.proquest.com/docview/3285462769
worthwhile,3285756783,Google To Acquire Clean Energy Firm Intersect For $4.75 Billion,2025-12-22,Newspapers,"['Krause, Reinhardt']",7122126,Investor's Business Daily (Online),South Brunswick,NJ,,https://www.proquest.com/docview/3285756783
worthwhile,3285873269,2026 outlook: What’s next for the environment – and the top stories of 2025,2025-12-22,Newspapers,"['Chin, Hui Shan']",33108,The Straits Times,News Centre,,,https://www.proquest.com/docview/3285873269
risk,3285987464,"Japan: Japan to Restart World's Biggest Nuclear Power Plant, 15 Years After Fukushima Disaster",2025-12-24,Newspapers,,656306,Asia News Monitor,Bangkok,,,https://www.proquest.com/docview/3285987464
risk,3286109797,Will SHANTI create turbulence?,2025-12-24,Newspapers,,866349,Businessline,Chennai,Tamil Nadu,,https://www.proquest.com/docview/3286109797
unrelated,3286179613,Steel was my dad's life. He'd be appalled at Labour's abject failure to protect an industry so vital to our security,2025-12-24,Newspapers,"['Sunderland, Ruth']",46329,Daily Mail,London,,,https://www.proquest.com/docview/3286179613
worthwhile,3286190530,SHANTI Bill is India’s second shot at nuclear energy leadership,2025-12-24,Newspapers,,55068,Indian Express,NEW DELHI,,,https://www.proquest.com/docview/3286190530
risk,3286266072,"India: India's nuclear sector to expand, draw foreign capital",2025-12-25,Newspapers,,656306,Asia News Monitor,Bangkok,,,https://www.proquest.com/docview/3286266072
worthwhile,3286543922,"Historic Labour Code reforms to accelerate growth, create more jobs in 2026",2025-12-25,Newspapers,,2029686,IANS English,Noida,,,https://www.proquest.com/docview/3286543922
worthwhile,3286758411,"How 2025 made India more nimble, agile and attractive",2025-12-25,Newspapers,,29263,The Economic Times,New Delhi,,,https://www.proquest.com/docview/3286758411
worthwhile,3286880390,How the SHANTI Bill can accelerate India’s nuclear ambitions,2025-12-26,Newspapers,,105397,Financial Express,NEW DELHI,,,https://www.proquest.com/docview/3286880390
worthwhile,3286888247,"Budget 2026 wishlist: From renewables to critical minerals, 5 key sectors in focus",2025-12-25,Newspapers,,105397,Financial Express,NEW DELHI,,,https://www.proquest.com/docview/3286888247
unrelated,3287328568,The year of Trumpian terror became Canada's wake-up call,2025-12-27,Newspapers,,44892,Toronto Star,Toronto,Ontario,,https://www.proquest.com/docview/3287328568
risk,3287445353,How Ed Miliband nationalised Britain’s electricity market by stealth,2025-12-27,Newspapers,"['Oliver, Matt']",1986348,Telegraph.co.uk,London,,,https://www.proquest.com/docview/3287445353
risk,3287484708,How Miliband nationalised electricity by stealth,2025-12-28,Newspapers,,32356,The Sunday Telegraph,Tonbridge,,,https://www.proquest.com/docview/3287484708
risk,3287530220,Fundies' 2026 stock tips come with a twist,2025-12-29,Newspapers,"['Thomson, James']",2040384,The Australian Financial Review,Pyrmont,NSW,,https://www.proquest.com/docview/3287530220
worthwhile,3287651625,2025: The Turning Point in India's Technological Self-Determination,2025-12-29,Newspapers,,646534,Kashmir Images,New Delhi,,,https://www.proquest.com/docview/3287651625
unrelated,3287758886,City can cement 'sustainable finance hub' status by curbing greenwashing,2025-12-29,Newspapers,"['Yu, Dong']",2030555,China Daily,BEIJING,,,https://www.proquest.com/docview/3287758886
unrelated,3287937834,2025: Turning point in India’s technological self-determination,2025-12-29,Newspapers,,3882662,The Hitavada,NEW DELHI,,,https://www.proquest.com/docview/3287937834
risk,3287938079,SNP's nuclear stance 'costs Scots millions in investment'.,2025-12-29,Newspapers,"['Quinn, Andrew']",46325,The Scotsman,Edinburgh,,,https://www.proquest.com/docview/3287938079
risk,3287938143,SNP's nuclear stance 'costs Scots millions in investment',2025-12-29,Newspapers,"['Quinn, Andrew']",46325,The Scotsman,Edinburgh,,,https://www.proquest.com/docview/3287938143
worthwhile,3287940798,"Viability of SMRs pose a question till order books become large, value addition locally becomes near 100%: Dr Anil Kakodkar",2025-12-28,Newspapers,,55068,Indian Express,NEW DELHI,,,https://www.proquest.com/docview/3287940798
worthwhile,3288170088,The quiet foundations for India’s next growth phase,2025-12-30,Newspapers,,866348,The Hindu,Chennai,Tamil Nadu,,https://www.proquest.com/docview/3288170088
risk,3288316957,Could NJ get a new nuclear power plant? It might take a while.,2025-12-30,Newspapers,"['Hayes, Mike']",5971079,Gothamist,New York,NY,,https://www.proquest.com/docview/3288316957
unrelated,3288357138,"Howard, Costello: Libs must change to regain ‘centre’",2025-12-31,Newspapers,,42763,The Australian,Surry Hills,NSW,,https://www.proquest.com/docview/3288357138
unrelated,3288360586,"Howard, Costello: Libs must change to regain ‘centre’",2025-12-31,Newspapers,,42763,The Australian,Surry Hills,NSW,,https://www.proquest.com/docview/3288360586
unrelated,3288453541,John Howard and Peter Costello: Liberals must change to regain ‘centre’,2025-12-30,Newspapers,"['Bramston, Troy']",636359,The Australian (Online),Surry Hills,NSW,,https://www.proquest.com/docview/3288453541
risk,3288730655,Consequential reform,2026-01-01,Newspapers,,3882663,The Telegraph (India),NEW DELHI,,,https://www.proquest.com/docview/3288730655
risk,3288755778,2005 cabinet papers: Treasury warned Howard government energy plan would fail on emissions,2025-12-31,Newspapers,"['Quail, Jack']",636359,The Australian (Online),Surry Hills,NSW,,https://www.proquest.com/docview/3288755778
risk,3289732110,Bills rise as temperatures drop,2026-01-02,Newspapers,"['Clarke, Josie']",27176,Western Daily Press,London,,,https://www.proquest.com/docview/3289732110
unrelated,3289776801,"Portugal: Price distortions in EU energy market must end, Portuguese minister tells Euronews",2026-01-05,Newspapers,,656306,Asia News Monitor,Bangkok,,,https://www.proquest.com/docview/3289776801
risk,3289794925,Why are our household energy bills set to rise and fall?,2026-01-02,Newspapers,,27670,Derby Evening Telegraph,London,,,https://www.proquest.com/docview/3289794925
worthwhile,3289830944,"SMRs Explained: Real-World Economics, Fuel Bottlenecks, and the Race to Scale",2026-01-02,Newspapers,,2040502,Yerepouni Daily News,Camden,DE,,https://www.proquest.com/docview/3289830944
risk,3289934939,‘Just an unbelievable amount of pollution’: how big a threat is AI to the climate?,2026-01-03,Newspapers,"['Niranjan, Ajit']",35249,The Guardian,London,,,https://www.proquest.com/docview/3289934939
worthwhile,3289962330,Why the SHANTI Bill can redefine India's Energy Future,2026-01-04,Newspapers,,2040515,The Sunday Guardian,New Delhi,,,https://www.proquest.com/docview/3289962330
worthwhile,3290065500,Nuclear power: What will it take for India's private-sector gambit to succeed?,2026-01-05,Newspapers,,75999,Mint,New Delhi,,,https://www.proquest.com/docview/3290065500
worthwhile,3290093426,Energy policy should be above party politics,2026-01-05,Newspapers,"['Wilson, Brian']",25365,The Press and Journal,Tunbridge Wells,,,https://www.proquest.com/docview/3290093426
worthwhile,3290575347,Nuclear option needed after 2050,2026-01-07,Newspapers,,2040384,The Australian Financial Review,Pyrmont,NSW,,https://www.proquest.com/docview/3290575347
risk,3290870628,Political motives behind PM's likely U-turn on Bondi inquiry?,2026-01-08,Newspapers,,2040384,The Australian Financial Review,Pyrmont,NSW,,https://www.proquest.com/docview/3290870628
risk,3290979679,Miliband net zero plans hit by surging reliance on gas,2026-01-07,Newspapers,"['Leake, Jonathan']",1986348,Telegraph.co.uk,London,,,https://www.proquest.com/docview/3290979679
worthwhile,3291147095,4 Nuclear stocks to watch as the 100 GW dream gets a GST tailwind,2026-01-08,Newspapers,,105397,Financial Express,NEW DELHI,,,https://www.proquest.com/docview/3291147095
worthwhile,3291967340,Deeptech funding rises to $1.6 billion in 2025,2026-01-10,Newspapers,"['Roy, Supriya']",816369,The Times of India (Online),New Delhi,,,https://www.proquest.com/docview/3291967340
worthwhile,3292079925,Meta’s nuclear power push reshapes AI energy race,2026-01-10,Newspapers,,7498431,The Arabian Post,Camden,DE,,https://www.proquest.com/docview/3292079925
unrelated,3292172388,External financing and debt sustainability,2026-01-11,Newspapers,,7498429,The News International,Camden,DE,,https://www.proquest.com/docview/3292172388
risk,3292172569,Spending big on nuclear,2026-01-11,Newspapers,,44892,Toronto Star,Toronto,Ontario,,https://www.proquest.com/docview/3292172569
risk,3292258577,Energy Secretary 'on course to miss net zero targets by 15 years',2026-01-12,Newspapers,,33554,The Daily Telegraph,Tonbridge,,,https://www.proquest.com/docview/3292258577
worthwhile,3292300288,Chasing Oil While Losing The Future: America's Strategic Error In Venezuela,2026-01-12,Newspapers,,5425111,South Asia Monitor,NEW DELHI,,,https://www.proquest.com/docview/3292300288
risk,3292331495,Miliband ‘to miss net zero targets by 15 years’,2026-01-12,Newspapers,"['Oliver, Matt']",1986348,Telegraph.co.uk,London,,,https://www.proquest.com/docview/3292331495
unrelated,3292355604,PM Modi Modi inaugurates Vibrant Gujarat Regional Conference for Kutch and Saurashtra Region in Rajkot,2026-01-12,Newspapers,,3930278,New Delhi Times,New Delhi,,,https://www.proquest.com/docview/3292355604
risk,3292438591,The cost of A merica's nuclear revival,2026-01-12,Newspapers,"['Smyth, Jamie']",44893,Montreal Gazette,Toronto,Ontario,,https://www.proquest.com/docview/3292438591
risk,3292438593,The cost of America's nuclear revival,2026-01-12,Newspapers,"['Smyth, Jamie']",47083,Calgary Herald,Toronto,Ontario,,https://www.proquest.com/docview/3292438593
risk,3292438715,The cost of A merica's nuclear revival,2026-01-12,Newspapers,"['Smyth, Jamie']",46779,Edmonton Journal,Toronto,Ontario,,https://www.proquest.com/docview/3292438715
risk,3292438754,The cost of America's nuclear revival,2026-01-12,Newspapers,"['Smyth, Jamie']",44878,The Ottawa Citizen,Toronto,Ontario,,https://www.proquest.com/docview/3292438754
risk,3292439071,The cost of America's nuclear revival,2026-01-12,Newspapers,"['Smyth, Jamie']",45458,National Post,Toronto,Ontario,,https://www.proquest.com/docview/3292439071
risk,3292445840,The cost of A merica's nuclear revival,2026-01-12,Newspapers,"['Times, Jamie Smythfinancial']",44883,The Vancouver Sun,Toronto,Ontario,,https://www.proquest.com/docview/3292445840
risk,3292464235,Miliband's net zero zealotry will be the cause of his party's downfall,2026-01-13,Newspapers,,33554,The Daily Telegraph,Tonbridge,,,https://www.proquest.com/docview/3292464235
risk,3292522919,Miliband’s net zero zealotry will be Labour’s downfall,2026-01-13,Newspapers,"['Marlow, Ben']",1986348,Telegraph.co.uk,London,,,https://www.proquest.com/docview/3292522919
unrelated,3292608394,India: Prime Minister Shri Narendra Modi inaugurates Vibrant Gujarat Regional Conference for Kutch and Saurashtra Region in Rajkot,2026-01-14,Newspapers,,656306,Asia News Monitor,Bangkok,,,https://www.proquest.com/docview/3292608394
unrelated,3292934107,Will Great Britain’s offshore wind subsidy auction mean lower energy bills?,2026-01-14,Newspapers,,35249,The Guardian,London,,,https://www.proquest.com/docview/3292934107
worthwhile,3293563778,Is South-east Asia ready for a security-driven nuclear revival?,2026-01-15,Newspapers,"['Nassir-Deen, Husni']",33677,The Business Times,News Centre,,,https://www.proquest.com/docview/3293563778
risk,3293879948,EXCHANGE --- Heard on the Street: Energy Risks Rise for Hands-On Tech Giants --- Hyperscalers are getting involved in earlier stages of power development,2026-01-17,Newspapers,"['Lee, Jinjoo', 'Gallagher, Dan']",10482,Wall Street Journal,South Brunswick,NJ,,https://www.proquest.com/docview/3293879948
unrelated,3294188086,Trade barriers fall in 'landmark' deal,2026-01-17,Newspapers,"['Nardi, Christopher']",45458,National Post,Toronto,Ontario,,https://www.proquest.com/docview/3294188086
unrelated,3294188623,Trade barriers fall in ' landmark ' deal,2026-01-17,Newspapers,"['Nardi, Christopher']",44878,The Ottawa Citizen,Toronto,Ontario,,https://www.proquest.com/docview/3294188623
unrelated,3294189000,Trade barriers fall in ' landmark ' deal,2026-01-17,Newspapers,"['Nardi, Christopher']",46778,The Windsor Star,Toronto,Ontario,,https://www.proquest.com/docview/3294189000
unrelated,3294192732,Trade barriers fall in ' landmark ' deal,2026-01-17,Newspapers,"['Nardi, Christopher']",44893,Montreal Gazette,Toronto,Ontario,,https://www.proquest.com/docview/3294192732
unrelated,3294196365,Trade barriers fall in ' landmark ' deal,2026-01-17,Newspapers,"['Nardi, Christopher']",47083,Calgary Herald,Toronto,Ontario,,https://www.proquest.com/docview/3294196365
unrelated,3294196472,Trade barriers fall in ' landmark ' deal,2026-01-17,Newspapers,"['Nardi, Christopher']",46779,Edmonton Journal,Toronto,Ontario,,https://www.proquest.com/docview/3294196472
unrelated,3294196834,Trade barriers fall in ' landmark ' deal,2026-01-17,Newspapers,"['Nardi, Christopher']",44883,The Vancouver Sun,Toronto,Ontario,,https://www.proquest.com/docview/3294196834
worthwhile,3294601002,Talking Green World: Zim's white gold's ability to remove the country from energy deficit to dominance,2026-01-19,Newspapers,,2029773,The Standard,Camden,DE,,https://www.proquest.com/docview/3294601002
unrelated,3294660983,"Budget 2026: From auto, telecom, railways to defence - Morgan Stanley points out key reforms needed in various sectors",2026-01-19,Newspapers,,75999,Mint,New Delhi,,,https://www.proquest.com/docview/3294660983
worthwhile,3295119782,‘Draft NEP 2026’ released for public consultation to provide reliable and quality power,2026-01-21,Newspapers,,2029686,IANS English,Noida,,,https://www.proquest.com/docview/3295119782
risk,3295193886,"Washington Pivots to Gas, Coal and Nuclear for AI Baseload Power",2026-01-21,Newspapers,,2040502,Yerepouni Daily News,Camden,DE,,https://www.proquest.com/docview/3295193886
worthwhile,3295289696,Britain to extend life of ageing nuclear plants to keep the lights on,2026-01-21,Newspapers,"['Leake, Jonathan']",1986348,Telegraph.co.uk,London,,,https://www.proquest.com/docview/3295289696
worthwhile,3295317280,Power ministry seeks stakeholder comments on draft National Electricity Policy 2026,2026-01-22,Newspapers,,75994,The Pioneer,New Delhi,,,https://www.proquest.com/docview/3295317280
unrelated,3295343183,Despite global headwinds India to remain fastest-growing economy: RBI,2026-01-22,Newspapers,,29265,The Times of India,New Delhi,,,https://www.proquest.com/docview/3295343183
unrelated,3295344574,The West Is Deluded About Its Energy Independence,2022-02-26,Newspapers,"['Blair, Dennis C', 'Dunford, Joseph F, Jr']",45545,New York Times  (1923-),NEW YORK,NY,,https://www.proquest.com/docview/3295344574
risk,3295405529,A Border Clash Over a Project for U.S. Energy,2022-05-07,Newspapers,"['Gelles, David']",45545,New York Times  (1923-),NEW YORK,NY,,https://www.proquest.com/docview/3295405529
worthwhile,3295420463,Climate Bill Promises Clean Power Major Loans,2022-08-23,Newspapers,"['Penn, Ivan']",45545,New York Times  (1923-),NEW YORK,NY,,https://www.proquest.com/docview/3295420463
worthwhile,3295784043,Nuclear Power May Be Back on the Table,2022-06-15,Newspapers,"['Giang, Vivian']",45545,New York Times  (1923-),NEW YORK,NY,,https://www.proquest.com/docview/3295784043
risk,3295796164,Europe Feels Gas Crunch From Russia,2022-06-23,Newspapers,"['Reed, Stanley', 'Eddy, Melissa']",45545,New York Times  (1923-),NEW YORK,NY,,https://www.proquest.com/docview/3295796164
risk,3295864006,France Enters an Era of Energy 'Sobriety',2022-09-06,Newspapers,"['Alderman, Liz']",45545,New York Times  (1923-),NEW YORK,NY,,https://www.proquest.com/docview/3295864006
unrelated,3295914612,"India: Union Minister Pralhad Joshi Urges Global Investors to Partner in India's Rapid Clean Energy Expansion at World Economic Forum 2026, Davos",2026-01-23,Newspapers,,656306,Asia News Monitor,Bangkok,,,https://www.proquest.com/docview/3295914612
worthwhile,3295914979,India: Pralhad Joshi calls on global investors to partner in India's clean energy expansion at World Economic Forum,2026-01-23,Newspapers,,656306,Asia News Monitor,Bangkok,,,https://www.proquest.com/docview/3295914979
unrelated,3295994122,Questions for New York's Candidates for Governor,2022-06-26,Newspapers,,45545,New York Times  (1923-),NEW YORK,NY,,https://www.proquest.com/docview/3295994122
unrelated,3295994133,Questions for New York's Candidates for Governor,2022-06-26,Newspapers,,45545,New York Times  (1923-),NEW YORK,NY,,https://www.proquest.com/docview/3295994133
unrelated,3295994284,Questions for New York's Candidates for Governor,2022-06-26,Newspapers,,45545,New York Times  (1923-),NEW YORK,NY,,https://www.proquest.com/docview/3295994284
unrelated,3295994512,Questions for New York's Candidates for Governor,2022-06-26,Newspapers,,45545,New York Times  (1923-),NEW YORK,NY,,https://www.proquest.com/docview/3295994512
unrelated,3295994560,Questions for New York's Candidates for Governor,2022-06-26,Newspapers,,45545,New York Times  (1923-),NEW YORK,NY,,https://www.proquest.com/docview/3295994560
worthwhile,3295995244,"Russia's Invasion Is Likely to Quicken the Global Shift to Clean Energy, Report Says",2022-10-28,Newspapers,"['Plumer, Brad']",45545,New York Times  (1923-),NEW YORK,NY,,https://www.proquest.com/docview/3295995244
unrelated,3296004539,Countries at Odds Over How to Hold the Line on Climate Goals,2022-11-17,Newspapers,"['Plumer, Brad', 'Gelles, David', 'Friedman, Lisa']",45545,New York Times  (1923-),NEW YORK,NY,,https://www.proquest.com/docview/3296004539
unrelated,3296017535,"Yes, Greenland's Ice Is Melting, But. ..",2022-10-30,Newspapers,"['Stephens, Bret']",45545,New York Times  (1923-),NEW YORK,NY,,https://www.proquest.com/docview/3296017535
risk,3296018819,Europe's Energy Risks Go Beyond Gas,2022-11-23,Newspapers,"['Rojanasakul, Mira']",45545,New York Times  (1923-),NEW YORK,NY,,https://www.proquest.com/docview/3296018819
unrelated,3296367350,India in first league of AI nations: Vaishnaw at Davos,2026-01-23,Newspapers,,29618,The Hindustan Times,New Delhi,,,https://www.proquest.com/docview/3296367350
risk,3296415541,Energy Firms Backed by Jeff Bezos and Bill Gates Look to Go Public,2026-01-23,Newspapers,"['Salzman, Avi']",2048938,Barron's (Online),South Brunswick,NJ,,https://www.proquest.com/docview/3296415541
worthwhile,3296415658,India: Pralhad Joshi showcases India's clean energy-led growth model at WEF 2026,2026-01-26,Newspapers,,656306,Asia News Monitor,Bangkok,,,https://www.proquest.com/docview/3296415658
worthwhile,3296417558,"India: Draft National Electricity Policy (NEP), 2026 Released For Public Consultation With Stakeholders",2026-01-26,Newspapers,,656306,Asia News Monitor,Bangkok,,,https://www.proquest.com/docview/3296417558
worthwhile,3296417953,"India: NITI Aayog releases three reports on green transition in cement, aluminium and MSME sectors",2026-01-26,Newspapers,,656306,Asia News Monitor,Bangkok,,,https://www.proquest.com/docview/3296417953
worthwhile,3296476603,Europe Prepares to Classify Nuclear and Natural Gas as Green,2022-01-04,Newspapers,"['Alderman, Liz', 'PRONCZUK, MONIKA']",45545,New York Times  (1923-),NEW YORK,NY,,https://www.proquest.com/docview/3296476603
risk,3296519108,Russia Is Not a Dying Petrostate. Yet,2022-01-28,Newspapers,"['O'Sullivan, Meghan L', 'Bordoff, Jason']",45545,New York Times  (1923-),NEW YORK,NY,,https://www.proquest.com/docview/3296519108
risk,3296525308,Crisis Curbs Push to Quit Russian Oil,2022-06-21,Newspapers,"['Alderman, Liz']",45545,New York Times  (1923-),NEW YORK,NY,,https://www.proquest.com/docview/3296525308
risk,3296581609,Ford should partially privatize Ontario Power Generation,2026-01-23,Newspapers,"['Schaufele, Brandon']",46323,The Globe and Mail,Toronto,Ontario,,https://www.proquest.com/docview/3296581609
worthwhile,3296729841,Budget 2026: Money matters for the air you breathe and water you drink,2026-01-24,Newspapers,"['Hajra, Shireen']",29263,The Economic Times,New Delhi,,,https://www.proquest.com/docview/3296729841
worthwhile,3296986819,"Budget 2026: Centre may roll out Rs 20,000 cr PLI scheme for nuclear components",2026-01-26,Newspapers,,105397,Financial Express,NEW DELHI,,,https://www.proquest.com/docview/3296986819
worthwhile,3297089698,"Cement, aluminium expansion to test India’s net-zero pathway",2026-01-26,Newspapers,,105397,Financial Express,NEW DELHI,,,https://www.proquest.com/docview/3297089698
worthwhile,3297090029,"Budget 2026: Centre may roll out Rs 20,000 cr PLI scheme for nuclear components",2026-01-26,Newspapers,,105397,Financial Express,NEW DELHI,,,https://www.proquest.com/docview/3297090029
worthwhile,3297138907,India: Two-Day Chintan Shivir-2026 Of Power Ministry Concludes,2026-01-27,Newspapers,,656306,Asia News Monitor,Bangkok,,,https://www.proquest.com/docview/3297138907
risk,3297194621,"Cement, aluminium expansion to test India’s net-zero pathway",2026-01-27,Newspapers,,105397,Financial Express,NEW DELHI,,,https://www.proquest.com/docview/3297194621
risk,3297479743,The Cold Snap Heats Up the Debate Over Coal vs. Wind,2026-01-27,Newspapers,"['Salzman, Avi']",2048938,Barron's (Online),South Brunswick,NJ,,https://www.proquest.com/docview/3297479743
unrelated,3297480492,"Not just EU, another jilted ally of the US is courting India",2026-01-28,Newspapers,,29263,The Economic Times,New Delhi,,,https://www.proquest.com/docview/3297480492
worthwhile,3297539750,LETTERS TO THE EDITOR,2026-01-28,Newspapers,,42763,The Australian,Surry Hills,NSW,,https://www.proquest.com/docview/3297539750
risk,3297614661,Mikie Sherrill's New Jersey Power Play,2026-01-28,Newspapers,,10482,Wall Street Journal,South Brunswick,NJ,,https://www.proquest.com/docview/3297614661
worthwhile,3297683103,"Budget session: President Murmu sets reform agenda, flags technology push and global trade shifts",2026-01-28,Newspapers,,75999,Mint,New Delhi,,,https://www.proquest.com/docview/3297683103
worthwhile,3297691583,Why we’ll inevitably lay waste to green power fantasy,2026-01-27,Newspapers,,636359,The Australian (Online),Surry Hills,NSW,,https://www.proquest.com/docview/3297691583
risk,3297947708,FROM NET ZERO TO NUCLEAR:,2026-01-29,Newspapers,,686317,City A.M.,Tunbridge Wells,,,https://www.proquest.com/docview/3297947708
risk,3298277188,The Power Behind the Next Phase of U.S. Growth,2026-01-29,Newspapers,,75999,Mint,New Delhi,,,https://www.proquest.com/docview/3298277188
worthwhile,3298551225,"Clean energy central to India’s growth, security and inclusion: PM’s Principal Secretary",2026-01-29,Newspapers,,105397,Financial Express,NEW DELHI,,,https://www.proquest.com/docview/3298551225
worthwhile,3298594564,Nuclear sector reforms to scale up atomic power capacity: PK Mishra,2026-01-30,Newspapers,,75994,The Pioneer,New Delhi,,,https://www.proquest.com/docview/3298594564
worthwhile,3298604176,"Clean energy central to India’s growth, security and inclusion: PM’s Principal Secretary",2026-01-30,Newspapers,,105397,Financial Express,NEW DELHI,,,https://www.proquest.com/docview/3298604176
worthwhile,3298775135,"India: India Adopts A Development-Centred, Whole-Of-Economy Climate Strategy: Integrates Adaptation, Mitigation And Behavioural Change Within Its Development Model, Says Economic Survey 2025-26",2026-02-02,Newspapers,,656306,Asia News Monitor,Bangkok,,,https://www.proquest.com/docview/3298775135
unrelated,3298785392,Reeves visits key research hub and hails 'unique strengths' of region,2026-01-31,Newspapers,"['Burn, Chris']",27174,The Yorkshire Post,Tunbridge Wells,,,https://www.proquest.com/docview/3298785392
unrelated,3298962568,Budget 2026 has an opportunity to support Viksit Bharat through renewable energy - What do experts expect?,2026-01-31,Newspapers,,75999,Mint,New Delhi,,,https://www.proquest.com/docview/3298962568
worthwhile,3298996421,Budget 2026: Will the government roll out more supportive measures for nuclear sector? Here's what analysts expect,2026-01-31,Newspapers,,75999,Mint,New Delhi,,,https://www.proquest.com/docview/3298996421
risk,3299178171,How creeping socialist price controls are perverting the economy,2026-02-01,Newspapers,"['Chan, Szu Ping']",1986348,Telegraph.co.uk,London,,,https://www.proquest.com/docview/3299178171
worthwhile,3299329567,Budget has good news for manufacturers in high-tech centres,2026-02-01,Newspapers,,55068,Indian Express,NEW DELHI,,,https://www.proquest.com/docview/3299329567
worthwhile,3299344067,"Budget 2026 impact: What gets cheaper, what gets costlier",2026-02-01,Newspapers,,105397,Financial Express,NEW DELHI,,,https://www.proquest.com/docview/3299344067
worthwhile,3299350418,"Custom duties rejig to boost domestic manufacturing, exports",2026-02-02,Newspapers,,866349,Businessline,Chennai,Tamil Nadu,,https://www.proquest.com/docview/3299350418
worthwhile,3299377108,"MNRE allocation jumps 24%, Budget sharpens India’s clean-energy push",2026-02-02,Newspapers,,105397,Financial Express,NEW DELHI,,,https://www.proquest.com/docview/3299377108
worthwhile,3299492905,"Excise duty exemption to lower nuclear, renewable project costs, boost private capex",2026-02-02,Newspapers,,105397,Financial Express,NEW DELHI,,,https://www.proquest.com/docview/3299492905
worthwhile,3299550047,Meta signs multi-gigawatt nuclear deals for AI data centers,2026-01-11,Newspapers,"['Wade, Will', 'Griffin, Riley']",46477,Philadelphia Tribune,Philadelphia,PA,,https://www.proquest.com/docview/3299550047
risk,3299550134,SNP told to scrap climate change plan over nuclear bar,2026-02-03,Newspapers,"['Amery, Rachel']",46325,The Scotsman,Edinburgh,,,https://www.proquest.com/docview/3299550134
worthwhile,3299556792,"Excise duty exemption to lower nuclear, renewable project costs, boost private capex",2026-02-03,Newspapers,,105397,Financial Express,NEW DELHI,,,https://www.proquest.com/docview/3299556792
worthwhile,3299597462,Investors bank on Miliband's battery bonanza,2026-02-03,Newspapers,,33554,The Daily Telegraph,Tonbridge,,,https://www.proquest.com/docview/3299597462
worthwhile,3299739413,Miliband’s battery subsidies are the next net zero gold rush,2026-02-03,Newspapers,"['Leake, Jonathan']",1986348,Telegraph.co.uk,London,,,https://www.proquest.com/docview/3299739413
worthwhile,3300036675,"India: Budget Proposals For Customs And Central Excise Aim To Further Simplify Tariff Structure, Support Domestic Manufacturing: Union Finance Minister",2026-02-04,Newspapers,,656306,Asia News Monitor,Bangkok,,,https://www.proquest.com/docview/3300036675
worthwhile,3300097722,Governor Pritzker Announces NANO Nuclear to Establish Operations in Illinois,2025-10-15,Newspapers,['Anonymous'],25879,Chicago Weekend,CHICAGO,IL,,https://www.proquest.com/docview/3300097722
worthwhile,3300098060,India Pours Over $10 Billion Into Rare Earths to Cut China Dependence,2026-02-03,Newspapers,,2040502,Yerepouni Daily News,Camden,DE,,https://www.proquest.com/docview/3300098060
unrelated,3300203257,"Budget 2026 pulls right levers amid tailwind from US, EU trade pacts: Experts",2026-02-04,Newspapers,,29263,The Economic Times,New Delhi,,,https://www.proquest.com/docview/3300203257
worthwhile,3300421078,Miliband paves way for Gates and Bezos-backed mini-nukes in UK,2026-02-04,Newspapers,"['Oliver, Matt']",1986348,Telegraph.co.uk,London,,,https://www.proquest.com/docview/3300421078
worthwhile,3300434555,India’s Nuclear Push: 3 Stocks Positioned for Long-Term Growth,2026-02-04,Newspapers,,105397,Financial Express,NEW DELHI,,,https://www.proquest.com/docview/3300434555
worthwhile,3300471294,"Tariffs tweaked, but customs reform remain",2026-02-04,Newspapers,,29618,The Hindustan Times,New Delhi,,,https://www.proquest.com/docview/3300471294
worthwhile,3300481552,United Kingdom: Government to unlock advanced nuclear to grow economy,2026-02-05,Newspapers,,656306,Asia News Monitor,Bangkok,,,https://www.proquest.com/docview/3300481552
unrelated,3300485622,"Jaishankar–Rubio talks signal strategic reset as India, US eye critical minerals pact",2026-02-05,Newspapers,,29265,The Times of India,New Delhi,,,https://www.proquest.com/docview/3300485622
worthwhile,3300751870,Clearway Energy Boasts 22 Consecutive Quarters Of Yield Increases,2026-02-05,Newspapers,"['Bell, Steven']",7122126,Investor's Business Daily (Online),South Brunswick,NJ,,https://www.proquest.com/docview/3300751870
worthwhile,3300785135,"Finland: 1,6 billion in EIB Group financing backed Finland's green transition and innovation in 2025",2026-02-06,Newspapers,,656306,Asia News Monitor,Bangkok,,,https://www.proquest.com/docview/3300785135
unrelated,3300794571,"European Union: For a stronger Europe - EIB Group invests 13billion in France in 2025 for climate action, security and innovation",2026-02-06,Newspapers,,656306,Asia News Monitor,Bangkok,,,https://www.proquest.com/docview/3300794571
worthwhile,3300894948,How the Canada growth fund is using public capital to unlock private ambitions,2026-02-05,Newspapers,"['Beaudoin, Yannick']",44893,Montreal Gazette,Toronto,Ontario,,https://www.proquest.com/docview/3300894948
worthwhile,3300895088,How the Canada growth fund is using public capital to unlock private ambitions,2026-02-05,Newspapers,"['Beaudoin, Yannick']",45458,National Post,Toronto,Ontario,,https://www.proquest.com/docview/3300895088
worthwhile,3300901878,Canada growth fund uses public capital to unlock private ambitions,2026-02-05,Newspapers,"['Beaudoin, Yannick']",44883,The Vancouver Sun,Toronto,Ontario,,https://www.proquest.com/docview/3300901878
unrelated,3301617790,European Union-India: Towards 2030: A Joint European Union-India Comprehensive Strategic Agenda,2026-02-10,Newspapers,,656306,Asia News Monitor,Bangkok,,,https://www.proquest.com/docview/3301617790
worthwhile,3302164215,India's cloud moment must be its clean-power moment,2026-02-10,Newspapers,,29618,The Hindustan Times,New Delhi,,,https://www.proquest.com/docview/3302164215
worthwhile,3302454467,Bahrain’s nuclear pivot: Why SMR model matters for Kingdom,2026-02-11,Newspapers,,50677,Oil & Gas News,Camden,DE,,https://www.proquest.com/docview/3302454467
risk,3302595758,How Argentina’s Lithium and Uranium Boom Could Undermine Its Energy Sovereignty,2026-02-11,Newspapers,,2040502,Yerepouni Daily News,Camden,DE,,https://www.proquest.com/docview/3302595758
risk,3302760839,Sensible climate policy requires growth and innovation,2026-02-11,Newspapers,"['Lomborg, Bjorn']",45458,National Post,Toronto,Ontario,,https://www.proquest.com/docview/3302760839
worthwhile,3303217394,"Scotland 'missed out on 5,000 jobs' over nuclear ban SNP policy chooses 'ideology over opportunity'",2026-02-13,Newspapers,"['Quinn, Andrew']",46325,The Scotsman,Edinburgh,,,https://www.proquest.com/docview/3303217394
worthwhile,3303444578,Locked in the volt: Does the future of AI hinge on nuclear power?,2026-02-13,Newspapers,,29618,The Hindustan Times,New Delhi,,,https://www.proquest.com/docview/3303444578
worthwhile,3303527022,"Renewables to dominate India’s grid by 2070, but ‘structural challenges’ are slowing the pace",2026-02-11,Newspapers,,55068,Indian Express,NEW DELHI,,,https://www.proquest.com/docview/3303527022
worthwhile,3303586438,India: India to triple nuclear power capacity by 2032:Union Minister Jitendra Singh,2026-02-16,Newspapers,,656306,Asia News Monitor,Bangkok,,,https://www.proquest.com/docview/3303586438
worthwhile,3303687018,We will need nuclear energy,2026-02-14,Newspapers,"['Wetzel, Daniel']",54211,Welt am Sonntag,Berlin,,,https://www.proquest.com/docview/3303687018
worthwhile,3303687057,The paradox of Trump's CO₂ turnaround,2026-02-14,Newspapers,"['Bojanowski, Axel']",54211,Welt am Sonntag,Berlin,,,https://www.proquest.com/docview/3303687057
worthwhile,3303864653,Locked in the volt,2026-02-15,Newspapers,,29618,The Hindustan Times,New Delhi,,,https://www.proquest.com/docview/3303864653
risk,3303906223,Labour's EU surrender,2026-02-15,Newspapers,,32356,The Sunday Telegraph,Tonbridge,,,https://www.proquest.com/docview/3303906223
risk,3304412147,Trump turns the page on decarbonization,2026-02-17,Newspapers,,2040502,Yerepouni Daily News,Camden,DE,,https://www.proquest.com/docview/3304412147
risk,3305148852,British Gas owner seeks to extend nuclear plants’ lifespans into 2030s,2026-02-19,Newspapers,"['Oliver, Matt']",1986348,Telegraph.co.uk,London,,,https://www.proquest.com/docview/3305148852
unrelated,3305166569,India: India - France Joint Statement,2026-02-20,Newspapers,,656306,Asia News Monitor,Bangkok,,,https://www.proquest.com/docview/3305166569
worthwhile,3305274086,British Gas owner seeks to extend nuclear plants' lifespans to 2030s,2026-02-20,Newspapers,,33554,The Daily Telegraph,Tonbridge,,,https://www.proquest.com/docview/3305274086
worthwhile,3305390712,Meralco to conduct SMR adoption study,2026-02-19,Newspapers,,2032451,Business Mirror,,,,https://www.proquest.com/docview/3305390712
worthwhile,3305523643,"European Union: Europe is strong in energy research but needs to improve commercialisation, new report says",2026-02-23,Newspapers,,656306,Asia News Monitor,Bangkok,,,https://www.proquest.com/docview/3305523643
worthwhile,3305918143,Mukul Agrawal vs Ashish Kacholia: Who wins India’s Rs 2 lakh crore nuclear awakening?,2026-02-22,Newspapers,,105397,Financial Express,NEW DELHI,,,https://www.proquest.com/docview/3305918143
worthwhile,3306230038,Energy growth and security in an increasingly disordered transition,2026-02-23,Newspapers,,38707,Cyprus Mail,Camden,DE,,https://www.proquest.com/docview/3306230038
worthwhile,3306389837,Canada: Minister Hodgson advances energy security and international partnerships in Poland and France,2026-02-24,Newspapers,,656306,Asia News Monitor,Bangkok,,,https://www.proquest.com/docview/3306389837
risk,3306507928,Cheap energy now — let’s go green later,2026-02-22,Newspapers,,4821768,Sunday Times,Saxonwold,,,https://www.proquest.com/docview/3306507928
worthwhile,3306696584,Scientists Develop Accelerator That Could Slash Nuclear Waste Lifespan by 99%,2026-02-24,Newspapers,,2040502,Yerepouni Daily News,Camden,DE,,https://www.proquest.com/docview/3306696584
risk,3306851066,Sizewell C power to cost almost double today's prices with overspend added to bills,2026-02-25,Newspapers,,33554,The Daily Telegraph,Tonbridge,,,https://www.proquest.com/docview/3306851066
risk,3306982312,Sizewell C power to cost almost double today’s prices,2026-02-25,Newspapers,"['Leake, Jonathan']",1986348,Telegraph.co.uk,London,,,https://www.proquest.com/docview/3306982312
risk,3307083677,"Tech Giants Are Paying Up to Power AI. These Utilities Will Be Big Winners. Electric companies are gaining the upper hand in deals with Alphabet, Amazon, and others.",2026-02-25,Newspapers,"['Salzman, Avi']",2048938,Barron's (Online),South Brunswick,NJ,,https://www.proquest.com/docview/3307083677
worthwhile,3307154462,Philippines: DOE sets new 'load-based' framework to guard grid reliability and energy transition,2026-02-26,Newspapers,,656306,Asia News Monitor,Bangkok,,,https://www.proquest.com/docview/3307154462
risk,3307260150,How will free-spending Ford pay for Ontario’s $400-billion nuclear plans?,2026-02-25,Newspapers,"['Winfield, Mark']",46323,The Globe and Mail,Toronto,Ontario,,https://www.proquest.com/docview/3307260150
risk,3307672069,"As Singapore considers nuclear energy, it’s time to ask the right questions",2026-02-26,Newspapers,,33108,The Straits Times,News Centre,,,https://www.proquest.com/docview/3307672069
risk,3308198449,Mothballed Hunterston B nuclear site may yet be revived,2026-03-01,Newspapers,"['Quinn, Andrew']",46327,Scotland on Sunday,Tunbridge Wells,,,https://www.proquest.com/docview/3308198449
unrelated,3308709531,S’pore to do more to extend lead in advanced manufacturing: DPM Gan,2026-03-02,Newspapers,"['Subhani, Ovais']",33108,The Straits Times,News Centre,,,https://www.proquest.com/docview/3308709531
worthwhile,3308718042,Meet the ‘Mazagon Dock’ of nuclear: 3 small-caps riding India’s Rs 2 lakh crore nuclear wave,2026-03-03,Newspapers,,105397,Financial Express,NEW DELHI,,,https://www.proquest.com/docview/3308718042
worthwhile,3309233541,India: India-Canada Joint Leaders' Statement,2026-03-05,Newspapers,,656306,Asia News Monitor,Bangkok,,,https://www.proquest.com/docview/3309233541
unrelated,3309234478,"Canada: The Honourable Tim Hodgson Minister of Energy and Natural Resources Canada's Mining Moment: Prosperity, Security and Sustainability Invest in Canada Day Prospectors &amp; Developers Association of Canada (PDAC) Convention 2026",2026-03-05,Newspapers,,656306,Asia News Monitor,Bangkok,,,https://www.proquest.com/docview/3309234478
unrelated,3309260524,"Companies will still face pressure to manage for climate change, even as government rolls back US climate policy",2025-04-11,Newspapers,"['Thorpe, Ethan I', 'Vandenbergh, Michael', 'Tzankova, Zdravka']",4977984,The Conversation : Environment + Energy,Boston,MA,,https://www.proquest.com/docview/3309260524
risk,3309263247,How the ‘Big Beautiful Bill’ positions US energy to be more costly for consumers and the climate,2025-06-10,Newspapers,"['Cohan, Daniel']",4977984,The Conversation : Environment + Energy,Boston,MA,,https://www.proquest.com/docview/3309263247
risk,3309263256,Federal energy office illustrates the perils of fluctuating budgets and priorities,2025-06-24,Newspapers,"['Khalaf, Christelle']",4977984,The Conversation : Environment + Energy,Boston,MA,,https://www.proquest.com/docview/3309263256
risk,3309603395,How the ‘Big Beautiful Bill’ positions US energy to be more costly for consumers and the climate,2025-06-10,Newspapers,"['Cohan, Daniel']",4977988,The Conversation U.S.,Boston,MA,,https://www.proquest.com/docview/3309603395
unrelated,3309604375,"Companies will still face pressure to manage for climate change, even as government rolls back US climate policy",2025-04-11,Newspapers,"['Thorpe, Ethan I', 'Vandenbergh, Michael', 'Tzankova, Zdravka']",4977988,The Conversation U.S.,Boston,MA,,https://www.proquest.com/docview/3309604375
risk,3309604808,Federal energy office illustrates the perils of fluctuating budgets and priorities,2025-06-24,Newspapers,"['Khalaf, Christelle']",4977988,The Conversation U.S.,Boston,MA,,https://www.proquest.com/docview/3309604808
unrelated,3310738593,"The week in charts: Stranded ships, GDP overhaul, GST mop-up, India EV push",2026-03-07,Newspapers,,75999,Mint,New Delhi,,,https://www.proquest.com/docview/3310738593
unrelated,3310787680,Prudence or backsliding? China’s new climate target mirrors shifting realities,2026-03-06,Newspapers,,33108,The Straits Times,News Centre,,,https://www.proquest.com/docview/3310787680
unrelated,3311132941,"India targets chip design self-reliance, eyes Indian MNC talent",2026-03-09,Newspapers,,75999,Mint,New Delhi,,,https://www.proquest.com/docview/3311132941
unrelated,3311398615,"As global trade rules falter, how can Australia protect itself from economic coercion?",2026-03-09,Newspapers,,5425109,EveningReport.nz,NEW DELHI,,,https://www.proquest.com/docview/3311398615
worthwhile,3311694970,"Reducing Europe’s nuclear energy sector was ‘strategic mistake’, EU chief says",2026-03-10,Newspapers,,38707,Cyprus Mail,Camden,DE,,https://www.proquest.com/docview/3311694970
worthwhile,3311901228,Brazil's Endorsement of the Declaration to Triple Nuclear Energy by 2050 - Joint Statement from the Ministry of Foreign Affairs and the Ministry of Mines and Energy,2026-03-10,Newspapers,,2050693,Brazil Business News,NEW DELHI,,,https://www.proquest.com/docview/3311901228
unrelated,3311944607,Alternative-Energy Funds Are Shooting Out the Lights,2026-03-11,Newspapers,"['Lewis, Braham']",2048938,Barron's (Online),South Brunswick,NJ,,https://www.proquest.com/docview/3311944607
worthwhile,3311979580,SHANTI Bill a ‘structural positive’ for India’s nuclear capacity expansion: Report,2026-03-11,Newspapers,,2029686,IANS English,Noida,,,https://www.proquest.com/docview/3311979580
unrelated,3312191077,"World: War fears, oil markets and EU energy battles",2026-03-12,Newspapers,,656306,Asia News Monitor,Bangkok,,,https://www.proquest.com/docview/3312191077
worthwhile,3312428642,"EU chief, Macron say Mideast war exposes Europe energy vulnerability",2026-03-11,Newspapers,,2040502,Yerepouni Daily News,Camden,DE,,https://www.proquest.com/docview/3312428642
worthwhile,3312590090,Brazil endorses the Declaration to Triple Nuclear Energy by 2050 — Joint press release by MRE/MME,2026-03-10,Newspapers,,2050693,Brazil Business News,NEW DELHI,,,https://www.proquest.com/docview/3312590090
worthwhile,3312641489,World News: EU Official Opposes Return to Russian Fossil Fuels,2026-03-12,Newspapers,"['Hancock, Edith']",10482,Wall Street Journal,South Brunswick,NJ,,https://www.proquest.com/docview/3312641489
risk,3313142343,World: Brussels backs mini-nuclear power plants to secure low-carbon power,2026-03-13,Newspapers,,656306,Asia News Monitor,Bangkok,,,https://www.proquest.com/docview/3313142343
worthwhile,3313284327,Bureaucra to Ic B Ttlenecks Are Hindering Progress of Offshore Wind Projects,2026-03-13,Newspapers,,27149,Irish Independent,London,,,https://www.proquest.com/docview/3313284327
risk,3313400467,Miliband reveals plans that could mean nuclear power plants built near homes,2026-03-13,Newspapers,"['Sweney, Mark', 'Horton, Helena']",35249,The Guardian,London,,,https://www.proquest.com/docview/3313400467
worthwhile,3313436022,Portugal: Portugal has no nuclear power plants. Is this a 'strategic mistake' in light of the energy crisis?,2026-03-16,Newspapers,,656306,Asia News Monitor,Bangkok,,,https://www.proquest.com/docview/3313436022
unrelated,3313511250,Alternative-Energy Funds Are Shooting Out the Lights,2026-03-14,Newspapers,"['Lewis, Braham']",2048938,Barron's (Online),South Brunswick,NJ,,https://www.proquest.com/docview/3313511250
worthwhile,3313542222,The India-Canada turnaround is about deliverables,2026-03-14,Newspapers,,866348,The Hindu,Chennai,Tamil Nadu,,https://www.proquest.com/docview/3313542222
unrelated,3313775388,Costs running up for Singapore businesses as Gulf conflict jacks up energy prices,2026-03-15,Newspapers,"['Tan, Elysia', 'Koh, Kim Xuan']",33677,The Business Times,News Centre,,,https://www.proquest.com/docview/3313775388
worthwhile,3314107304,United Kingdom: Overhaul of nuclear system to speed up building and cut costs,2026-03-17,Newspapers,,656306,Asia News Monitor,Bangkok,,,https://www.proquest.com/docview/3314107304
unrelated,3314528872,BCE plans to build AI data centre in Saskatchewan,2026-03-17,Newspapers,"['Galea, Irene', 'Castaldo, Joe']",46323,The Globe and Mail,Toronto,Ontario,,https://www.proquest.com/docview/3314528872
worthwhile,3318713193,The atom moves. Is India ready?,2026-03-17,Newspapers,,105397,Financial Express,NEW DELHI,,,https://www.proquest.com/docview/3318713193
worthwhile,3318792372,The atom moves. Is India ready?,2026-03-18,Newspapers,,105397,Financial Express,NEW DELHI,,,https://www.proquest.com/docview/3318792372
worthwhile,3319047374,Strengthening India’s path to power leadership: How India is energising a new growth story,2026-03-18,Newspapers,,105397,Financial Express,NEW DELHI,,,https://www.proquest.com/docview/3319047374
unrelated,3319053567,United Kingdom: Mais Lecture 2026,2026-03-19,Newspapers,,656306,Asia News Monitor,Bangkok,,,https://www.proquest.com/docview/3319053567
worthwhile,3319076556,"European Union: Remarks by Executive Vice-President Ribera and Commissioner J�rgensen on new measures on citizens and energy, clean energy investment and small modular reactors",2026-03-19,Newspapers,,656306,Asia News Monitor,Bangkok,,,https://www.proquest.com/docview/3319076556
worthwhile,3319076801,European Union: Commission presents measures to increase EU's energy independence and affordability,2026-03-19,Newspapers,,656306,Asia News Monitor,Bangkok,,,https://www.proquest.com/docview/3319076801
worthwhile,3319088058,"Forget fracking, we must get clean energy",2026-03-18,Newspapers,,27670,Derby Evening Telegraph,London,,,https://www.proquest.com/docview/3319088058
unrelated,3319546361,What does One Nation actually believe in?,2026-03-19,Newspapers,,5425109,EveningReport.nz,NEW DELHI,,,https://www.proquest.com/docview/3319546361
unrelated,3319576984,‘Grave Miscalculation’ — Oman Points to the Hidden Driver of America’s War on Iran,2026-03-19,Newspapers,,40347,Palestine Chronicle,Camden,DE,,https://www.proquest.com/docview/3319576984
unrelated,3320519123,Volatile oil prices speed up EV shift urgency,2026-03-23,Newspapers,"['Xu, William']",2030555,China Daily,BEIJING,,,https://www.proquest.com/docview/3320519123
worthwhile,3320608342,Cost of conflict: why oil and gas are Iran’s most lethal weapons,2026-03-22,Newspapers,"['Vasagar, Jeevan']",7421906,The Observer,Tunbridge Wells,,,https://www.proquest.com/docview/3320608342
worthwhile,3320756997,European Union: EU to invest 330 million to accelerate fusion energy and support nuclear technologies and skills,2026-03-24,Newspapers,,656306,Asia News Monitor,Bangkok,,,https://www.proquest.com/docview/3320756997
worthwhile,3320763967,World: Is Europe going to be forced to return to nuclear energy?,2026-03-24,Newspapers,,656306,Asia News Monitor,Bangkok,,,https://www.proquest.com/docview/3320763967
risk,3320882494,Britain risks missing out on the great coal revival,2026-03-24,Newspapers,,1986348,Telegraph.co.uk,London,,,https://www.proquest.com/docview/3320882494
risk,3320977073,King Coal Regains Crown as Iran War Rocks Markets,2026-03-24,Newspapers,,33554,The Daily Telegraph,Tonbridge,,,https://www.proquest.com/docview/3320977073
unrelated,3321011841,Middle classes set to miss out on Reeves energy bill support,2026-03-24,Newspapers,"['Penna, Dominic']",1986348,Telegraph.co.uk,London,,,https://www.proquest.com/docview/3321011841
unrelated,3321027531,"India: Bharat Electricity Summit 2026 Concludes with Strong Global Participation, Actionable Outcomes, and Roadmap for a Resilient, Future-ready Power Sector",2026-03-25,Newspapers,,656306,Asia News Monitor,Bangkok,,,https://www.proquest.com/docview/3321027531
worthwhile,3321391328,Constellation Energy Stock Is Down Amid Iran War. Why This Analyst Sees 30% Upside.,2026-03-25,Newspapers,"['Norton, Kit']",2048938,Barron's (Online),South Brunswick,NJ,,https://www.proquest.com/docview/3321391328
worthwhile,3321814383,United Kingdom: GBE-N Sign Collaboration Agreement with IACC,2026-03-27,Newspapers,,656306,Asia News Monitor,Bangkok,,,https://www.proquest.com/docview/3321814383
unrelated,3321814392,Singapore: Speech by Minister-in-charge of Energy and Science &amp; Technology in the Ministry of Trade and Industry Dr Tan See Leng at MTI Committee of Supply Debate 2026,2026-03-27,Newspapers,,656306,Asia News Monitor,Bangkok,,,https://www.proquest.com/docview/3321814392
worthwhile,3321887198,Kenya charts nuclear path to boost power,2026-03-26,Newspapers,,7498431,The Arabian Post,Camden,DE,,https://www.proquest.com/docview/3321887198
worthwhile,3321948995,West Asia war is a warning. It is also a window to securing India’s energy,2026-03-27,Newspapers,,55068,Indian Express,NEW DELHI,,,https://www.proquest.com/docview/3321948995
worthwhile,3322082103,"China doubles down on clean energy to buffer risks, achieve carbon targets",2026-03-27,Newspapers,,2032725,People's Daily,Beijing,,,https://www.proquest.com/docview/3322082103
worthwhile,3322135788,Southeast Asia revisits nuclear power plans for AI data centers,2026-03-27,Newspapers,,2040502,Yerepouni Daily News,Camden,DE,,https://www.proquest.com/docview/3322135788
worthwhile,3322271436,Vibrant City Hall is key to stronger CBD,2026-03-28,Newspapers,,42787,The Mercury,Surry Hills,NSW,,https://www.proquest.com/docview/3322271436
risk,3322423444,Billions for nuclear? Charles Santiago says betting big on solar is better for Malaysia's future,2026-03-27,Newspapers,,4371404,Malay Mail Online,,,,https://www.proquest.com/docview/3322423444
worthwhile,3322455410,Building a competitive power market to secure Việt Nam’s energy future,2026-03-28,Newspapers,,4371406,Viet Nam News,,,,https://www.proquest.com/docview/3322455410
risk,3322784883,Iran identifies five critical UAE energy and water facilities as potential targets amid rising tensions over Strait of Hormuz: Report,2026-03-27,Newspapers,,105397,Financial Express,NEW DELHI,,,https://www.proquest.com/docview/3322784883
worthwhile,3322841013,EU invests in fusion energy and nuclear research,2026-03-30,Newspapers,,38707,Cyprus Mail,Camden,DE,,https://www.proquest.com/docview/3322841013
risk,3322964104,Africa: Africa's nuclear power push faces big obstacles,2026-03-31,Newspapers,,656306,Asia News Monitor,Bangkok,,,https://www.proquest.com/docview/3322964104
worthwhile,3323003385,Nuclear power station cuts £2bn from energy costs since 2021,2026-03-31,Newspapers,"['Quinn, Andrew']",46325,The Scotsman,Edinburgh,,,https://www.proquest.com/docview/3323003385
worthwhile,3323154918,What’s Next When Gas Across Asia Runs Out?,2026-03-31,Newspapers,,45131,The New York Times,NEW YORK,NY,,https://www.proquest.com/docview/3323154918
unrelated,3324033577,Trump: We’ll leave Iran ‘very soon’,2026-04-01,Newspapers,"['Kelly, Kieran']",1986348,Telegraph.co.uk,London,,,https://www.proquest.com/docview/3324033577
unrelated,3324042014,The Sunrise Project funnels millions from overseas to push net zero,2026-03-31,Newspapers,"['Roberts, Greg']",636359,The Australian (Online),Surry Hills,NSW,,https://www.proquest.com/docview/3324042014
unrelated,3324107974,Oil-thirsty Asian nations seek Russian crude as Iran war strains supplies,2026-04-01,Newspapers,,2040502,Yerepouni Daily News,Camden,DE,,https://www.proquest.com/docview/3324107974
worthwhile,3324244846,Necsa seeks partners to develop small modular reactor technology in South Africa,2026-04-02,Newspapers,"['Dludla, Siphelele']",39818,The Star,Johannesburg,,,https://www.proquest.com/docview/3324244846
worthwhile,3324244901,Necsa seeks partners to develop small modular reactor technology in South Africa,2026-04-02,Newspapers,"['Dludla, Siphelele']",39814,The Mercury,Johannesburg,,,https://www.proquest.com/docview/3324244901
worthwhile,3324245603,Necsa seeks partners to develop small modular reactor technology in South Africa,2026-04-02,Newspapers,"['Dludla, Siphelele']",27299,Cape Times,Johannesburg,,,https://www.proquest.com/docview/3324245603
worthwhile,3324342751,South Korea Seeks Strategic Partnership With France in AI and Nuclear Energy,2026-04-02,Newspapers,,3930283,Khaama Press,New Delhi,,,https://www.proquest.com/docview/3324342751
unrelated,3324561295,The great capex handoff: Why India's private sector is finally ready to carry the baton,2026-04-02,Newspapers,,75999,Mint,New Delhi,,,https://www.proquest.com/docview/3324561295
unrelated,3324879085,"Korea, France fortify ties in biotech, eco-friendly energy, AI",2026-04-03,Newspapers,"['Min-hyung, Lee']",2046300,The Korea Times,Seoul,,,https://www.proquest.com/docview/3324879085
risk,3324890169,"Does Australia – and Anthony Albanese – have what it takes to drill, baby, drill?",2026-04-02,Newspapers,"['Graham, Lloyd']",636359,The Australian (Online),Surry Hills,NSW,,https://www.proquest.com/docview/3324890169
unrelated,3324896681,Russian oil in heavy demand as desperate Asia tackles energy shock,2026-04-03,Newspapers,,3930278,New Delhi Times,New Delhi,,,https://www.proquest.com/docview/3324896681
risk,3325170059,"TIME TO DRILL, BABY, DRILL?",2026-04-04,Newspapers,,42764,Weekend Australian,Surry Hills,NSW,,https://www.proquest.com/docview/3325170059
worthwhile,3325213472,In the shock lies an opportunity,2026-04-04,Newspapers,"['Eckert, Daniel']",54211,Welt am Sonntag,Berlin,,,https://www.proquest.com/docview/3325213472
unrelated,3325930630,"Indonesia can emerge as Korea’s energy, minerals hedge: commerce chamber head",2026-04-06,Newspapers,"['Gyu-lee, Lee']",2046300,The Korea Times,Seoul,,,https://www.proquest.com/docview/3325930630
worthwhile,3325940244,Scramble for energy control and dominance,2026-04-06,Newspapers,,2029773,The Standard,Camden,DE,,https://www.proquest.com/docview/3325940244
worthwhile,3326131769,Kenya shines with bold pitch for clean energy investment at global summit,2026-04-06,Newspapers,,2029750,Daily Nation,Camden,DE,,https://www.proquest.com/docview/3326131769
risk,3326598757,"Amid a war-linked energy crisis, the SNP clings to renewables delusions",2026-04-07,Newspapers,,45319,The Herald,Mc Lean,VA,,https://www.proquest.com/docview/3326598757
risk,3326914290,S’pore to boost fuel reserves; electricity prices will rise sharply if conflict goes on: Shanmugam,2026-04-07,Newspapers,"['Raguraman, Anjali']",33108,The Straits Times,News Centre,,,https://www.proquest.com/docview/3326914290
worthwhile,3327020416,India takes second leap towards energy security as Kalpakkam reactor achieves criticality,2026-04-08,Newspapers,,3882663,The Telegraph (India),NEW DELHI,,,https://www.proquest.com/docview/3327020416
worthwhile,3327240813,"Iran war will continue to be bad news for S’pore, but positives can be drawn from its response",2026-04-08,Newspapers,,33108,The Straits Times,News Centre,,,https://www.proquest.com/docview/3327240813
risk,3327657550,World: Can small nuclear reactors solve EU's energy woes?,2026-04-10,Newspapers,,656306,Asia News Monitor,Bangkok,,,https://www.proquest.com/docview/3327657550
risk,3327657644,World: Can small nuclear reactors solve EU's energy woes?,2026-04-10,Newspapers,,656306,Asia News Monitor,Bangkok,,,https://www.proquest.com/docview/3327657644
worthwhile,3328124057,France: From EV stations to heat pump grants: Inside France's 240m plan to reduce its fossil fuel reliance,2026-04-13,Newspapers,,656306,Asia News Monitor,Bangkok,,,https://www.proquest.com/docview/3328124057
risk,3328293863,Irreversible?,2026-04-11,Newspapers,,54211,Welt am Sonntag,Berlin,,,https://www.proquest.com/docview/3328293863
risk,3328445796,Bhabha's Dream: Can Thorium Make India Energy Sovereign?,2026-04-12,Newspapers,,2040515,The Sunday Guardian,New Delhi,,,https://www.proquest.com/docview/3328445796
worthwhile,3328588103,"L&amp;amp;T targets nuclear energy, expects 3x revenues in 5 years",2026-04-13,Newspapers,"['Pathak, Kalpana']",29263,The Economic Times,New Delhi,,,https://www.proquest.com/docview/3328588103
worthwhile,3328667504,"L&amp;T Targets Nuclear Energy, Expects 3x Revenues in 5 Yrs",2026-04-13,Newspapers,"['Pathak, Kalpana']",856332,The Economic Times (Online),New Delhi,,,https://www.proquest.com/docview/3328667504
risk,3328670948,Estonia races towards renewables for greater energy security – not because of the Iran war,2026-04-12,Newspapers,"['Lim, Janice']",33677,The Business Times,News Centre,,,https://www.proquest.com/docview/3328670948
worthwhile,3328751834,New England Considers the Nuclear Option,2026-04-10,Newspapers,"['Fowler, Andrew']",10482,Wall Street Journal,South Brunswick,NJ,,https://www.proquest.com/docview/3328751834
worthwhile,3329148111,"L&amp;T Targets Nuclear Energy, Expects 3x Revenues in 5 Years",2026-04-14,Newspapers,"['Pathak, Kalpana']",856332,The Economic Times (Online),New Delhi,,,https://www.proquest.com/docview/3329148111
worthwhile,3329210238,Reeves' Wealth Fund Boosts Rolls-Royce,2026-04-14,Newspapers,,26178,Daily Post,London,,,https://www.proquest.com/docview/3329210238
worthwhile,3329215314,Reeves' Wealth Fund Boosts Rolls-Royce,2026-04-14,Newspapers,,26179,Liverpool Echo,London,,,https://www.proquest.com/docview/3329215314
worthwhile,3329215944,Reeves' Wealth Fund Boosts Rolls-Royce,2026-04-14,Newspapers,,54997,Paisley Daily Express,London,,,https://www.proquest.com/docview/3329215944
worthwhile,3329217621,Reeves' Wealth Fund Boosts Rolls-Royce,2026-04-14,Newspapers,,26289,Journal,London,,,https://www.proquest.com/docview/3329217621
worthwhile,3329233656,Reeves' wealth fund boosts Rolls-Royce,2026-04-14,Newspapers,,25381,The Post,London,,,https://www.proquest.com/docview/3329233656
worthwhile,3329252589,Reeves' wealth fund boosts Rolls-Royce,2026-04-14,Newspapers,,27176,Western Daily Press,London,,,https://www.proquest.com/docview/3329252589
worthwhile,3329257541,Reeves' wealth fund boosts Rolls-Royce,2026-04-14,Newspapers,,27173,The Western Morning News,London,,,https://www.proquest.com/docview/3329257541
worthwhile,3329449190,Kick-starting the creation of green energy with deal,2026-04-14,Newspapers,"['Hawley, Zena']",27670,Derby Evening Telegraph,London,,,https://www.proquest.com/docview/3329449190
worthwhile,3329450451,Rolls-Royce deal kick-starts creation of new energy plants,2026-04-14,Newspapers,"['Hawley, Zena']",75978,Nottingham Evening Post,London,,,https://www.proquest.com/docview/3329450451
unrelated,3329589629,Europe and Asia fear that Trump’s Hormuz blockade will deepen the oil and gas shortage,2026-04-13,Newspapers,,5443742,EL PAÍS (America Edition),Miami,FL,,https://www.proquest.com/docview/3329589629
worthwhile,3329839684,The U.S. Is Making Major Strides Toward Nuclear Fuel Independence,2026-04-15,Newspapers,,2040502,Yerepouni Daily News,Camden,DE,,https://www.proquest.com/docview/3329839684
risk,3329871241,"Truckers of Ireland, the accidental climate warriors",2026-04-16,Newspapers,,27283,Irish Times,Dublin,,,https://www.proquest.com/docview/3329871241
worthwhile,3330267371,Solid-State Batteries Could Shatter China’s Grip on Global Energy Storage,2026-04-16,Newspapers,,2040502,Yerepouni Daily News,Camden,DE,,https://www.proquest.com/docview/3330267371
worthwhile,3330280406,UAE and Jereh forge clean energy push,2026-04-16,Newspapers,,7498431,The Arabian Post,Camden,DE,,https://www.proquest.com/docview/3330280406
worthwhile,3330323038,India’s big nuclear leap: How Stage 2 criticality at Kalpakkam will power the road to energy security,2026-04-17,Newspapers,"['Jain, Smriti', 'Vasistha, Yashasvi']",29265,The Times of India,New Delhi,,,https://www.proquest.com/docview/3330323038
worthwhile,3330770783,SHANTI Act workshop pushes fast-track steps to boost India’s nuclear capacity to 100 GW,2026-04-17,Newspapers,,2029686,IANS English,Noida,,,https://www.proquest.com/docview/3330770783
worthwhile,3330770938,"Orengo, Siaya leaders: We support planned nuclear plant, but...",2026-04-17,Newspapers,,2029750,Daily Nation,Camden,DE,,https://www.proquest.com/docview/3330770938
risk,3330858493,European Union: Commission opens in-depth investigation into Romanian State aid to support refurbishment of Cernavoda 1 nuclear reactor,2026-04-20,Newspapers,,656306,Asia News Monitor,Bangkok,,,https://www.proquest.com/docview/3330858493
worthwhile,3330862384,United Kingdom: Great British Energy - Nuclear and Rolls-Royce SMR sign contract,2026-04-20,Newspapers,,656306,Asia News Monitor,Bangkok,,,https://www.proquest.com/docview/3330862384
worthwhile,2640784513,Johnson 'frustrated' with Sunak over nuclear,2022-03-20,Newspapers,,32356,The Sunday Telegraph,Tonbridge,,,https://www.proquest.com/docview/2640784513
risk,2640788534,PH riding on 'nuclear energy renaissance',2022-03-20,Newspapers,,3930286,Manila Bulletin,New Delhi,,,https://www.proquest.com/docview/2640788534
risk,2640899431,My five ideas for solving the energy crisis,2022-03-21,Newspapers,,33554,The Daily Telegraph,Tonbridge,,,https://www.proquest.com/docview/2640899431
risk,2641023264,Boris Johnson frustrated with Rishi Sunak over ‘resistance’ to new nuclear power plants,2022-03-19,Newspapers,"['Malnick, Edward']",1986348,Telegraph.co.uk,London,,,https://www.proquest.com/docview/2641023264
risk,2641058642,Boris Johnson frustrated with Rishi Sunak over ‘resistance’ to new nuclear power plants,2022-03-20,Newspapers,"['Malnick, Edward']",1986348,Telegraph.co.uk,London,,,https://www.proquest.com/docview/2641058642
worthwhile,2641073558,Johnson announces aim for UK to get 25% of energy from nuclear power,2022-03-21,Newspapers,"['Jolly, Jasper', 'Davies, Rob']",35249,The Guardian,London,,,https://www.proquest.com/docview/2641073558
unrelated,2641166028,How a few geothermal plants could solve America's lithium supply crunch and boost the EV battery industry,2022-03-21,Newspapers,"['Jones, Bryant', 'McKibben, Michael']",4977986,The Conversation :  Economy + Business,Boston,MA,,https://www.proquest.com/docview/2641166028
unrelated,2641167976,How a few geothermal plants could solve America's lithium supply crunch and boost the EV battery industry,2022-03-21,Newspapers,"['Jones, Bryant', 'McKibben, Michael']",4977984,The Conversation : Environment + Energy,Boston,MA,,https://www.proquest.com/docview/2641167976
unrelated,2641170994,How a few geothermal plants could solve America's lithium supply crunch and boost the EV battery industry,2022-03-21,Newspapers,"['Jones, Bryant', 'McKibben, Michael']",4977988,The Conversation U.S.,Boston,MA,,https://www.proquest.com/docview/2641170994
worthwhile,2641201564,Boris Johnson prepares planning overhaul to speed up nuclear power plants,2022-03-21,Newspapers,"['Diver, Tony']",1986348,Telegraph.co.uk,London,,,https://www.proquest.com/docview/2641201564
worthwhile,2641201599,"'How many Foreign Secretaries does it take?', asks Nazanin Zaghari-Ratcliffe after six-year ordeal",2022-03-21,Newspapers,"['Penna, Dominic']",1986348,Telegraph.co.uk,London,,,https://www.proquest.com/docview/2641201599
risk,2641201752,My five ideas for solving the energy crisis,2022-03-21,Newspapers,"['Leadsom, Andrea']",1986348,Telegraph.co.uk,London,,,https://www.proquest.com/docview/2641201752
risk,2641203422,Johnson’s pursuit of nuclear power should concern us all,2022-03-22,Newspapers,"['Moore, James']",2042848,The Independent (Daily Edition),London,,,https://www.proquest.com/docview/2641203422
unrelated,2641236080,Ottawa to issue first green bonds this week,2022-03-22,Newspapers,"['Rendell, Mark']",46323,The Globe and Mail,Toronto,Ontario,,https://www.proquest.com/docview/2641236080
risk,2641310514,THE NUCLEAR OPTION,2022-03-22,Newspapers,"['Earl, Nicholas']",686317,City A.M.,Tunbridge Wells,,,https://www.proquest.com/docview/2641310514
unrelated,2641328630,'War has made people much more open to renewable energy',2022-03-22,Newspapers,"['Elliot, Francis']",4457156,i,London,,,https://www.proquest.com/docview/2641328630
risk,2641672231,Boris Johnson goes for nuclear option in energy drive,2022-03-22,Newspapers,"['Millard, Rachel']",1986348,Telegraph.co.uk,London,,,https://www.proquest.com/docview/2641672231
unrelated,2641729125,"Why Are Tesla, Volkswagen And Nio Scrambling For Graphite?",2022-03-23,Newspapers,,2040502,Yerepouni Daily News,Camden,DE,,https://www.proquest.com/docview/2641729125
worthwhile,2641902892,"Gov. Newsom's Zero Emissions Plan Ignores Blacks, Working Class, Advocates Say",2022-03-09,Newspapers,"['Otiko, Manny']",46342,Oakland Post,OAKLAND,CA,,https://www.proquest.com/docview/2641902892
unrelated,2642444458,World: What is the impact of the war in Ukraine on Europe's climate and energy policy?,2022-03-25,Newspapers,,656306,Asia News Monitor,Bangkok,,,https://www.proquest.com/docview/2642444458
worthwhile,2642941552,"Advocates: Gov. Newsom's Zero Emissions Plan Ignores It Blacks, Working Class",2022-03-11,Newspapers,"['Otiko, Manny']",45331,Sacramento Observer,SACRAMENTO,CA,,https://www.proquest.com/docview/2642941552
unrelated,2643062118,DAWN OF NEW WORLD ORDER,2022-03-26,Newspapers,,42764,Weekend Australian,Surry Hills,NSW,,https://www.proquest.com/docview/2643062118
risk,2643083906,Will War Make Europe’s Switch to Clean Energy Even Harder?,2022-03-24,Newspapers,"['Cohen, Patricia', 'Reed, Stanley']",45131,The New York Times,NEW YORK,NY,,https://www.proquest.com/docview/2643083906
unrelated,2643242839,Ukraine war heralds dawn of a new world order,2022-03-25,Newspapers,"['Sheridan, Greg']",636359,The Australian (Online),Surry Hills,NSW,,https://www.proquest.com/docview/2643242839
unrelated,2643275973,Live updates: Ukrainian official says Russians enter Slavutych; 30 attacks on medical facilities,2022-03-26,Newspapers,,2040512,The Malta Independent,Camden,DE,,https://www.proquest.com/docview/2643275973
unrelated,2643309333,"PM’s new push for oil and gas will ‘blow’ commitment to net zero, analysis shows",2022-03-27,Newspapers,"['Forrest, Adam']",2042848,The Independent (Daily Edition),London,,,https://www.proquest.com/docview/2643309333
unrelated,2643325114,Live updates: Russians in Czech Republic protesting invasion,2022-03-26,Newspapers,,2040512,The Malta Independent,Camden,DE,,https://www.proquest.com/docview/2643325114
unrelated,2643836471,"Unshackle drillers and let North Sea oil and gas flow, ministers told",2022-03-27,Newspapers,"['Millard, Rachel']",1986348,Telegraph.co.uk,London,,,https://www.proquest.com/docview/2643836471
risk,2643840342,"Nuclear power is back in the game, but remains a distant prospect for UK",2022-03-27,Newspapers,"['Davies, Rob']",47145,The Observer,London,,,https://www.proquest.com/docview/2643840342
unrelated,2644092518,"Singapore: Speech By Ms Low Yen Ling, Minister Of State, Ministry Of Trade And Industry, At 16 Th Lng Supplies For Asian Markets Conference 2022, At Fairmont Singapore",2022-03-29,Newspapers,,656306,Asia News Monitor,Bangkok,,,https://www.proquest.com/docview/2644092518
unrelated,2644182614,Middle East one of most vulnerable regions due to Russia-Ukraine war: IMF official,2022-03-28,Newspapers,"['Haboush, Joseph']",39181,AlArabiya.net,Camden,DE,,https://www.proquest.com/docview/2644182614
unrelated,2644201776,How to find which way the wind is blowing for the best Isa returns,2022-03-28,Newspapers,"['Hickey, Shane']",47145,The Observer,London,,,https://www.proquest.com/docview/2644201776
unrelated,2644408302,Singapore: Speech by MOS Low Yen Ling at 16th LNG Supplies for Asian Markets Conference 2022,2022-03-30,Newspapers,,656306,Asia News Monitor,Bangkok,,,https://www.proquest.com/docview/2644408302
unrelated,2644434259,Live updates: Ukraine says talks focusing on security guarantees,2022-03-29,Newspapers,,2040512,The Malta Independent,Camden,DE,,https://www.proquest.com/docview/2644434259
risk,2644503610,"Yes, Australia is buying a fleet of nuclear submarines. But nuclear-powered electricity must not come next",2021-09-20,Newspapers,,5425109,EveningReport.nz,NEW DELHI,,,https://www.proquest.com/docview/2644503610
risk,2644583589,Britain needs a huge expansion of wind and gas at the same time,2022-03-29,Newspapers,"['Evans-Pritchard, Ambrose']",1986348,Telegraph.co.uk,London,,,https://www.proquest.com/docview/2644583589
worthwhile,2644605478,"Sask. sets path to nuclear energy; If approved, first of up to four small reactors to open by 2034",2022-03-29,Newspapers,"['Simes, Jeremy']",27469,Leader Post,Toronto,Ontario,,https://www.proquest.com/docview/2644605478
worthwhile,2644722381,Why greater investments in oil and gas are needed to protect the economy from the impact of energy disruption,2022-03-29,Newspapers,"['Rawuf, Abdul']",39150,Arabianbusiness.com,Camden,DE,,https://www.proquest.com/docview/2644722381
worthwhile,2644812332,How the war could reset global economy,2022-03-30,Newspapers,"['Khanna, Vikram']",33108,The Straits Times,News Centre,,,https://www.proquest.com/docview/2644812332
unrelated,2644954460,Free-For-All In Helium Market Could Send Prices Sky-High,2022-03-30,Newspapers,,2040502,Yerepouni Daily News,Camden,DE,,https://www.proquest.com/docview/2644954460
worthwhile,2645203182,"Zero Emissions: Newsom's Plan Ignores Blacks, Working Class",2022-03-10,Newspapers,"['Otiko, Manny']",45332,Precinct Reporter,San Bernardino,CA,,https://www.proquest.com/docview/2645203182
risk,2646097357,Modular reactors are not the answer,2022-04-02,Newspapers,,44892,Toronto Star,Toronto,Ontario,,https://www.proquest.com/docview/2646097357
risk,2646580360,United Kingdom: More nuclear power in the UK will 'create high quality jobs' - so why is there so much opposition?,2022-04-04,Newspapers,,656306,Asia News Monitor,Bangkok,,,https://www.proquest.com/docview/2646580360
worthwhile,2646634196,"Boris needs to use British oil and gas reserves to get to Net Zero, says David Davis",2022-04-03,Newspapers,"['Davis, David']",2030468,Express (Online),London,,,https://www.proquest.com/docview/2646634196
unrelated,2646874681,World on course to miss global warming target,2022-04-05,Newspapers,"['Cuff, Madeleine']",4457156,i,London,,,https://www.proquest.com/docview/2646874681
worthwhile,2646874957,"Invasion Drives Countries To Green Energy, but Not Yet",2022-04-05,Newspapers,"['Strasburg, Jenny', 'Dvorak, Phred']",10482,Wall Street Journal,South Brunswick,NJ,,https://www.proquest.com/docview/2646874957
unrelated,2647025227,"Uranium ETF, IBD Stock Of The Day, Flashes Buy Signal Amid Russia-Ukraine War",2022-04-05,Newspapers,"['Narayanan, Aparna']",47008,IBD Weekly,South Brunswick,NJ,,https://www.proquest.com/docview/2647025227
worthwhile,2647037320,Ukraine war drives new push for renewable energy,2022-04-06,Newspapers,,42763,The Australian,Surry Hills,NSW,,https://www.proquest.com/docview/2647037320
risk,2647044217,Fracking ‘unlikely’ to be a major earthquake risk for UK,2022-04-05,Newspapers,"['Gatten, Emma']",1986348,Telegraph.co.uk,London,,,https://www.proquest.com/docview/2647044217
risk,2647071086,What to expect in the UK’s energy strategy to be published this week,2022-04-06,Newspapers,"['Davies, Rob']",35249,The Guardian,London,,,https://www.proquest.com/docview/2647071086
risk,2647143236,Energy realism and the implications for Singapore,2022-04-06,Newspapers,"['Doshi, Tilak']",33677,The Business Times,News Centre,,,https://www.proquest.com/docview/2647143236
worthwhile,2647440570,Atom-Nirbhar India: Nuclear energy is critical for the future. The civil liability clause deters foreign participation [Blogs],2022-04-07,Newspapers,,856331,Blogs (The Times of India Online Edition and The Economic Times Online Edition),New Delhi,,,https://www.proquest.com/docview/2647440570
risk,2647572005,PM to put nuclear power at heart of UK’s energy strategy,2022-04-07,Newspapers,"['Davies, Rob', 'Mason, Rowena']",35249,The Guardian,London,,,https://www.proquest.com/docview/2647572005
worthwhile,2647724720,"Advocates: Gov. Newsom's Zero Emissions Plan Ignores Blacks, Working Class",2022-03-10,Newspapers,"['Otiko, Manny']",26882,Sun Reporter,San Francisco,CA,,https://www.proquest.com/docview/2647724720
worthwhile,2647741294,Nuclear power could transform the US energy grid - but decades of roadblocks and rising prices are standing in the way,2022-04-07,Newspapers,,4682318,Business Insider,New York,NY,,https://www.proquest.com/docview/2647741294
unrelated,2647910151,‘Artificial’ rouble surges despite fresh Russia sanctions,2022-04-07,Newspapers,"['Warrington, James', 'Bottaro, Giulia']",1986348,Telegraph.co.uk,London,,,https://www.proquest.com/docview/2647910151
risk,2647920922,Boris reveals power strategy to help end fuel ‘blackmail’ but we face THREE years of pain,2022-04-07,Newspapers,,2030468,Express (Online),London,,,https://www.proquest.com/docview/2647920922
worthwhile,2647958296,Climate plan banks on energy transition,2022-04-08,Newspapers,"['Walsh, Marieke', 'Graney, Emma']",46323,The Globe and Mail,Toronto,Ontario,,https://www.proquest.com/docview/2647958296
risk,2647966599,SNP-Greens cement stand against 'risky' nuclear power,2022-04-08,Newspapers,,33554,The Daily Telegraph,Tonbridge,,,https://www.proquest.com/docview/2647966599
risk,2647969818,Strategy sets out huge ambition but fails to tackle demand,2022-04-08,Newspapers,"['Bol, David']",45319,The Herald,Mc Lean,VA,,https://www.proquest.com/docview/2647969818
risk,2648012780,PM to put nuclear power at heart of UK’s energy strategy,2022-04-08,Newspapers,"['Davies, Rob', 'Mason, Rowena']",35249,The Guardian,London,,,https://www.proquest.com/docview/2648012780
worthwhile,2648761106,Canada: Remarks by President Velshi at the United States Nuclear Industry Council Advanced Reactor Summit,2022-04-11,Newspapers,,656306,Asia News Monitor,Bangkok,,,https://www.proquest.com/docview/2648761106
risk,2648811618,Jim Ratcliffe attacks 'ignorant minority' in call for fracking freedom,2022-04-10,Newspapers,"['Millard, Rachel', 'Gill, Oliver']",1986348,Telegraph.co.uk,London,,,https://www.proquest.com/docview/2648811618
worthwhile,2648822604,Who will be the winners and losers in Singapore's energy transition?,2022-04-11,Newspapers,"['Quah, Michelle']",33677,The Business Times,News Centre,,,https://www.proquest.com/docview/2648822604
worthwhile,2648883238,Environmentalists Are Crushing Europe’s Energy Independence Ambitions,2022-04-11,Newspapers,,2040502,Yerepouni Daily News,Camden,DE,,https://www.proquest.com/docview/2648883238
worthwhile,2649017671,EDITORIAL / Power firms leaving market,2022-04-12,Newspapers,,736331,The Japan News,Tokyo,,,https://www.proquest.com/docview/2649017671
worthwhile,2649155369,Starmer: SNP need to embrace nuclear,2022-04-12,Newspapers,"['Hutcheon, Paul']",45311,Daily Record,London,,,https://www.proquest.com/docview/2649155369
worthwhile,2649175048,Labour: Nuclear must be part of UK energy mix,2022-04-12,Newspapers,"['Graham, Heather']",45357,Glasgow Times,Mc Lean,VA,,https://www.proquest.com/docview/2649175048
unrelated,2649179703,Labour calls for new nuclear power plants,2022-04-12,Newspapers,"['Green, Chris']",4457156,i,London,,,https://www.proquest.com/docview/2649179703
unrelated,2649433233,"Associate finance minister breaks down the budget; Questions remain on just how to get Albertans on board, chamber CEO says",2022-04-12,Newspapers,"['Aldrich, Josh']",46779,Edmonton Journal,Toronto,Ontario,,https://www.proquest.com/docview/2649433233
worthwhile,2649434166,"Associate finance minister breaks down the budget; Questions still remain on how to get Calgarians on board, chamber CEO says",2022-04-12,Newspapers,"['Aldrich, Josh']",47083,Calgary Herald,Toronto,Ontario,,https://www.proquest.com/docview/2649434166
unrelated,2650022294,"Canada's first green bond focuses investment on sustainable solutions, infrastructure, and jobs",2022-04-14,Newspapers,"['Hashempour, Parisa']",4682318,Business Insider,New York,NY,,https://www.proquest.com/docview/2650022294
unrelated,2650153979,"Low risk, low carbon: the case for nuclear",2022-04-15,Newspapers,"['Chivers, Tom']",4457156,i,London,,,https://www.proquest.com/docview/2650153979
worthwhile,2651342418,United States: DOE Announces Bipartisan Infrastructure Law Opportunities for Rural America,2022-04-18,Newspapers,,656306,Asia News Monitor,Bangkok,,,https://www.proquest.com/docview/2651342418
risk,2651412994,Energy bills will only fall if we learn from our many past mistakes,2022-04-17,Newspapers,"['Williams, Karl']",1986348,Telegraph.co.uk,London,,,https://www.proquest.com/docview/2651412994
risk,2651499230,We must learn from our past energy policy mistakes,2022-04-18,Newspapers,,33554,The Daily Telegraph,Tonbridge,,,https://www.proquest.com/docview/2651499230
worthwhile,2651635214,Unit 1 of Barakah Nuclear Energy Plant celebrates year on operation with significant wins for energy security,2022-04-18,Newspapers,,40133,Emirates News Agency (WAM),Camden,DE,,https://www.proquest.com/docview/2651635214
worthwhile,2651645941,One year of Barakah Nuclear Energy Plant’s operations: What it means,2022-04-18,Newspapers,,616372,Gulf News,Camden,DE,,https://www.proquest.com/docview/2651645941
worthwhile,2651921281,Further action needed to ease energy concerns,2022-04-19,Newspapers,"['Bratton, Matt']",26289,Journal,London,,,https://www.proquest.com/docview/2651921281
worthwhile,2652403978,How we're being persuaded to love wind farms,2022-04-19,Newspapers,"['Shute, Joe']",1986348,Telegraph.co.uk,London,,,https://www.proquest.com/docview/2652403978
worthwhile,2652424122,"Colin Wickens, Vice- Chairman, North Wales Business Club, on weaning ourselves off fossil fuels",2022-04-20,Newspapers,,26178,Daily Post,London,,,https://www.proquest.com/docview/2652424122
worthwhile,2652425282,How we're being persuaded to love wind farms,2022-04-20,Newspapers,,33554,The Daily Telegraph,Tonbridge,,,https://www.proquest.com/docview/2652425282
worthwhile,2652695867,"United States: DOE Seeks Applications, Bids for $6Billion Civil Nuclear Credit Program",2022-04-21,Newspapers,,656306,Asia News Monitor,Bangkok,,,https://www.proquest.com/docview/2652695867
worthwhile,2652811924,"Enec, World Utilities Congress sign strategic agreement",2022-04-21,Newspapers,,38562,TradeArabia,Camden,DE,,https://www.proquest.com/docview/2652811924
unrelated,2652966619,Why are people leaving teaching as a profession?,2022-04-21,Newspapers,,686519,Pontefract & Castleford Express,Tunbridge Wells,,,https://www.proquest.com/docview/2652966619
worthwhile,2653023345,Net zero strategy: The key policies in the Government's ambitious plan to be more sustainable,2022-04-21,Newspapers,"['Gatten, Emma']",1986348,Telegraph.co.uk,London,,,https://www.proquest.com/docview/2653023345
worthwhile,2653023375,Net zero strategy: The key policies in the Government's ambitious plan to be more sustainable,2022-04-21,Newspapers,"['Gatten, Emma']",1986348,Telegraph.co.uk,London,,,https://www.proquest.com/docview/2653023375
worthwhile,2653406786,Net zero strategy: The key policies in the Government's ambitious plan to be more sustainable,2022-04-22,Newspapers,"['Gatten, Emma']",1986348,Telegraph.co.uk,London,,,https://www.proquest.com/docview/2653406786
risk,2653458319,Cutting Russian gas imports is complicated,2022-04-23,Newspapers,"['Reguly, Eric']",46323,The Globe and Mail,Toronto,Ontario,,https://www.proquest.com/docview/2653458319
worthwhile,2653695930,TIME TO CONSIDER NUCLEAR OPTI ON,2022-04-24,Newspapers,"['McGuirk, Colm']",45309,Mail on Sunday,London,,,https://www.proquest.com/docview/2653695930
worthwhile,2653904143,POSITIVE NUCLEAR REACTION,2022-04-25,Newspapers,,42763,The Australian,Surry Hills,NSW,,https://www.proquest.com/docview/2653904143
risk,2654967936,Europe should not classify natural gas as green energy,2022-04-26,Newspapers,"['Cuffe, Ciarán']",27283,Irish Times,Dublin,,,https://www.proquest.com/docview/2654967936
worthwhile,2654978939,Climate Technology (A Special Report) --- The Technologies That Could Make All the Difference: We asked experts which innovations they think will be most transformative in addressing climate change. Their answers were wide-ranging -- and hopeful.,2022-04-26,Newspapers,"['Price, Patricia']",10482,Wall Street Journal,South Brunswick,NJ,,https://www.proquest.com/docview/2654978939
unrelated,2655068248,30 and counting: tracing Ninh Thuens impressive growth trajectory,2022-04-10,Newspapers,,4371406,Viet Nam News,,,,https://www.proquest.com/docview/2655068248
unrelated,2655970581,Infrastructure bank CEO welcomes investment in EV charging stations,2022-04-28,Newspapers,"['Curry, Bill']",46323,The Globe and Mail,Toronto,Ontario,,https://www.proquest.com/docview/2655970581
risk,2656197690,The price of Putin’s invasion,2022-04-28,Newspapers,"['Naidoo-McCarthy, Horacia']",4821771,Financial Mail,Saxonwold,,,https://www.proquest.com/docview/2656197690
worthwhile,2656472565,Extinction Rebellion is adding to our energy woes,2022-04-29,Newspapers,,33554,The Daily Telegraph,Tonbridge,,,https://www.proquest.com/docview/2656472565
unrelated,2656857150,United States: Remarks by President Biden on the Request to Congress for Additional Funding to Support Ukraine,2022-05-02,Newspapers,,656306,Asia News Monitor,Bangkok,,,https://www.proquest.com/docview/2656857150
worthwhile,2656967177,Extinction Rebellion is only adding to our energy woes,2022-04-29,Newspapers,"['Marlow, Ben']",1986348,Telegraph.co.uk,London,,,https://www.proquest.com/docview/2656967177
unrelated,2658208623,"Election 2022: Head rules heart in era of inflation, global uncertainty",2022-05-01,Newspapers,"['Oriel, Jennifer']",636359,The Australian (Online),Surry Hills,NSW,,https://www.proquest.com/docview/2658208623
worthwhile,2658481510,Energy Security And Geopolitics: Why Nuclear Power Makes Sense,2022-05-02,Newspapers,,2044881,The Daily Trust,Camden,DE,,https://www.proquest.com/docview/2658481510
unrelated,2658936889,What the region must beware of in its pursuit of a fair and equitable energy transition,2022-05-04,Newspapers,,26858,South China Morning Post,Hong Kong,,,https://www.proquest.com/docview/2658936889
risk,2659210210,Incoming gov't set to bolster support for ESG management,2022-05-04,Newspapers,"['Whan-woo, Yi']",2046300,The Korea Times,Seoul,,,https://www.proquest.com/docview/2659210210
worthwhile,2659299248,United States: ICYMI - Secretary Granholm Visited Michigan to Announce $3.16 Billion for Domestic Battery Production and Tout Benefits of American Manufacturing,2022-05-05,Newspapers,,656306,Asia News Monitor,Bangkok,,,https://www.proquest.com/docview/2659299248
risk,2660284464,A DIRTY PLAN,2022-05-07,Newspapers,,44892,Toronto Star,Toronto,Ontario,,https://www.proquest.com/docview/2660284464
risk,2661735735,Energy crisis threatens to drag on past 2030 as new nuclear plan to be unveiled today,2022-05-10,Newspapers,"['Randall, Ian']",2030468,Express (Online),London,,,https://www.proquest.com/docview/2661735735
unrelated,2661807449,About Alternative Energy in the Middle East,2022-05-10,Newspapers,,26247,Al Bawaba,Camden,DE,,https://www.proquest.com/docview/2661807449
risk,2661812826,KINGDOM SETS ON TRANSITION PATH,2022-05-11,Newspapers,,50677,Oil & Gas News,Camden,DE,,https://www.proquest.com/docview/2661812826
risk,2662156630,A Fight Over America’s Energy Future Erupts on the Canadian Border,2022-05-10,Newspapers,"['Gelles, David', 'Renaud, Philippe']",45131,The New York Times,NEW YORK,NY,,https://www.proquest.com/docview/2662156630
risk,2663747004,CAUGHT IN A CLIMATE TRAP,2022-05-14,Newspapers,,42764,Weekend Australian,Surry Hills,NSW,,https://www.proquest.com/docview/2663747004
worthwhile,2663813405,"January 31, 2022 (Page A10)",2022-01-31,Newspapers,,2047932,Toronto Star (2010-),Toronto,Ontario,,https://www.proquest.com/docview/2663813405
risk,2663813833,"February 3, 2022 (Page B4)",2022-02-03,Newspapers,,2047932,Toronto Star (2010-),Toronto,Ontario,,https://www.proquest.com/docview/2663813833
worthwhile,2663860015,Wylfa has 'fantastic future' as three countries show interest,2022-05-14,Newspapers,"['Hughes, Owen']",26175,Western Mail,London,,,https://www.proquest.com/docview/2663860015
risk,2663918644,Poisoned legacy: why the future of power can’t be nuclear,2022-05-14,Newspapers,"['Plokhy, Serhii']",35249,The Guardian,London,,,https://www.proquest.com/docview/2663918644
worthwhile,2664026964,Liberals playing politics with pretence Australia can change global climate,2022-05-13,Newspapers,"['Kenny, Chris']",636359,The Australian (Online),Surry Hills,NSW,,https://www.proquest.com/docview/2664026964
risk,2664324559,Poisoned legacy: why the future of power can’t be nuclear,2022-05-15,Newspapers,"['Plokhy, Serhii']",35249,The Guardian,London,,,https://www.proquest.com/docview/2664324559
unrelated,2664535240,"United States: ASEAN-U.S. Special Summit 2022, Joint Vision Statement",2022-05-16,Newspapers,,656306,Asia News Monitor,Bangkok,,,https://www.proquest.com/docview/2664535240
risk,2664753631,How far must the West push for green energy?,2022-05-16,Newspapers,"['Murungi, Paul']",2029901,Daily Monitor,Camden,DE,,https://www.proquest.com/docview/2664753631
unrelated,2664809389,"ASEAN/United States: ASEAN, US look to comprehensive strategic partnership",2022-05-17,Newspapers,,656306,Asia News Monitor,Bangkok,,,https://www.proquest.com/docview/2664809389
unrelated,2664809418,"ASEAN: Joint Vision Statement of The ASEAN-U.S. Special Summit, 2022",2022-05-17,Newspapers,,656306,Asia News Monitor,Bangkok,,,https://www.proquest.com/docview/2664809418
unrelated,2664813140,"ASEAN-United States: ASEAN-U.S. Special Summit 2022, Joint Vision Statement",2022-05-17,Newspapers,,656306,Asia News Monitor,Bangkok,,,https://www.proquest.com/docview/2664813140
unrelated,2665172884,"Voters Guide Primary Election May 17,2022",2022-04-27,Newspapers,['Anonymous'],29169,New Pittsburgh Courier,DETROIT,MI,,https://www.proquest.com/docview/2665172884
worthwhile,2666420704,Current crisis could spur nations to invest in nuclear source: Expert,2022-05-19,Newspapers,,33108,The Straits Times,News Centre,,,https://www.proquest.com/docview/2666420704
unrelated,2666596675,European Union: May Infringements package: key decisions,2022-05-20,Newspapers,,656306,Asia News Monitor,Bangkok,,,https://www.proquest.com/docview/2666596675
worthwhile,2666679801,Nuclear power gets energetic push,2022-05-20,Newspapers,"['Zheng, Xin']",2030588,China Daily,BEIJING,,,https://www.proquest.com/docview/2666679801
unrelated,2667070773,"February 12, 2022 (Page B5)",2022-02-12,Newspapers,,2047932,Toronto Star (2010-),Toronto,Ontario,,https://www.proquest.com/docview/2667070773
risk,2667164157,Concern over UK energy generation as plants close,2022-05-21,Newspapers,,27176,Western Daily Press,London,,,https://www.proquest.com/docview/2667164157
unrelated,2667471512,United States: Remarks by President Biden and President Yoon Suk Yeol of the Republic of Korea in Joint Press Conference,2022-05-23,Newspapers,,656306,Asia News Monitor,Bangkok,,,https://www.proquest.com/docview/2667471512
worthwhile,2667831754,United States/Philippies: US-Asean Summit sends strong signal to invest in PH,2022-05-24,Newspapers,,656306,Asia News Monitor,Bangkok,,,https://www.proquest.com/docview/2667831754
unrelated,2667884887,United States /Japan: Japan-U.S. Joint Leaders' Statement: Strengthening the Free and Open International Order,2022-05-24,Newspapers,,656306,Asia News Monitor,Bangkok,,,https://www.proquest.com/docview/2667884887
worthwhile,2667884914,United States: U.S.- Japan Climate Partnership,2022-05-24,Newspapers,,656306,Asia News Monitor,Bangkok,,,https://www.proquest.com/docview/2667884914
unrelated,2667885147,United States: FACT SHEET - The U.S.-Japan Competitiveness and Resilience (CoRe) Partnership,2022-05-24,Newspapers,,656306,Asia News Monitor,Bangkok,,,https://www.proquest.com/docview/2667885147
unrelated,2667946913,"Millions ‘knocking on starvation’s door’ after Ukraine war, warns UN",2022-05-23,Newspapers,"['Warrington, James', 'Boland, Hannah']",1986348,Telegraph.co.uk,London,,,https://www.proquest.com/docview/2667946913
risk,2668083390,Why Are Environmentalists Pushing Back Against Nuclear Energy?,2022-05-24,Newspapers,,2040502,Yerepouni Daily News,Camden,DE,,https://www.proquest.com/docview/2668083390
unrelated,2668126964,US-ASEAN ties to be upgraded to Comprehensive Strategic Partnership in November: Statement,2022-05-14,Newspapers,,4371406,Viet Nam News,,,,https://www.proquest.com/docview/2668126964
worthwhile,2669497385,ETF rivals jostle to lure green energy investors,2022-05-27,Newspapers,,2040384,The Australian Financial Review,Pyrmont,NSW,,https://www.proquest.com/docview/2669497385
worthwhile,2669737948,Uranium and solar ETFs about to hit the bourse,2022-05-27,Newspapers,,42763,The Australian,Surry Hills,NSW,,https://www.proquest.com/docview/2669737948
risk,2669773930,Debate continues over merits of small nuclear reactors in Montana,2022-05-26,Newspapers,"['Drake, Phil']",45746,Missoulian,Missoula,MT,,https://www.proquest.com/docview/2669773930
risk,2670492072,Cross Country: Why Electricity Blackouts Are Coming to Michigan,2022-05-28,Newspapers,"['Hayes, Jason']",10482,Wall Street Journal,South Brunswick,NJ,,https://www.proquest.com/docview/2670492072
unrelated,2670680642,"Japan 1970s, not USA 1970s, is the better guide to what lies ahead for India [Stock in news]",2022-05-29,Newspapers,"['Mukherjea, Saurabh']",29263,The Economic Times,New Delhi,,,https://www.proquest.com/docview/2670680642
unrelated,2670727540,Harnessing the sun,2022-05-29,Newspapers,"['Cutts, Steven']",2042848,The Independent (Daily Edition),London,,,https://www.proquest.com/docview/2670727540
risk,2671122236,Johnson's nuclear plan hit by reactor safety row,2022-05-30,Newspapers,,33554,The Daily Telegraph,Tonbridge,,,https://www.proquest.com/docview/2671122236
worthwhile,2671229917,Vietnam: Vietnam likely to consider nuclear power development,2022-05-31,Newspapers,,656306,Asia News Monitor,Bangkok,,,https://www.proquest.com/docview/2671229917
unrelated,2671396902,Major Breakthrough in Search To Develop “Clean Gas” Energy Source,2022-05-31,Newspapers,,5425108,LiveNews.co.nz,NEW DELHI,,,https://www.proquest.com/docview/2671396902
unrelated,2671425611,Nats want bigger Coalition hand,2022-05-31,Newspapers,,42763,The Australian,Surry Hills,NSW,,https://www.proquest.com/docview/2671425611
unrelated,2671428664,Nats want bigger Coalition hand,2022-05-31,Newspapers,,42763,The Australian,Surry Hills,NSW,,https://www.proquest.com/docview/2671428664
unrelated,2671430304,Nats want bigger Coalition hand,2022-05-31,Newspapers,,42763,The Australian,Surry Hills,NSW,,https://www.proquest.com/docview/2671430304
unrelated,2671573974,Nationals want bigger Coalition hand,2022-05-30,Newspapers,"['Maddison, Max']",636359,The Australian (Online),Surry Hills,NSW,,https://www.proquest.com/docview/2671573974
risk,2673030237,"After windfall tax U-turn, Sunak sets his sights on another cash cow",2022-06-04,Newspapers,"['Millard, Rachel']",1986348,Telegraph.co.uk,London,,,https://www.proquest.com/docview/2673030237
worthwhile,2673030344,Wind farm and nuclear electricity could be exempt from windfall tax,2022-06-04,Newspapers,"['Malnick, Edward']",1986348,Telegraph.co.uk,London,,,https://www.proquest.com/docview/2673030344
risk,2673042204,Renewable firms warn Sunak his windfall tax risks energy targets,2022-06-05,Newspapers,,32356,The Sunday Telegraph,Tonbridge,,,https://www.proquest.com/docview/2673042204
worthwhile,2673043239,Wind farms may be exempt from energy tax,2022-06-05,Newspapers,,32356,The Sunday Telegraph,Tonbridge,,,https://www.proquest.com/docview/2673043239
worthwhile,2673245216,Energy crisis: Sunak eyes U-turn on £5bn windfall tax plan as firms poised to dodge levy,2022-06-05,Newspapers,"['Jacob, Paul']",2030468,Express (Online),London,,,https://www.proquest.com/docview/2673245216
worthwhile,2673293099,Why Nuclear Energy Is More Relevant Than Ever,2022-06-06,Newspapers,,2040502,Yerepouni Daily News,Camden,DE,,https://www.proquest.com/docview/2673293099
worthwhile,2673990767,Japan's 'new capitalism' unlikely to address the country's old problems,2022-06-09,Newspapers,,2040384,The Australian Financial Review,Pyrmont,NSW,,https://www.proquest.com/docview/2673990767
worthwhile,2674154452,Nuclear power could be 'holy grail' for the oilsands to reach net-zero,2022-06-08,Newspapers,"['Varcoe, Chris']",47083,Calgary Herald,Toronto,Ontario,,https://www.proquest.com/docview/2674154452
risk,2674486137,Can nuclear energy come back from the grave?,2022-06-09,Newspapers,,28541,Gulf Times,Camden,DE,,https://www.proquest.com/docview/2674486137
unrelated,2675361030,Maritimes sluggish on green shift,2022-06-11,Newspapers,"['Gibson, Sachi']",44319,Chronicle - Herald,Toronto,Ontario,,https://www.proquest.com/docview/2675361030
worthwhile,2675893316,"APICORP: MENA Energy Investments Set For Healthy Growth Of 9% Over The Next Five Years, To Reach Usd 879 Billion",2022-06-14,Newspapers,,26247,Al Bawaba,Camden,DE,,https://www.proquest.com/docview/2675893316
worthwhile,2675902583,MENA five-year energy investments to top $879bn,2022-06-14,Newspapers,,38562,TradeArabia,Camden,DE,,https://www.proquest.com/docview/2675902583
risk,2675946509,ELECTRICITY AND DEVELOPMENT - West is hypocritical in pushing SA to wean itself off coal.,2022-06-01,Newspapers,"['Bahlmann, Andrew']",4821773,Business Day,Saxonwold,,,https://www.proquest.com/docview/2675946509
worthwhile,2676137697,"United Kingdom: Kwarteng advances plans for funding new nuclear projects, including Sizewell C",2022-06-15,Newspapers,,656306,Asia News Monitor,Bangkok,,,https://www.proquest.com/docview/2676137697
worthwhile,2676518201,Affordable transition to clean energy vital: Indonesian minister,2022-06-15,Newspapers,"['Pachymuthu, Luke']",33108,The Straits Times,News Centre,,,https://www.proquest.com/docview/2676518201
risk,2676909403,Letters,2022-06-17,Newspapers,,43154,The Age,Sydney,New South Wales,,https://www.proquest.com/docview/2676909403
risk,2677192022,Labor faces carbon fight on all fronts,2022-06-17,Newspapers,,42763,The Australian,Surry Hills,NSW,,https://www.proquest.com/docview/2677192022
risk,2677192026,Out in the cold without reliable baseload power,2022-06-17,Newspapers,,42763,The Australian,Surry Hills,NSW,,https://www.proquest.com/docview/2677192026
worthwhile,2677192200,LETTERS TO THE EDITOR,2022-06-17,Newspapers,,42763,The Australian,Surry Hills,NSW,,https://www.proquest.com/docview/2677192200
risk,2677192330,Labor faces carbon fight on all fronts,2022-06-17,Newspapers,,42763,The Australian,Surry Hills,NSW,,https://www.proquest.com/docview/2677192330
risk,2677193704,Labor faces carbon fight on all fronts,2022-06-17,Newspapers,,42763,The Australian,Surry Hills,NSW,,https://www.proquest.com/docview/2677193704
risk,2677462331,Carbon fight on all fronts for Labor,2022-06-16,Newspapers,,636359,The Australian (Online),Surry Hills,NSW,,https://www.proquest.com/docview/2677462331
worthwhile,2677595147,Stranded between climate virtue and powerless pain,2022-06-16,Newspapers,,636359,The Australian (Online),Surry Hills,NSW,,https://www.proquest.com/docview/2677595147
risk,2677607189,Energy crisis should spur renewables push,2022-06-18,Newspapers,,43154,The Age,Sydney,New South Wales,,https://www.proquest.com/docview/2677607189
risk,2677748937,Out in the cold without reliable baseload power,2022-06-16,Newspapers,,636359,The Australian (Online),Surry Hills,NSW,,https://www.proquest.com/docview/2677748937
unrelated,2677951177,Credit Suisse warns of ‘new world order’ in markets,2022-06-17,Newspapers,"['Warrington, James', 'Bottaro, Giulia']",1986348,Telegraph.co.uk,London,,,https://www.proquest.com/docview/2677951177
unrelated,2678014284,Sustainability doesn't mean sacrifice,2022-06-18,Newspapers,,44892,Toronto Star,Toronto,Ontario,,https://www.proquest.com/docview/2678014284
risk,2678136665,Paying the price for decades of nuclear neglect,2022-06-19,Newspapers,,32356,The Sunday Telegraph,Tonbridge,,,https://www.proquest.com/docview/2678136665
risk,2678517333,Nuclear power will never be the answer,2022-06-21,Newspapers,,636431,The Daily Advertiser,Canberra ACT,,,https://www.proquest.com/docview/2678517333
risk,2678517335,Nuclear power will never be the answer,2022-06-21,Newspapers,,636431,The Daily Advertiser,Canberra ACT,,,https://www.proquest.com/docview/2678517335
risk,2678517393,Nuclear power will never be the answer,2022-06-21,Newspapers,,636431,The Daily Advertiser,Canberra ACT,,,https://www.proquest.com/docview/2678517393
risk,2678577898,French Nuclear Power Crisis Frustrates Europe’s Push to Quit Russian Energy,2022-06-19,Newspapers,"['Alderman, Liz']",45131,The New York Times,NEW YORK,NY,,https://www.proquest.com/docview/2678577898
unrelated,2678623231,UAE's leadership supports transformation of industrial sector into global manufacturing hub: Sultan Al Jaber,2022-06-21,Newspapers,,40133,Emirates News Agency (WAM),Camden,DE,,https://www.proquest.com/docview/2678623231
unrelated,2678750309,UAE large firms commit to buy $30bn local products,2022-06-21,Newspapers,,38562,TradeArabia,Camden,DE,,https://www.proquest.com/docview/2678750309
worthwhile,2678986830,Nuclear start-up seeks to turn Britain waste plutonium into clean energy,2022-06-21,Newspapers,"['Mustoe, Howard']",1986348,Telegraph.co.uk,London,,,https://www.proquest.com/docview/2678986830
worthwhile,2679009237,Plan to build mini reactors running on nuclear waste,2022-06-22,Newspapers,,33554,The Daily Telegraph,Tonbridge,,,https://www.proquest.com/docview/2679009237
worthwhile,2679009289,Plan to build mini reactors running on nuclear waste,2022-06-22,Newspapers,,33554,The Daily Telegraph,Tonbridge,,,https://www.proquest.com/docview/2679009289
risk,2679106906,Nuclear plants hope to double output in U.S.,2022-06-22,Newspapers,,44892,Toronto Star,Toronto,Ontario,,https://www.proquest.com/docview/2679106906
risk,2679428530,We can secure our energy and move to renewables,2022-06-23,Newspapers,,42763,The Australian,Surry Hills,NSW,,https://www.proquest.com/docview/2679428530
risk,2679707384,We can secure our energy and move to renewables,2022-06-22,Newspapers,,636359,The Australian (Online),Surry Hills,NSW,,https://www.proquest.com/docview/2679707384
worthwhile,2679821889,'Now is the time to act on climate change',2022-06-23,Newspapers,"['Finch, Hannah']",27974,Express & Echo,London,,,https://www.proquest.com/docview/2679821889
risk,2679927945,Letters to the Editor,2022-06-24,Newspapers,,42763,The Australian,Surry Hills,NSW,,https://www.proquest.com/docview/2679927945
risk,2680042306,Lost Expertise Challenges Nuclear Power's Comeback --- Projects already under way are years late and billions over budget,2022-06-24,Newspapers,"['Dalton, Matthew']",10482,Wall Street Journal,South Brunswick,NJ,,https://www.proquest.com/docview/2680042306
risk,2680230803,The renewables campaign is fact-lite wishful thinking,2022-06-23,Newspapers,,636359,The Australian (Online),Surry Hills,NSW,,https://www.proquest.com/docview/2680230803
worthwhile,2680425147,LETTERS TO THE EDITOR,2022-06-25,Newspapers,,42764,Weekend Australian,Surry Hills,NSW,,https://www.proquest.com/docview/2680425147
risk,2680425259,Power poverty the deadly cost of climate zealotry,2022-06-25,Newspapers,,42764,Weekend Australian,Surry Hills,NSW,,https://www.proquest.com/docview/2680425259
risk,2680439909,Russia Crimps Gas Flows Just as Europe Races to Stock Up for Winter,2022-06-23,Newspapers,"['Reed, Stanley', 'Eddy, Melissa']",45131,The New York Times,NEW YORK,NY,,https://www.proquest.com/docview/2680439909
risk,2680594917,Let Victoria be the canary in the renewables coalmine,2022-06-24,Newspapers,,636359,The Australian (Online),Surry Hills,NSW,,https://www.proquest.com/docview/2680594917
risk,2680595109,Power poverty the deadly cost of climate zealotry,2022-06-24,Newspapers,,636359,The Australian (Online),Surry Hills,NSW,,https://www.proquest.com/docview/2680595109
unrelated,2680644921,Numbers all add up to a nuclear future,2022-06-26,Newspapers,,42790,Sunday Telegraph,Surry Hills,NSW,,https://www.proquest.com/docview/2680644921
worthwhile,2680884221,"New research reveals when it comes to cost, nuclear power is the cheapest option",2022-06-25,Newspapers,,636369,The Daily Telegraph (Online),Surry Hills,NSW,,https://www.proquest.com/docview/2680884221
unrelated,2680906069,Numbers all add up to a nuclear future,2022-06-26,Newspapers,,42790,Sunday Telegraph,Surry Hills,NSW,,https://www.proquest.com/docview/2680906069
worthwhile,2681106568,United States: FACT SHEET - President Biden and G7 Leaders Formally Launch the Partnership for Global Infrastructure and Investment,2022-06-28,Newspapers,,656306,Asia News Monitor,Bangkok,,,https://www.proquest.com/docview/2681106568
risk,2681643351,Macron's energy plans in tatters as EDF nuclear reactor flaw deals hammer blow,2022-06-28,Newspapers,"['Ashkenaz, Antony']",2030468,Express (Online),London,,,https://www.proquest.com/docview/2681643351
risk,2682032343,Decades of Addiction The Anatomy of Germany’s Reliance on Russian Natural Gas,2022-06-30,Newspapers,,2040502,Yerepouni Daily News,Camden,DE,,https://www.proquest.com/docview/2682032343
risk,2683874282,Climate-change funding shouldn't go nuclear,2022-07-04,Newspapers,"['Lindsey, Anne']",44543,Winnipeg Free Press,Winnipeg,Manitoba,,https://www.proquest.com/docview/2683874282
worthwhile,2683896594,Mena energy investments to top $879bn in 5 years,2022-07-04,Newspapers,,50677,Oil & Gas News,Camden,DE,,https://www.proquest.com/docview/2683896594
worthwhile,2684327425,Site is on shortlist for nuclear factory,2022-07-05,Newspapers,,26178,Daily Post,London,,,https://www.proquest.com/docview/2684327425
worthwhile,2684333249,"Back reactor or miss green targets, Rolls tells Johnson",2022-07-05,Newspapers,,33554,The Daily Telegraph,Tonbridge,,,https://www.proquest.com/docview/2684333249
worthwhile,2684333254,"Back reactor or miss green targets, Rolls tells Johnson",2022-07-05,Newspapers,,33554,The Daily Telegraph,Tonbridge,,,https://www.proquest.com/docview/2684333254
worthwhile,2684336107,Rolls-Royce eyes Wales for SMRs,2022-07-05,Newspapers,"['Hughes, Owen']",26175,Western Mail,London,,,https://www.proquest.com/docview/2684336107
worthwhile,2684336125,North East's powered up for Rolls-Royce job boost,2022-07-05,Newspapers,"['Ford, Coreena']",26289,Journal,London,,,https://www.proquest.com/docview/2684336125
worthwhile,2684702714,County may host factory for nuclear power plant,2022-07-05,Newspapers,"['Butterworth, Julie']",27174,The Yorkshire Post,Tunbridge Wells,,,https://www.proquest.com/docview/2684702714
risk,2684764327,McGuinness fights to save nuclear and gas proposal,2022-07-06,Newspapers,,27283,Irish Times,Dublin,,,https://www.proquest.com/docview/2684764327
risk,2684840268,We should not fall for nuclear spin. Let’s look to fulfil our green energy potential,2022-07-06,Newspapers,"['Drew, Allan']",45319,The Herald,Mc Lean,VA,,https://www.proquest.com/docview/2684840268
risk,2685084544,European Union: 'Tight vote' expected in EU parliament on plan to label gas and nuclear 'green',2022-07-07,Newspapers,,656306,Asia News Monitor,Bangkok,,,https://www.proquest.com/docview/2685084544
risk,2685097212,Vigilance necessary to protect ag sectors,2022-07-07,Newspapers,,646456,Stock Journal,Canberra ACT,,,https://www.proquest.com/docview/2685097212
worthwhile,2685102203,European Union: Opening remarks by Commissioner McGuinness at the European Parliament plenary debate on the EU Taxonomy Complementary Climate Delegated Act,2022-07-07,Newspapers,,656306,Asia News Monitor,Bangkok,,,https://www.proquest.com/docview/2685102203
risk,2685151159,"Activists slam ‘outrageous’ green label for gas, nuclear",2022-07-07,Newspapers,,38559,Qatar Tribune,Camden,DE,,https://www.proquest.com/docview/2685151159
worthwhile,2685160885,What is the EU’s sustainable finance taxonomy?,2022-07-07,Newspapers,,39815,The Pretoria News,Johannesburg,,,https://www.proquest.com/docview/2685160885
risk,2685160886,What is the EU’s sustainable finance taxonomy?,2022-07-07,Newspapers,,27299,Cape Times,Johannesburg,,,https://www.proquest.com/docview/2685160886
risk,2685160949,What is the EU’s sustainable finance taxonomy?,2022-07-07,Newspapers,,39814,The Mercury,Johannesburg,,,https://www.proquest.com/docview/2685160949
risk,2685160957,What is the EU’s sustainable finance taxonomy?,2022-07-07,Newspapers,,39818,The Star,Johannesburg,,,https://www.proquest.com/docview/2685160957
risk,2685232700,EU bust-up TODAY as VDL's 'false solution' torn apart by furious nations: 'Gift to Putin',2022-07-06,Newspapers,"['Jacob, Paul']",2030468,Express (Online),London,,,https://www.proquest.com/docview/2685232700
unrelated,2685263148,Multi-polar world: Why the current crisis is bringing India and Russia even closer,2022-07-07,Newspapers,,2040502,Yerepouni Daily News,Camden,DE,,https://www.proquest.com/docview/2685263148
worthwhile,2685297107,"EU lays path for inclusion of nuclear, natural gas as green investments",2022-07-07,Newspapers,"['Jones, Jeffrey']",46323,The Globe and Mail,Toronto,Ontario,,https://www.proquest.com/docview/2685297107
risk,2685814890,"Next Tory leader will find it impossible to cut taxes, watchdog warns",2022-07-07,Newspapers,"['Rees, Tom']",1986348,Telegraph.co.uk,London,,,https://www.proquest.com/docview/2685814890
risk,2685844783,Net zero crusade risks crushing Britain under a record mountain of debt,2022-07-08,Newspapers,,33554,The Daily Telegraph,Tonbridge,,,https://www.proquest.com/docview/2685844783
worthwhile,2686219864,Philippines: Marcos admin keen on importing small modular reactors from US,2022-07-11,Newspapers,,656306,Asia News Monitor,Bangkok,,,https://www.proquest.com/docview/2686219864
unrelated,2687074478,The 11 things the new Tory leader must do to win the next election,2022-07-09,Newspapers,"['Hannan, Daniel']",1986348,Telegraph.co.uk,London,,,https://www.proquest.com/docview/2687074478
unrelated,2687155343,Here are 11 things the new leader must do to have any chance of winning the next election,2022-07-10,Newspapers,,32356,The Sunday Telegraph,Tonbridge,,,https://www.proquest.com/docview/2687155343
worthwhile,2687705763,Renewable supply chains must adapt to new world,2022-07-12,Newspapers,,2040384,The Australian Financial Review,Pyrmont,NSW,,https://www.proquest.com/docview/2687705763
worthwhile,2687748816,Gas is not green,2022-01-19,Newspapers,"['Jordan, Stuart']",2050700,Solidarity,London,,,https://www.proquest.com/docview/2687748816
risk,2688073197,"EU lawmakers back natural gas, nuclear energy as sustainable",2022-07-10,Newspapers,,2032451,Business Mirror,,,,https://www.proquest.com/docview/2688073197
worthwhile,2688247414,What the controversial 1972 'Limits to Growth' report got right: Our choices today shape future conditions for life on Earth,2022-07-12,Newspapers,"['Kahn, Matthew E']",4977984,The Conversation : Environment + Energy,Boston,MA,,https://www.proquest.com/docview/2688247414
worthwhile,2688324360,Tax cuts won't cut it; the new Tory leader must bring about innovation,2022-07-13,Newspapers,"['Ramanauskas, Ben']",686317,City A.M.,Tunbridge Wells,,,https://www.proquest.com/docview/2688324360
unrelated,2689394452,"No perfect candidates but Liz Truss is the BEST to deliver on Brexit, says JOHN LONGWORTH",2022-07-14,Newspapers,"['Longworth, John']",2030468,Express (Online),London,,,https://www.proquest.com/docview/2689394452
risk,2689632495,"Australia 'missed' its CCS chance, IEA chief says",2022-07-16,Newspapers,,2040384,The Australian Financial Review,Pyrmont,NSW,,https://www.proquest.com/docview/2689632495
unrelated,2689685020,United States: DOE Announces $18 Million to Streamline Commercialization of Clean Energy Technologies,2022-07-18,Newspapers,,656306,Asia News Monitor,Bangkok,,,https://www.proquest.com/docview/2689685020
risk,2689784276,"April 2, 2022 (Page B2)",2022-04-02,Newspapers,,2047932,Toronto Star (2010-),Toronto,Ontario,,https://www.proquest.com/docview/2689784276
unrelated,2689967914,Clueless Keir Starmer has never been more desperate,2022-07-15,Newspapers,"['Tominey, Camilla']",1986348,Telegraph.co.uk,London,,,https://www.proquest.com/docview/2689967914
unrelated,2690032241,Clueless Keir has never been more desperate,2022-07-16,Newspapers,,33554,The Daily Telegraph,Tonbridge,,,https://www.proquest.com/docview/2690032241
risk,2690049017,The disastrous consequences of the green movement,2022-07-15,Newspapers,"['Morgan, Gwyn']",45458,National Post,Toronto,Ontario,,https://www.proquest.com/docview/2690049017
unrelated,2690951598,Uganda at crossroads as oil boom looms,2022-07-18,Newspapers,"['Musisi, Frederic']",2029901,Daily Monitor,Camden,DE,,https://www.proquest.com/docview/2690951598
worthwhile,2691215654,Energy ideals meet facts,2022-07-19,Newspapers,,42789,The Daily Telegraph,Surry Hills,NSW,,https://www.proquest.com/docview/2691215654
risk,2691542976,How green is my green? [Renewables],2022-07-20,Newspapers,"['Somvanshi, Kiran Kabtta']",29263,The Economic Times,New Delhi,,,https://www.proquest.com/docview/2691542976
risk,2691829079,UK government gives go-ahead to Sizewell C nuclear power plant,2022-07-20,Newspapers,,35249,The Guardian,London,,,https://www.proquest.com/docview/2691829079
risk,2691897514,Sizewell C gets green light in boost for Britain’s nuclear power push,2022-07-20,Newspapers,"['Oliver, Matt', 'Warrington, James', 'Bottaro, Giulia']",1986348,Telegraph.co.uk,London,,,https://www.proquest.com/docview/2691897514
worthwhile,2691907304,Energy crisis lifeline: EDF's £20bn Sizewell C nuclear power project APPROVED,2022-07-20,Newspapers,"['Ashkenaz, Antony']",2030468,Express (Online),London,,,https://www.proquest.com/docview/2691907304
risk,2691946072,Sizewell C given green light despite water fears,2022-07-21,Newspapers,,33554,The Daily Telegraph,Tonbridge,,,https://www.proquest.com/docview/2691946072
worthwhile,2692460702,"Safest, cleanest option for energy security is nuclear",2022-07-22,Newspapers,,42763,The Australian,Surry Hills,NSW,,https://www.proquest.com/docview/2692460702
worthwhile,2692680432,"Safest, cleanest option for energy security is nuclear",2022-07-21,Newspapers,,636359,The Australian (Online),Surry Hills,NSW,,https://www.proquest.com/docview/2692680432
worthwhile,2692836208,No one listening to Biden’s climate ‘emergency’ call,2022-07-23,Newspapers,,42764,Weekend Australian,Surry Hills,NSW,,https://www.proquest.com/docview/2692836208
risk,2692932607,"April 8, 2022 (Page B2)",2022-04-08,Newspapers,,2047932,Toronto Star (2010-),Toronto,Ontario,,https://www.proquest.com/docview/2692932607
worthwhile,2693045011,No one listening to US president Joe Biden’s climate ‘emergency’ call,2022-07-22,Newspapers,,636359,The Australian (Online),Surry Hills,NSW,,https://www.proquest.com/docview/2693045011
risk,2693382966,BlackRock shows why finance and fossil fuel politics shouldn't mix,2022-07-25,Newspapers,,2040384,The Australian Financial Review,Pyrmont,NSW,,https://www.proquest.com/docview/2693382966
unrelated,2693550691,Lifeline for millions in Red Wall as underground heat to provide ‘real economic benefits’,2022-07-24,Newspapers,"['Ashkenaz, Antony']",2030468,Express (Online),London,,,https://www.proquest.com/docview/2693550691
worthwhile,2694086084,Philippines’ Marcos Jr unveils economic blueprint for ‘turbulent time’,2022-07-25,Newspapers,,2044880,The Guardian,Camden,DE,,https://www.proquest.com/docview/2694086084
worthwhile,2694469792,Philippines: Time for PH to tap nuclear power source,2022-07-27,Newspapers,,656306,Asia News Monitor,Bangkok,,,https://www.proquest.com/docview/2694469792
risk,2694893677,"Green groups cheer PBBM's push for RE, but nix nuke, LNG tack",2022-07-26,Newspapers,,2032451,Business Mirror,,,,https://www.proquest.com/docview/2694893677
unrelated,2694985250,‘Radical collaboration’,2022-07-28,Newspapers,,44839,The New Zealand Herald,Auckland,,,https://www.proquest.com/docview/2694985250
risk,2694985374,The ‘unthinkable’ is happening,2022-07-28,Newspapers,,44839,The New Zealand Herald,Auckland,,,https://www.proquest.com/docview/2694985374
worthwhile,2695586918,Misguided and foolish,2022-07-29,Newspapers,,42789,The Daily Telegraph,Surry Hills,NSW,,https://www.proquest.com/docview/2695586918
risk,2696308429,OUR CLIMATE FANTASY,2022-07-30,Newspapers,,42764,Weekend Australian,Surry Hills,NSW,,https://www.proquest.com/docview/2696308429
risk,2696478992,Trapped in a climate fantasy: We actually need coal and gas,2022-07-29,Newspapers,,636359,The Australian (Online),Surry Hills,NSW,,https://www.proquest.com/docview/2696478992
worthwhile,2697503043,Letters to the Editor,2022-08-04,Newspapers,,42785,The Courier - Mail,Surry Hills,NSW,,https://www.proquest.com/docview/2697503043
worthwhile,2697505124,Letters to the Editor,2022-08-04,Newspapers,,42763,The Australian,Surry Hills,NSW,,https://www.proquest.com/docview/2697505124
worthwhile,2697505290,Letters to the Editor,2022-08-04,Newspapers,,42785,The Courier - Mail,Surry Hills,NSW,,https://www.proquest.com/docview/2697505290
unrelated,2697542468,Five mega trends set to drive commodities,2022-08-04,Newspapers,,866349,Businessline,Chennai,Tamil Nadu,,https://www.proquest.com/docview/2697542468
worthwhile,2697658181,"Amid energy grid dysfunction, Dutton goes nuclear",2022-08-03,Newspapers,,636359,The Australian (Online),Surry Hills,NSW,,https://www.proquest.com/docview/2697658181
unrelated,2697666886,Climate hard work starts,2022-08-05,Newspapers,,2040384,The Australian Financial Review,Pyrmont,NSW,,https://www.proquest.com/docview/2697666886
risk,2697698309,Nick Butler: Could invasion of Ukraine push the world towards a nuclear option?,2022-06-08,Newspapers,"['Butler, Nick']",105811,Irish Examiner,"Blackpool, Cork",,,https://www.proquest.com/docview/2697698309
risk,2698700374,"April 23, 2022 (Page B5)",2022-04-23,Newspapers,,2047932,Toronto Star (2010-),Toronto,Ontario,,https://www.proquest.com/docview/2698700374
worthwhile,2699452486,Sustainable finance rules sped up as emissions target set,2022-08-08,Newspapers,,2040384,The Australian Financial Review,Pyrmont,NSW,,https://www.proquest.com/docview/2699452486
risk,2699728584,TEPCO faces more hurdles 10 yrs after effective nationalization,2022-08-09,Newspapers,,736331,The Japan News,Tokyo,,,https://www.proquest.com/docview/2699728584
risk,2699832102,UK fuel rationing fears: 'Energy emergency' as Norway threatens to limit power exports,2022-08-08,Newspapers,"['Cooke, Millie']",2030468,Express (Online),London,,,https://www.proquest.com/docview/2699832102
unrelated,2700229003,"EWEC, ADDED join hands to boost clean energy certificates adoption",2022-08-10,Newspapers,,38562,TradeArabia,Camden,DE,,https://www.proquest.com/docview/2700229003
unrelated,2700329227,"EWEC, ADDED sign MoU to boost sustainability best practices across industrial sector",2022-08-10,Newspapers,,40133,Emirates News Agency (WAM),Camden,DE,,https://www.proquest.com/docview/2700329227
risk,2700425108,Net-zero target will sink us into unaffordable mire,2022-08-11,Newspapers,,42763,The Australian,Surry Hills,NSW,,https://www.proquest.com/docview/2700425108
worthwhile,2700602721,Net-zero target will sink us into unaffordable mire,2022-08-10,Newspapers,"['Cater, Nick']",636359,The Australian (Online),Surry Hills,NSW,,https://www.proquest.com/docview/2700602721
worthwhile,2701082867,"Abu Dhabi economic body, EWEC join hands to promote sustainability projects in the emirate",2022-08-11,Newspapers,,39150,Arabianbusiness.com,Camden,DE,,https://www.proquest.com/docview/2701082867
unrelated,2701360037,Saving the Earth,2022-08-13,Newspapers,"['Beutelsbacher, Stefan', 'Neller, Marc']",54211,Welt am Sonntag,Berlin,,,https://www.proquest.com/docview/2701360037
worthwhile,2701569369,US Climate Bill: Could coal communities shift to nuclear?,2022-08-13,Newspapers,,2029755,The Sun,Camden,DE,,https://www.proquest.com/docview/2701569369
worthwhile,2701676258,Nuclear to be branded green to lure investors,2022-08-14,Newspapers,"['Washtell, Francesca']",45309,Mail on Sunday,London,,,https://www.proquest.com/docview/2701676258
worthwhile,2701683529,Nuclear to be branded green to lure investors,2022-08-14,Newspapers,"['Washtell, Francesca']",45309,Mail on Sunday,London,,,https://www.proquest.com/docview/2701683529
unrelated,2701901962,Energy security in the time of market turmoil,2022-08-15,Newspapers,,2030588,China Daily,BEIJING,,,https://www.proquest.com/docview/2701901962
worthwhile,2703521788,POLITICAL AFFAIRS,2022-08-17,Newspapers,['Anonymous'],25879,Chicago Weekend,CHICAGO,IL,,https://www.proquest.com/docview/2703521788
worthwhile,2703523867,POLITICAL AFFAIRS,2022-08-17,Newspapers,['Anonymous'],26797,Hyde Park Citizen,CHICAGO,IL,,https://www.proquest.com/docview/2703523867
unrelated,2704045616,"May 7, 2022 (Page B9)",2022-05-07,Newspapers,,2047932,Toronto Star (2010-),Toronto,Ontario,,https://www.proquest.com/docview/2704045616
worthwhile,2704060649,POLITICAL AFFAIRS,2022-08-17,Newspapers,['Anonymous'],45485,Chicago Citizen,CHICAGO,IL,,https://www.proquest.com/docview/2704060649
worthwhile,2704223020,Letters to the Editor: The capitalism crisis is holding energy prices to ransom,2022-08-20,Newspapers,,105811,Irish Examiner,"Blackpool, Cork",,,https://www.proquest.com/docview/2704223020
risk,2705551609,Not enough! Macron’s ‘greenwashing’ torn apart as new rule ‘won’t change anything’,2022-08-23,Newspapers,"['Jacob, Paul']",2030468,Express (Online),London,,,https://www.proquest.com/docview/2705551609
risk,2705806496,What NSW needs for its energy transition,2022-08-25,Newspapers,,43153,Newcastle Herald,Canberra ACT,,,https://www.proquest.com/docview/2705806496
risk,2705814756,"It’ll be impossible to replace fossil fuels with renewables by 2050, unless we cut our energy consumption",2022-08-25,Newspapers,,5425109,EveningReport.nz,NEW DELHI,,,https://www.proquest.com/docview/2705814756
unrelated,2705827304,Putin's next miscalculation: Russia's readiness for a long war,2022-08-21,Newspapers,"['Baev, Pavel K']",25859,Ukrainian Weekly,PARSIPPANY,NJ,,https://www.proquest.com/docview/2705827304
worthwhile,2706456659,Rolls-Royce to EXPORT nuclear power to Netherlands while energy crisis bites at home,2022-08-25,Newspapers,"['Jacob, Paul']",2030468,Express (Online),London,,,https://www.proquest.com/docview/2706456659
unrelated,2706472713,Renewable power is the way out of this disaster,2022-08-26,Newspapers,,33554,The Daily Telegraph,Tonbridge,,,https://www.proquest.com/docview/2706472713
risk,2706884573,"Sustainability, renewable energy, and the impact on real estate",2022-08-27,Newspapers,,3930286,Manila Bulletin,New Delhi,,,https://www.proquest.com/docview/2706884573
unrelated,2706964176,Renewable energy is the only way out of this mess,2022-08-26,Newspapers,"['Marlow, Ben']",1986348,Telegraph.co.uk,London,,,https://www.proquest.com/docview/2706964176
worthwhile,2707241845,EDITORIAL / Restart of reactors,2022-08-28,Newspapers,,736331,The Japan News,Tokyo,,,https://www.proquest.com/docview/2707241845
worthwhile,2707272722,Rolls-Royce aims to export 'flat-pack' nuclear reactors to Japan,2022-08-28,Newspapers,,32356,The Sunday Telegraph,Tonbridge,,,https://www.proquest.com/docview/2707272722
risk,2707508885,Newsmaker - SA facing a ‘gas cliff’,2022-08-28,Newspapers,"['Barron, Chris']",4821768,Sunday Times,Saxonwold,,,https://www.proquest.com/docview/2707508885
worthwhile,2707510769,Energy Crunch Revives Nuclear Plants in West,2022-08-29,Newspapers,"['Dalton, Matthew']",10482,Wall Street Journal,South Brunswick,NJ,,https://www.proquest.com/docview/2707510769
worthwhile,2707531445,Revamp our energy market,2022-08-29,Newspapers,"['Sunderland, Ruth']",46329,Daily Mail,London,,,https://www.proquest.com/docview/2707531445
worthwhile,2707565494,Revamp our energy market [Scot Region],2022-08-29,Newspapers,"['Sunderland, Ruth']",46329,Daily Mail,London,,,https://www.proquest.com/docview/2707565494
worthwhile,2707706311,Bowen’s EV evangelism,2022-08-30,Newspapers,,42789,The Daily Telegraph,Surry Hills,NSW,,https://www.proquest.com/docview/2707706311
worthwhile,2707706378,West breathes life into old nuke plants,2022-08-30,Newspapers,,42763,The Australian,Surry Hills,NSW,,https://www.proquest.com/docview/2707706378
worthwhile,2708072818,Letters to the Editor,2022-08-31,Newspapers,,42763,The Australian,Surry Hills,NSW,,https://www.proquest.com/docview/2708072818
worthwhile,2708120523,Six stocks set to benefit from new U.S. law tackling climate change,2022-08-31,Newspapers,"['Won, Shirley']",46323,The Globe and Mail,Toronto,Ontario,,https://www.proquest.com/docview/2708120523
worthwhile,2708242912,Cut the ideology on nuclear and keep the lights on,2022-08-30,Newspapers,,636359,The Australian (Online),Surry Hills,NSW,,https://www.proquest.com/docview/2708242912
worthwhile,2708634821,"To avert nuclear war, we need new nuclear power plants",2022-08-31,Newspapers,"['Patalano, Alessio']",1986348,Telegraph.co.uk,London,,,https://www.proquest.com/docview/2708634821
risk,2708855898,Charting armageddons,2022-09-02,Newspapers,"['Datta, Hindolee']",3882663,The Telegraph (India),NEW DELHI,,,https://www.proquest.com/docview/2708855898
worthwhile,2709536112,FAANG 2.0: Sectors to watch amidst changing economic and geopolitical environment,2022-09-04,Newspapers,"['Dhawan, Sunil']",105397,Financial Express,NEW DELHI,,,https://www.proquest.com/docview/2709536112
risk,2709839773,"Germany went overboard on renewables — SA, take note",2022-09-04,Newspapers,"['BAYOGLU, VUSLAT']",4821768,Sunday Times,Saxonwold,,,https://www.proquest.com/docview/2709839773
risk,2711036870,Can Bhel adapt to India's clean energy transition?,2022-09-07,Newspapers,,75999,Mint,New Delhi,,,https://www.proquest.com/docview/2711036870
worthwhile,2711036935,"Sunderland, Catterick or Newton Aycliffe could be site of nuclear factory",2022-07-04,Newspapers,"['Hughes, Mike']",45456,Northern Echo,Darlington,,,https://www.proquest.com/docview/2711036935
worthwhile,2711039885,Backing for Rolls-Royce nuclear factories in North East,2022-07-05,Newspapers,"['Hughes, Mike']",45456,Northern Echo,Darlington,,,https://www.proquest.com/docview/2711039885
risk,2711072243,Let’s pretend we have the tech for stable power supply,2022-09-08,Newspapers,,42763,The Australian,Surry Hills,NSW,,https://www.proquest.com/docview/2711072243
risk,2711089257,"As Russia Chokes Europe’s Gas, France Enters Era of Energy ‘Sobriety’",2022-09-06,Newspapers,"['Alderman, Liz']",45131,The New York Times,NEW YORK,NY,,https://www.proquest.com/docview/2711089257
risk,2711286312,Let’s pretend we have the tech for stable power supply,2022-09-07,Newspapers,"['Anthony, Stephen']",636359,The Australian (Online),Surry Hills,NSW,,https://www.proquest.com/docview/2711286312
unrelated,2711629137,Letters: Can voters have confidence in Liz Truss’s Cabinet of friends and allies?,2022-09-08,Newspapers,,1986348,Telegraph.co.uk,London,,,https://www.proquest.com/docview/2711629137
risk,2712125862,EXCHANGE --- Heard on the Street: Time for Flashbacks To Eurozone Crisis,2022-09-10,Newspapers,"['Toplensky, Rochelle']",10482,Wall Street Journal,South Brunswick,NJ,,https://www.proquest.com/docview/2712125862
unrelated,2712186690,Keeping net-zero pledges can save Indonesia $98b,2022-09-10,Newspapers,"['Pachymuthu, Luke']",33108,The Straits Times,News Centre,,,https://www.proquest.com/docview/2712186690
risk,2714260626,Don't let uranium blow up in your face,2022-09-15,Newspapers,,44892,Toronto Star,Toronto,Ontario,,https://www.proquest.com/docview/2714260626
risk,2715036450,THE WAR ON ENERGY,2022-09-17,Newspapers,"['Reguly, Eric']",46323,The Globe and Mail,Toronto,Ontario,,https://www.proquest.com/docview/2715036450
unrelated,2715106933,Sold on ESG? Beware green spin,2022-09-18,Newspapers,,44089,Sun-Herald,Sydney,New South Wales,,https://www.proquest.com/docview/2715106933
unrelated,2715241746,European Union: Opening remarks by Executive Vice-President Timmermans and Commissioner Simson at the press conference on an emergency intervention to address high energy prices,2022-09-19,Newspapers,,656306,Asia News Monitor,Bangkok,,,https://www.proquest.com/docview/2715241746
unrelated,2715840732,Pressure points for Asia,2022-09-21,Newspapers,,26858,South China Morning Post,Hong Kong,,,https://www.proquest.com/docview/2715840732
unrelated,2715843526,Ukraine war thrusts German climate action into spotlight,2022-09-20,Newspapers,,2029755,The Sun,Camden,DE,,https://www.proquest.com/docview/2715843526
risk,2715877553,What’s the solution?,2022-09-21,Newspapers,,29503,Post,Johannesburg,,,https://www.proquest.com/docview/2715877553
risk,2715907514,Fears Truss's energy crisis plan will increase bills and 'doesn't make sense',2022-09-20,Newspapers,"['Ashkenaz, Antony']",2030468,Express (Online),London,,,https://www.proquest.com/docview/2715907514
risk,2715910374,EU hit with legal challenge over 'green' gas &amp; nuclear plan - major headache for Brussels,2022-09-20,Newspapers,"['Ashkenaz, Antony']",2030468,Express (Online),London,,,https://www.proquest.com/docview/2715910374
worthwhile,2716275976,EDITORIAL / Nuclear fusion strategy,2022-09-22,Newspapers,,736331,The Japan News,Tokyo,,,https://www.proquest.com/docview/2716275976
unrelated,2716374281,Joe Biden: Putin will not win a ‘reckless’ nuclear war,2022-09-21,Newspapers,"['Johnson, Jamie']",1986348,Telegraph.co.uk,London,,,https://www.proquest.com/docview/2716374281
risk,2716385953,VDL handed ultimatum as EU faces lawsuit over 'Macron's interference' in energy plan,2022-09-21,Newspapers,"['Ashkenaz, Antony']",2030468,Express (Online),London,,,https://www.proquest.com/docview/2716385953
unrelated,2716471401,United States: Remarks by President Biden Before the 77th Session of the United Nations General Assembly,2022-09-23,Newspapers,,656306,Asia News Monitor,Bangkok,,,https://www.proquest.com/docview/2716471401
unrelated,2716546578,United States: DOE Launches New Energy Earthshot To Cut Industrial Heating Emissions By 85 Percent,2022-09-23,Newspapers,,656306,Asia News Monitor,Bangkok,,,https://www.proquest.com/docview/2716546578
risk,2716926118,Ramping Up Renewables Won’t Save The World From A Cold Winter,2022-09-23,Newspapers,,2040502,Yerepouni Daily News,Camden,DE,,https://www.proquest.com/docview/2716926118
unrelated,2717071708,United States: Statement by Foreign Minister Baerbock in her capacity as Chair of the G7 Foreign Ministers' Meeting at the High-Level Week of the UN General Assembly,2022-09-26,Newspapers,,656306,Asia News Monitor,Bangkok,,,https://www.proquest.com/docview/2717071708
risk,2717098159,"June 22, 2022 (Page B5)",2022-06-22,Newspapers,,2047932,Toronto Star (2010-),Toronto,Ontario,,https://www.proquest.com/docview/2717098159
risk,2717970991,A Utah power agency bets on first-of-its-kind nuclear project,2022-09-27,Newspapers,"['Devitt, Caitlin']",45433,The Bond Buyer,NEW YORK,NY,,https://www.proquest.com/docview/2717970991
unrelated,2718163201,United Kingdom: Chris Skidmore launches net zero review,2022-09-28,Newspapers,,656306,Asia News Monitor,Bangkok,,,https://www.proquest.com/docview/2718163201
risk,2718473410,Labour conference LIVE: Keir Starmer's green energy plan slammed as 'wishful thinking',2022-09-27,Newspapers,"['Edwards, Francesca']",2030468,Express (Online),London,,,https://www.proquest.com/docview/2718473410
risk,2718730870,"U.S. public power sector tackles emerging ESG challenges, inflation",2022-09-29,Newspapers,"['Barnett, Chip']",45433,The Bond Buyer,NEW YORK,NY,,https://www.proquest.com/docview/2718730870
worthwhile,2718760681,Why foot-dragging on heat pumps and wind turbines only strengthens Putin,2022-09-29,Newspapers,,33554,The Daily Telegraph,Tonbridge,,,https://www.proquest.com/docview/2718760681
worthwhile,2719226478,What it will take to escape Russia’s fuel war with Europe,2022-09-29,Newspapers,"['Armitt, John']",1986348,Telegraph.co.uk,London,,,https://www.proquest.com/docview/2719226478
risk,2719243987,"Canada's boon to dictators; After 70 years of relative peace and prosperity, postwar institutional structures are breaking down, globalization is in retreat and demographic changes are reordering economies and power hierarchies. The Post's New World Disorder series explores the recent shifts in geopolitics and what the West must do to adapt. Today, Gwyn Morgan on how the West's climate obsession has benefited our enemies",2022-09-29,Newspapers,"['Morgan, Gwyn']",45458,National Post,Toronto,Ontario,,https://www.proquest.com/docview/2719243987
risk,2719311898,A new £8billion national energy company? Labour couldn't even run a bath,2022-09-30,Newspapers,,46329,Daily Mail,London,,,https://www.proquest.com/docview/2719311898
risk,2719312296,A new £8billion national energy company? Labour couldn't even run a bath,2022-09-30,Newspapers,"['Littlejohn, Richard']",46329,Daily Mail,London,,,https://www.proquest.com/docview/2719312296
risk,2720214762,Truss backed fracking after being told green energy the best way to ease price hikes,2022-10-03,Newspapers,,2042848,The Independent (Daily Edition),London,,,https://www.proquest.com/docview/2720214762
worthwhile,2720295259,GLOBAL WARMING - Hope for a 1.5°C limit ‘seems to be a long shot’,2022-10-03,Newspapers,"['Erasmus, Denene']",4821773,Business Day,Saxonwold,,,https://www.proquest.com/docview/2720295259
worthwhile,2721080396,First ever nuclear fusion plant harnessing 'endless power' set for UK,2022-10-04,Newspapers,"['Jacob, Paul']",2030468,Express (Online),London,,,https://www.proquest.com/docview/2721080396
risk,2721358500,Nuclear pushback against Senate bill,2022-10-06,Newspapers,,43153,Newcastle Herald,Canberra ACT,,,https://www.proquest.com/docview/2721358500
risk,2721457589,‘A clear message Tories are rowing back on net zero’,2022-10-06,Newspapers,,2042848,The Independent (Daily Edition),London,,,https://www.proquest.com/docview/2721457589
risk,2721942272,Britain could face blackouts if energy imports fall short,2022-10-07,Newspapers,"['Isaac, Anna']",2042848,The Independent (Daily Edition),London,,,https://www.proquest.com/docview/2721942272
risk,2721942285,Britain could face power cuts if energy imports fall,2022-10-07,Newspapers,"['Isaac, Anna']",2042848,The Independent (Daily Edition),London,,,https://www.proquest.com/docview/2721942285
risk,2722012006,Truss shuts down talk of rejoining EU as she says EPC: 'not about moving closer',2022-10-06,Newspapers,,2030468,Express (Online),London,,,https://www.proquest.com/docview/2722012006
risk,2722247795,Britain could face power cuts if energy imports fall,2022-10-07,Newspapers,"['Isaac, Anna']",2042848,The Independent (Daily Edition),London,,,https://www.proquest.com/docview/2722247795
risk,2722398881,"July 3, 2022 (Page 10)",2022-07-03,Newspapers,,2047932,Toronto Star (2010-),Toronto,Ontario,,https://www.proquest.com/docview/2722398881
worthwhile,2722634734,Inside Smith’s plans for the energy sector,2022-10-08,Newspapers,"['Graney, Emma']",46323,The Globe and Mail,Toronto,Ontario,,https://www.proquest.com/docview/2722634734
unrelated,2722817496,Fossil fuels give security: Santos chief,2022-10-10,Newspapers,,43154,The Age,Sydney,New South Wales,,https://www.proquest.com/docview/2722817496
unrelated,2722817669,Fossil fuels give security: Santos chief,2022-10-10,Newspapers,,44841,Sydney Morning Herald,Sydney,New South Wales,,https://www.proquest.com/docview/2722817669
risk,2723170675,"Countries must triple invest in renewable energy, new report",2022-10-11,Newspapers,,5425108,LiveNews.co.nz,NEW DELHI,,,https://www.proquest.com/docview/2723170675
risk,2723189263,World: Austria launches legal challenge over EU's 'greenwashing' of nuclear and gas,2022-10-11,Newspapers,,656306,Asia News Monitor,Bangkok,,,https://www.proquest.com/docview/2723189263
unrelated,2723273949,UK borrowing costs shoot higher as Bank of England warns of pension 'contagion',2022-10-10,Newspapers,"['Oliver, Matt', 'Mustoe, Howard']",1986348,Telegraph.co.uk,London,,,https://www.proquest.com/docview/2723273949
risk,2723287905,'Irresponsible': VDL faces backlash as EU nation takes bloc to court over green plans,2022-10-10,Newspapers,"['Jacob, Paul']",2030468,Express (Online),London,,,https://www.proquest.com/docview/2723287905
risk,2723298682,Britain risks repeating nuclear error in green push,2022-10-11,Newspapers,,33554,The Daily Telegraph,Tonbridge,,,https://www.proquest.com/docview/2723298682
risk,2723471446,Power debate puts nuclear option on the table,2022-10-12,Newspapers,,2040384,The Australian Financial Review,Pyrmont,NSW,,https://www.proquest.com/docview/2723471446
unrelated,2723621747,UN urges 'complete transformation' of global energy system,2022-10-12,Newspapers,,3930286,Manila Bulletin,New Delhi,,,https://www.proquest.com/docview/2723621747
unrelated,2723638930,World must triple investment in renewable energy: UN report,2022-10-12,Newspapers,,2029686,IANS English,Noida,,,https://www.proquest.com/docview/2723638930
worthwhile,2723639452,Britain risks repeating nuclear error as Germany forges ahead on green power,2022-10-11,Newspapers,"['Marlow, Ben']",1986348,Telegraph.co.uk,London,,,https://www.proquest.com/docview/2723639452
unrelated,2723694744,Ministers to restructure electricity markets,2022-10-12,Newspapers,"['Gye, Hugo']",4457156,i,London,,,https://www.proquest.com/docview/2723694744
worthwhile,2723774729,Opec+ oil shock a wake-up call,2022-10-12,Newspapers,"['Khanna, Vikram']",33108,The Straits Times,News Centre,,,https://www.proquest.com/docview/2723774729
risk,2723804431,Trickle-down misinformation,2022-10-13,Newspapers,,2040384,The Australian Financial Review,Pyrmont,NSW,,https://www.proquest.com/docview/2723804431
worthwhile,2723805054,Brookfield nuclear push fuels bullish investors,2022-10-13,Newspapers,,2040384,The Australian Financial Review,Pyrmont,NSW,,https://www.proquest.com/docview/2723805054
risk,2723863055,United Nations: Climate change: WMO report urges faster action on transition to clean energy,2022-10-13,Newspapers,,656306,Asia News Monitor,Bangkok,,,https://www.proquest.com/docview/2723863055
risk,2724077487,"SaskPower's plans fraught with problems; Natural gas, nuclear power come with financial risk, Bob Halliday writes",2022-10-12,Newspapers,"['Halliday, Bob']",25399,Star - Phoenix,Toronto,Ontario,,https://www.proquest.com/docview/2724077487
risk,2724077865,"SaskPower's plans fraught with problems; Natural gas, nuclear power come with financial risk, Bob Halliday writes",2022-10-12,Newspapers,"['Halliday, Bob']",27469,Leader Post,Toronto,Ontario,,https://www.proquest.com/docview/2724077865
risk,2724078102,Energy crisis lifeline as Truss makes 'screeching U-turn' to slash bills with windfall tax,2022-10-12,Newspapers,"['Ashkenaz, Antony']",2030468,Express (Online),London,,,https://www.proquest.com/docview/2724078102
risk,2724105530,'New cap on renewable energy revenue not windfall tax',2022-10-13,Newspapers,"['McGrath, Dominic', 'Graham, August']",26175,Western Mail,London,,,https://www.proquest.com/docview/2724105530
worthwhile,2724124978,What you need to know about nuclear power’s resurgence,2022-10-13,Newspapers,"['Mcclearn, Matthew', 'Graney, Emma']",46323,The Globe and Mail,Toronto,Ontario,,https://www.proquest.com/docview/2724124978
risk,2724421522,'Extremely challenging': Warning as energy plans could spark 'high prices and shortages',2022-10-13,Newspapers,"['Jacob, Paul']",2030468,Express (Online),London,,,https://www.proquest.com/docview/2724421522
unrelated,2724478936,Renewable energy must be doubled by 2030: UN agency,2022-10-14,Newspapers,,55156,The Balochistan Times,,,,https://www.proquest.com/docview/2724478936
unrelated,2724484029,Renewable energy must be doubled by 2030: UN agency,2022-10-14,Newspapers,,55154,The Frontier Star,,,,https://www.proquest.com/docview/2724484029
risk,2724678797,"July 9, 2022 (Page B8)",2022-07-09,Newspapers,,2047932,Toronto Star (2010-),Toronto,Ontario,,https://www.proquest.com/docview/2724678797
unrelated,2724694994,Canada: Minister Wilkinson Launches Phase 2 of the Regional Energy and Resource Tables,2022-10-17,Newspapers,,656306,Asia News Monitor,Bangkok,,,https://www.proquest.com/docview/2724694994
risk,2725408350,Getting to 'net-zero' emissions: How energy leaders envision countering climate change in the future,2022-10-17,Newspapers,"['Blumsack, Seth', 'Fowler, Lara B']",4977984,The Conversation : Environment + Energy,Boston,MA,,https://www.proquest.com/docview/2725408350
risk,2725590455,"As calls grow to boost electricity generation, utilities have other ideas",2022-10-19,Newspapers,"['Mcclearn, Matthew']",46323,The Globe and Mail,Toronto,Ontario,,https://www.proquest.com/docview/2725590455
risk,2725793092,Experts: Europe plotting to sneak fossil fuels into the COP27 agenda,2022-10-19,Newspapers,"['Lidigu, Leon']",2029750,Daily Nation,Camden,DE,,https://www.proquest.com/docview/2725793092
risk,2726167272,The reality about energy security,2022-10-19,Newspapers,"['Burney, Derek H']",45458,National Post,Toronto,Ontario,,https://www.proquest.com/docview/2726167272
risk,2726897405,Will the energy crisis crush European industry?,2022-10-21,Newspapers,"['Hollinger, Peggy']",33108,The Straits Times,News Centre,,,https://www.proquest.com/docview/2726897405
risk,2727509752,Paris dims lights as blackouts threaten Macron,2022-10-24,Newspapers,,33554,The Daily Telegraph,Tonbridge,,,https://www.proquest.com/docview/2727509752
risk,2727847588,Paris dims the lights as blackouts threaten disaster for Macron,2022-10-24,Newspapers,"['Rees, Tom']",1986348,Telegraph.co.uk,London,,,https://www.proquest.com/docview/2727847588
worthwhile,2727963898,$1B nuclear plan a tricky compromise,2022-10-25,Newspapers,,44892,Toronto Star,Toronto,Ontario,,https://www.proquest.com/docview/2727963898
worthwhile,2727963914,$1B nuclear plan a tricky compromise,2022-10-25,Newspapers,,44892,Toronto Star,Toronto,Ontario,,https://www.proquest.com/docview/2727963914
worthwhile,2729125323,Canada: Canada's National Statement on Nuclear Energy,2022-10-28,Newspapers,,656306,Asia News Monitor,Bangkok,,,https://www.proquest.com/docview/2729125323
worthwhile,2729226014,Qatar calls for non-use of energy as weapon in conflicts,2022-10-27,Newspapers,,2026746,The Peninsula,Camden,DE,,https://www.proquest.com/docview/2729226014
worthwhile,2729474345,"IEA: Fossil fuel emissions to peak soon, green transition must speed up",2022-10-28,Newspapers,,33108,The Straits Times,News Centre,,,https://www.proquest.com/docview/2729474345
unrelated,2729664625,Geothermal 2.0: Why Cornell University put a 2-mile hole in the Earth,2022-10-28,Newspapers,"['Hanes, Stephanie']",17099,The Christian Science Monitor,Boston,MA,,https://www.proquest.com/docview/2729664625
worthwhile,2729965111,"United Kingdom: UK national statement to the IAEA International Ministerial Conference on Nuclear Power, 2022",2022-10-31,Newspapers,,656306,Asia News Monitor,Bangkok,,,https://www.proquest.com/docview/2729965111
worthwhile,2730288930,"Korea signs MOU, LOI with Poland for nuclear energy cooperation",2022-10-31,Newspapers,"['Kyung-min, Lee']",2046300,The Korea Times,Seoul,,,https://www.proquest.com/docview/2730288930
worthwhile,2730485718,Partnership provides hope for climate politics,2022-11-01,Newspapers,"['Radwanski, Adam']",46323,The Globe and Mail,Toronto,Ontario,,https://www.proquest.com/docview/2730485718
risk,2731033237,Rushing the green energy transition will be painful,2022-11-03,Newspapers,,2040384,The Australian Financial Review,Pyrmont,NSW,,https://www.proquest.com/docview/2731033237
worthwhile,2731048652,"BIXPO 2022 to advance carbon neutrality, sustainable growth",2022-11-02,Newspapers,"['Kyung-min, Lee']",2046300,The Korea Times,Seoul,,,https://www.proquest.com/docview/2731048652
worthwhile,2731212426,United Kingdom: Trade Secretary sets out plan to 'future-proof UK economy',2022-11-03,Newspapers,,656306,Asia News Monitor,Bangkok,,,https://www.proquest.com/docview/2731212426
worthwhile,2731813977,"August 2, 2022 (Page B3)",2022-08-02,Newspapers,,2047932,Toronto Star (2010-),Toronto,Ontario,,https://www.proquest.com/docview/2731813977
unrelated,2731902254,"Chris Philp's migrant remarks 'shocking and callous', say Lib Dems",2022-11-04,Newspapers,"['Maidment, Jack']",1986348,Telegraph.co.uk,London,,,https://www.proquest.com/docview/2731902254
risk,2731911252,Macron scrambling to keep the lights on as EDF shuts down two reactors over huge flaws,2022-11-04,Newspapers,"['Ashkenaz, Antony']",2030468,Express (Online),London,,,https://www.proquest.com/docview/2731911252
risk,2731966038,Ontario's puzzling electricity plans,2022-11-05,Newspapers,,44892,Toronto Star,Toronto,Ontario,,https://www.proquest.com/docview/2731966038
unrelated,2732143146,"After a day of fuming at Ottawa, oilpatch receptive to new incentives",2022-11-05,Newspapers,"['Varcoe, Chris']",47083,Calgary Herald,Toronto,Ontario,,https://www.proquest.com/docview/2732143146
unrelated,2732941048,OLI applies innovation to address design challenges,2022-11-08,Newspapers,,50677,Oil & Gas News,Camden,DE,,https://www.proquest.com/docview/2732941048
unrelated,2733409234,United States: Joint Readout of U.S.-EU Task Force Meeting on Energy Security,2022-11-09,Newspapers,,656306,Asia News Monitor,Bangkok,,,https://www.proquest.com/docview/2733409234
unrelated,2734301669,Tensions and war undermine climate cooperation –&#xa0;but there's a silver lining,2022-11-10,Newspapers,,5425109,EveningReport.nz,NEW DELHI,,,https://www.proquest.com/docview/2734301669
worthwhile,2734336613,"Canada: Remarks by Rumina Velshi at the NEA Workshop on the Management of Spent Fuel, Radioactive Waste and Decommissioning in SMRs or Advanced Reactor Technologies",2022-11-10,Newspapers,,656306,Asia News Monitor,Bangkok,,,https://www.proquest.com/docview/2734336613
risk,2734479390,‘Cutting the green crap’ has set us back,2022-11-10,Newspapers,"['Bol, David']",45319,The Herald,Mc Lean,VA,,https://www.proquest.com/docview/2734479390
unrelated,2734503470,End the false promises : Why COP27 must be a true African COP,2022-11-10,Newspapers,,2029756,The Citizen,Camden,DE,,https://www.proquest.com/docview/2734503470
unrelated,2734789665,BHP boss keeps faith in China growth story,2022-11-11,Newspapers,,42763,The Australian,Surry Hills,NSW,,https://www.proquest.com/docview/2734789665
unrelated,2734913662,Rolls-Royce plans small nuclear power plants,2022-11-11,Newspapers,"['Connett, David']",4457156,i,London,,,https://www.proquest.com/docview/2734913662
unrelated,2734944569,ADGM's participation in COP27 is part of its role in supporting and promoting sustainability: Head of Sustainable Finance,2022-11-11,Newspapers,"['Esmail, Esraa']",40133,Emirates News Agency (WAM),Camden,DE,,https://www.proquest.com/docview/2734944569
risk,2735282451,"August 7, 2022 (Page 2)",2022-08-07,Newspapers,,2047932,Toronto Star (2010-),Toronto,Ontario,,https://www.proquest.com/docview/2735282451
worthwhile,2735508033,"Decarbonisation drive, tech advances could boost nuclear push in Singapore",2022-11-12,Newspapers,,33108,The Straits Times,News Centre,,,https://www.proquest.com/docview/2735508033
risk,2735508056,"Asean can power its green future without nuclear energy, say experts",2022-11-12,Newspapers,,33108,The Straits Times,News Centre,,,https://www.proquest.com/docview/2735508056
worthwhile,2735508069,Going nuclear,2022-11-12,Newspapers,"['Cepeda, Mara']",33108,The Straits Times,News Centre,,,https://www.proquest.com/docview/2735508069
worthwhile,2735574093,Sizewell C is the answer to Britain’s energy troubles,2022-11-13,Newspapers,"['Lindsey, Walter']",2042848,The Independent (Daily Edition),London,,,https://www.proquest.com/docview/2735574093
unrelated,2735649605,United States: FACT SHEET: President Biden Announces New Initiatives at COP27 to Strengthen U.S. Leadership in Tackling Climate Change,2022-11-14,Newspapers,,656306,Asia News Monitor,Bangkok,,,https://www.proquest.com/docview/2735649605
worthwhile,2735697312,‘India a platform for new nuclear technologies… I see a very bright future’: IAEA chief Rafael Mariano Grossi,2022-11-14,Newspapers,"['Sinha, Amitabh']",55068,Indian Express,NEW DELHI,,,https://www.proquest.com/docview/2735697312
unrelated,2736345394,World: Here are all the positive environmental stories from 2022 so far,2022-11-16,Newspapers,,656306,Asia News Monitor,Bangkok,,,https://www.proquest.com/docview/2736345394
worthwhile,2736345486,"Japan: Fukushima fears aside, Japan still depends on nuclear power",2022-11-16,Newspapers,,656306,Asia News Monitor,Bangkok,,,https://www.proquest.com/docview/2736345486
worthwhile,2737253274,Windfall tax and insulation: how green is the ‘growth’?,2022-11-18,Newspapers,,2042848,The Independent (Daily Edition),London,,,https://www.proquest.com/docview/2737253274
unrelated,2737332248,"Energy and home insulation plans 'are too little, too late'",2022-11-18,Newspapers,"['Bawden, Tom']",4457156,i,London,,,https://www.proquest.com/docview/2737332248
unrelated,2737333237,Increased windfall tax for oil and gas firms set to raise £14bn,2022-11-18,Newspapers,"['Singh, Arj']",4457156,i,London,,,https://www.proquest.com/docview/2737333237
worthwhile,2737899480,United States: Driving the Clean Energy Transition: A Progress Report on Implementing U.S. Efforts to Advance Clean Energy,2022-11-21,Newspapers,,656306,Asia News Monitor,Bangkok,,,https://www.proquest.com/docview/2737899480
worthwhile,2737941503,"US, PH agreement for nuclear equipment exports mulled",2022-11-21,Newspapers,,3930286,Manila Bulletin,New Delhi,,,https://www.proquest.com/docview/2737941503
worthwhile,2738233629,United States: FACT SHEET - Vice President Harris Launches New Initiatives to Strengthen U.S.-Philippines Alliance,2022-11-22,Newspapers,,656306,Asia News Monitor,Bangkok,,,https://www.proquest.com/docview/2738233629
worthwhile,2738520122,"'Rosatom has not suffered any pain due to Ukraine war, except on Finnish contract'",2022-11-22,Newspapers,,2029686,IANS English,Noida,,,https://www.proquest.com/docview/2738520122
risk,2738728400,The Renewable Energy Transition Is Failing,2022-11-22,Newspapers,,4371401,Sri Lanka Guardian,,,,https://www.proquest.com/docview/2738728400
unrelated,2739008372,Minister needs all the resolve he can get,2022-11-23,Newspapers,,44892,Toronto Star,Toronto,Ontario,,https://www.proquest.com/docview/2739008372
worthwhile,2739209145,The Right Energy Policy Is All-Inclusive,2022-11-23,Newspapers,"['Dell, Ben']",2048938,Barron's (Online),South Brunswick,NJ,,https://www.proquest.com/docview/2739209145
worthwhile,2739278319,Christmas strikes: workers warn over ‘end of Royal Mail as we know it’,2022-11-23,Newspapers,"['Price, Chris', 'Gill, Oliver']",1986348,Telegraph.co.uk,London,,,https://www.proquest.com/docview/2739278319
unrelated,2739500455,World: Here are all the positive environmental stories from 2022 so far,2022-11-25,Newspapers,,656306,Asia News Monitor,Bangkok,,,https://www.proquest.com/docview/2739500455
worthwhile,2740203445,Rolls-Royce in talks to build mini-nuclear reactor for Sir Jim Ratcliffe’s chemicals plant,2022-11-26,Newspapers,"['Millard, Rachel']",1986348,Telegraph.co.uk,London,,,https://www.proquest.com/docview/2740203445
unrelated,2740555050,Brazil: Trade Policy Review,2022-11-29,Newspapers,,656306,Asia News Monitor,Bangkok,,,https://www.proquest.com/docview/2740555050
worthwhile,2740829914,UK ousts China from new nuclear project Sizewell,2022-11-29,Newspapers,,28541,Gulf Times,Camden,DE,,https://www.proquest.com/docview/2740829914
worthwhile,2741124497,Millions paid to China as nuclear plant gains approval,2022-11-30,Newspapers,"['Woodcock, Andrew', 'Beament, Emily']",2042848,The Independent (Daily Edition),London,,,https://www.proquest.com/docview/2741124497
risk,2741127536,Hinkley Point nuclear plant faces risk of 11-year delay,2022-11-29,Newspapers,"['Millard, Rachel']",1986348,Telegraph.co.uk,London,,,https://www.proquest.com/docview/2741127536
unrelated,2741127762,Jacob Rees-Mogg warns against 'ill-advised' Tory rebellions,2022-11-29,Newspapers,"['Maidment, Jack']",1986348,Telegraph.co.uk,London,,,https://www.proquest.com/docview/2741127762
unrelated,2741127823,"Kwasi Kwarteng's mini-Budget was 'not settled' day before event, says Andrew Bailey",2022-11-29,Newspapers,"['Price, Chris', 'Corfield, Gareth', 'Makwana, Riya']",1986348,Telegraph.co.uk,London,,,https://www.proquest.com/docview/2741127823
risk,2741149346,Britain risks 11-year delay to Hinkley Point,2022-11-30,Newspapers,,33554,The Daily Telegraph,Tonbridge,,,https://www.proquest.com/docview/2741149346
risk,2741152299,Britain risks 11-year delay to Hinkley Point,2022-11-30,Newspapers,,33554,The Daily Telegraph,Tonbridge,,,https://www.proquest.com/docview/2741152299
worthwhile,2741250445,Green light for Sizewell to replicate Hinkley C,2022-11-30,Newspapers,"['Beament, Emily']",27176,Western Daily Press,London,,,https://www.proquest.com/docview/2741250445
risk,2742871110,UK's nuclear dreams face obstacle as Hinkley Point C plant at risk of 11-year delay,2022-11-30,Newspapers,"['Jacob, Paul']",2030468,Express (Online),London,,,https://www.proquest.com/docview/2742871110
unrelated,2742904857,UAE will continue to scale greater heights over coming 50 years: Mohammed bin Rashid,2022-12-01,Newspapers,,40133,Emirates News Agency (WAM),Camden,DE,,https://www.proquest.com/docview/2742904857
unrelated,2743823567,Scholz looks east and west as SPD party shifts to the left,2021-12-11,Newspapers,"['Scally, Derek']",27284,The Irish Times (1921-),Dublin,,,https://www.proquest.com/docview/2743823567
unrelated,2745016394,United States: Joint Statement Following the Meeting Between President Biden and President Macron,2022-12-05,Newspapers,,656306,Asia News Monitor,Bangkok,,,https://www.proquest.com/docview/2745016394
unrelated,2745016637,United States: Remarks by President Biden and President Macron of France in Joint Press Conference,2022-12-05,Newspapers,,656306,Asia News Monitor,Bangkok,,,https://www.proquest.com/docview/2745016637
risk,2745112937,The economics of mainstreaming climate action,2022-12-03,Newspapers,,28541,Gulf Times,Camden,DE,,https://www.proquest.com/docview/2745112937
worthwhile,2745190052,Abandon coal to save the world,2022-12-02,Newspapers,"['Johnston, Geoffrey']",44338,Kingston Whig - Standard,Toronto,Ontario,,https://www.proquest.com/docview/2745190052
risk,2745585700,Climate change a 'conflict threat multiplier' in Africa,2022-12-04,Newspapers,,50677,Oil & Gas News,Camden,DE,,https://www.proquest.com/docview/2745585700
risk,2745590725,Will Korea be able to achieve RE100?,2022-12-04,Newspapers,"['Kyung-min, Lee']",2046300,The Korea Times,Seoul,,,https://www.proquest.com/docview/2745590725
worthwhile,2745600312,Nuclear power option looking brighter,2022-12-03,Newspapers,"['Mills, Don']",44319,Chronicle - Herald,Toronto,Ontario,,https://www.proquest.com/docview/2745600312
unrelated,2745609133,‘We’ve lost a year’: political turmoil delays UK-Sahara energy link,2022-12-04,Newspapers,,35249,The Guardian,London,,,https://www.proquest.com/docview/2745609133
worthwhile,2745618259,"Indonesia plans to build nuclear power plant, seeks investors",2022-12-05,Newspapers,,2029686,IANS English,Noida,,,https://www.proquest.com/docview/2745618259
worthwhile,2745706771,How Japan Can Avoid Europe's Energy Mistakes,2022-12-05,Newspapers,,10482,Wall Street Journal,South Brunswick,NJ,,https://www.proquest.com/docview/2745706771
unrelated,2746043939,Marape cites low risk for investors in PNG,2022-12-06,Newspapers,,2040384,The Australian Financial Review,Pyrmont,NSW,,https://www.proquest.com/docview/2746043939
worthwhile,2746043981,Economics 101 warns us against energy price caps,2022-12-06,Newspapers,,2040384,The Australian Financial Review,Pyrmont,NSW,,https://www.proquest.com/docview/2746043981
unrelated,2746499950,£18bn project to link UK to huge wind and solar farm in Sahara delayed by a year,2022-12-05,Newspapers,,35249,The Guardian,London,,,https://www.proquest.com/docview/2746499950
unrelated,2747043942,World: Here are all the positive environmental stories from 2022 so far,2022-12-07,Newspapers,,656306,Asia News Monitor,Bangkok,,,https://www.proquest.com/docview/2747043942
unrelated,2747044887,European Union: Fabio Panetta - Greener and cheaper: could the transition away from fossil fuels generate a divine coincidence?,2022-12-07,Newspapers,,656306,Asia News Monitor,Bangkok,,,https://www.proquest.com/docview/2747044887
unrelated,2747124957,Inside the UK's deep sea tidal project which will power thousands of homes,2022-12-06,Newspapers,"['Jacob, Paul']",2030468,Express (Online),London,,,https://www.proquest.com/docview/2747124957
worthwhile,2747927588,United States: US-UK Energy Security and Affordability Partnership,2022-12-09,Newspapers,,656306,Asia News Monitor,Bangkok,,,https://www.proquest.com/docview/2747927588
worthwhile,2747944244,NTPC going nuclear as focus shifts on small reactors in climate fight [India Business],2022-12-09,Newspapers,"['Dutta, Sanjay']",29265,The Times of India,New Delhi,,,https://www.proquest.com/docview/2747944244
worthwhile,2747978551,LETTERS TO THE EDITOR,2022-12-09,Newspapers,,42763,The Australian,Surry Hills,NSW,,https://www.proquest.com/docview/2747978551
risk,2748119810,Why delay in phasing out nuclear power is dividing German village,2022-12-09,Newspapers,"['Partridge, Joanna']",35249,The Guardian,London,,,https://www.proquest.com/docview/2748119810
worthwhile,2748199263,Nuclear should remain a key option in energy debate,2022-12-08,Newspapers,,636359,The Australian (Online),Surry Hills,NSW,,https://www.proquest.com/docview/2748199263
worthwhile,2748891961,"US, UK Establish Joint Action Group For Energy Security",2022-12-08,Newspapers,,4916420,RTTNews,Miami,FL,,https://www.proquest.com/docview/2748891961
unrelated,2748977922,China: President Xi Jinping Attends First China-GCC Summit and Delivers Keynote Speech,2022-12-12,Newspapers,,656306,Asia News Monitor,Bangkok,,,https://www.proquest.com/docview/2748977922
worthwhile,2753416602,It’s now time for Australia to have sensible conversation about nuclear power benefits,2022-12-13,Newspapers,,42787,The Mercury,Surry Hills,NSW,,https://www.proquest.com/docview/2753416602
risk,2753442092,France requests emergency cut in electricity exports to UK as nuclear crisis deepens-live updates,2022-12-12,Newspapers,"['Price, Chris', 'Oliver, Matt']",1986348,Telegraph.co.uk,London,,,https://www.proquest.com/docview/2753442092
unrelated,2753662394,German car giants and Asian battery kings: a match made in Hungary,2022-12-13,Newspapers,,38707,Cyprus Mail,Camden,DE,,https://www.proquest.com/docview/2753662394
unrelated,2753681649,United States: G7 Leaders' Statement,2022-12-14,Newspapers,,656306,Asia News Monitor,Bangkok,,,https://www.proquest.com/docview/2753681649
worthwhile,2753888525,"Fusion energy has come of age, and the UK is rather good at it",2022-12-13,Newspapers,"['Evans-Pritchard, Ambrose']",1986348,Telegraph.co.uk,London,,,https://www.proquest.com/docview/2753888525
worthwhile,2753915107,Historic fusion energy breakthrough: A game changer for the world,2022-12-14,Newspapers,,3930285,Siasat Daily,New Delhi,,,https://www.proquest.com/docview/2753915107
risk,2754074291,A civilizational pivot?Don't hold your breath,2022-12-14,Newspapers,,75999,Mint,New Delhi,,,https://www.proquest.com/docview/2754074291
worthwhile,2754074646,United Kingdom: £102 million government backing for nuclear and hydrogen innovation in the UK,2022-12-15,Newspapers,,656306,Asia News Monitor,Bangkok,,,https://www.proquest.com/docview/2754074646
risk,2754075018,A civilizational pivot? Don't hold your breath,2022-12-14,Newspapers,,75999,Mint,New Delhi,,,https://www.proquest.com/docview/2754075018
unrelated,2754075704,United Kingdom: G7 Leaders' Statement,2022-12-15,Newspapers,,656306,Asia News Monitor,Bangkok,,,https://www.proquest.com/docview/2754075704
worthwhile,2754155870,US makes breakthrough in nuclear fusion research,2022-12-15,Newspapers,,2030588,China Daily,BEIJING,,,https://www.proquest.com/docview/2754155870
risk,2754676479,Carbon-free grid for Ontario will be costly: report,2022-12-16,Newspapers,"['Mcclearn, Matthew']",46323,The Globe and Mail,Toronto,Ontario,,https://www.proquest.com/docview/2754676479
worthwhile,2754923549,India's energy security policy: Need for increased corporate participation [Renewables],2022-12-17,Newspapers,,29263,The Economic Times,New Delhi,,,https://www.proquest.com/docview/2754923549
worthwhile,2755186362,"UPSC Essentials| Weekly news express with MCQs : Acid attacks, Bangladesh, and more",2022-12-17,Newspapers,"['Srivastava, Manas']",55068,Indian Express,NEW DELHI,,,https://www.proquest.com/docview/2755186362
unrelated,2755300435,United States: Biden-Harris Administration Announces $750 Million To Accelerate Clean Hydrogen Technologies,2022-12-19,Newspapers,,656306,Asia News Monitor,Bangkok,,,https://www.proquest.com/docview/2755300435
risk,2755353478,We’ve just extinguished pilot light to our future,2022-12-19,Newspapers,,42763,The Australian,Surry Hills,NSW,,https://www.proquest.com/docview/2755353478
risk,2755500707,We’ve just extinguished the pilot light to our future,2022-12-18,Newspapers,"['Cater, Nick']",636359,The Australian (Online),Surry Hills,NSW,,https://www.proquest.com/docview/2755500707
worthwhile,2756823866,"Turkey in talks with US to buy small nuclear reactors, weaning itself off coal",2022-12-21,Newspapers,,39181,AlArabiya.net,Camden,DE,,https://www.proquest.com/docview/2756823866
worthwhile,2757225051,How to defeat Putin’s energy blackmail once and for all,2022-12-23,Newspapers,"['Wilczek, Piotr']",1986348,Telegraph.co.uk,London,,,https://www.proquest.com/docview/2757225051
worthwhile,2757235706,Energy bill lifeline as Britons saving £6bn this winter thanks to green power push,2022-12-23,Newspapers,"['Jacob, Paul']",2030468,Express (Online),London,,,https://www.proquest.com/docview/2757235706
unrelated,2758482039,What's Ahead—and 3 Stocks to Watch—for Every S&amp;P 500 Sector,2022-12-28,Newspapers,,2048938,Barron's (Online),South Brunswick,NJ,,https://www.proquest.com/docview/2758482039
unrelated,2759075746,Louisiana conservatives consider ban on liberal business agendas,2022-12-26,Newspapers,"['Muller, Wesley']",46355,The Louisiana Weekly,NEW ORLEANS,LA,,https://www.proquest.com/docview/2759075746
worthwhile,2759102816,CES 2023: SK Group to focus on emission reduction tech,2022-12-29,Newspapers,,105397,Financial Express,NEW DELHI,,,https://www.proquest.com/docview/2759102816
worthwhile,2759740021,Culture wars over climate will define the year to come,2023-01-01,Newspapers,"['Callaway, David']",2042848,The Independent (Daily Edition),London,,,https://www.proquest.com/docview/2759740021
risk,2759758570,Putin kickstarts de-industrialisation of Europe's factories,2023-01-01,Newspapers,,32356,The Sunday Telegraph,Tonbridge,,,https://www.proquest.com/docview/2759758570
unrelated,2759877540,Putin kickstarts de-industrialisation of Europe's factories,2023-01-01,Newspapers,"['Rees, Tom']",1986348,Telegraph.co.uk,London,,,https://www.proquest.com/docview/2759877540
unrelated,2870152502,‘Big Oil has been lying’ for decades,2023-09-18,Newspapers,,33561,The Press,Wellington,,,https://www.proquest.com/docview/2870152502
risk,2870579653,"Do(almost) nothing; Here's an idea on climate change:; There is no question human activity is accelerating climate change.to address it, jesse kline argues, we need governments to get out of the way of progress",2023-09-30,Newspapers,"['Kline, Jesse']",45458,National Post,Toronto,Ontario,,https://www.proquest.com/docview/2870579653
risk,2870641747,Albertans must be thorough in weighing nuclear as energy option,2023-09-30,Newspapers,"['Peric, Sabrina']",47083,Calgary Herald,Toronto,Ontario,,https://www.proquest.com/docview/2870641747
unrelated,2870799160,"Cop28: A crucial year for Africa’s climate action as the clock is ticking, and fast",2023-10-02,Newspapers,,39818,The Star,Johannesburg,,,https://www.proquest.com/docview/2870799160
worthwhile,2870877495,Small Nuclear Reactors: The Answer To Big Tech’s Energy Crisis?,2023-10-02,Newspapers,,2040502,Yerepouni Daily News,Camden,DE,,https://www.proquest.com/docview/2870877495
worthwhile,2871058605,Canada: Minister Wilkinson Champions Investments in Critical Minerals and Clean Energy,2023-10-03,Newspapers,,656306,Asia News Monitor,Bangkok,,,https://www.proquest.com/docview/2871058605
worthwhile,2871415493,Humanity ‘has opened the gates of hell’,2023-10-03,Newspapers,,42787,The Mercury,Surry Hills,NSW,,https://www.proquest.com/docview/2871415493
unrelated,2871485015,"I'm ready for a fight over HS2, says Conservative mayor",2023-10-02,Newspapers,"['Maidment, Jack']",1986348,Telegraph.co.uk,London,,,https://www.proquest.com/docview/2871485015
unrelated,2871713639,How will Europe weather a second winter without gas from Russia?,2023-09-30,Newspapers,"['Ambrose, Jillian', 'Kirk, Ashley', 'Jones, Sam']",47145,The Observer,London,,,https://www.proquest.com/docview/2871713639
worthwhile,2871780012,Canada: Minister Wilkinson Champions Investments in Critical Minerals and Clean Energy,2023-10-04,Newspapers,,656306,Asia News Monitor,Bangkok,,,https://www.proquest.com/docview/2871780012
risk,2871931771,Give nuclear a chance in the race to net zero,2023-10-04,Newspapers,,42763,The Australian,Surry Hills,NSW,,https://www.proquest.com/docview/2871931771
unrelated,2871976717,Ukraine war LIVE: Putin could fire 'Chernobyl missile' as sick birthday gift,2023-10-03,Newspapers,,2030468,Express (Online),London,,,https://www.proquest.com/docview/2871976717
risk,2872268204,"Brett Peterson, Tony McGrady, Phil Barwick, Joyce McCulloch reveal thoughts on Mount Isa’s nuclear potential",2023-10-03,Newspapers,"['Burns, Chris']",4864703,Townsville Bulletin (Online),Surry Hills,NSW,,https://www.proquest.com/docview/2872268204
worthwhile,2872416809,Letters to the Editor,2023-10-05,Newspapers,,42763,The Australian,Surry Hills,NSW,,https://www.proquest.com/docview/2872416809
risk,2872543558,"Over 30,000 protesters march for climate actions",2023-10-01,Newspapers,"['Hye-yoon, Cho']",2046300,The Korea Times,Seoul,,,https://www.proquest.com/docview/2872543558
worthwhile,2872766924,Nuclear should be in the mix as we move away from fossil fuels,2023-10-04,Newspapers,,636359,The Australian (Online),Surry Hills,NSW,,https://www.proquest.com/docview/2872766924
worthwhile,2872962527,Canada: Minister Vandal announces investments to strengthen nuclear and clean mining supply chains in Saskatchewan,2023-10-06,Newspapers,,656306,Asia News Monitor,Bangkok,,,https://www.proquest.com/docview/2872962527
unrelated,2873545978,Lessons from China,2023-10-07,Newspapers,,26858,South China Morning Post,Hong Kong,,,https://www.proquest.com/docview/2873545978
unrelated,2873754853,The nuclear option,2023-10-08,Newspapers,,44089,Sun-Herald,Sydney,New South Wales,,https://www.proquest.com/docview/2873754853
risk,2873954561,Regulator in big push on renewables pace,2023-10-09,Newspapers,,2040384,The Australian Financial Review,Pyrmont,NSW,,https://www.proquest.com/docview/2873954561
unrelated,2874035877,Clean Energy Council calls for $100bn package,2023-10-09,Newspapers,,42763,The Australian,Surry Hills,NSW,,https://www.proquest.com/docview/2874035877
worthwhile,2874217316,Summit confirms energy transition is not on track,2023-10-10,Newspapers,,2040384,The Australian Financial Review,Pyrmont,NSW,,https://www.proquest.com/docview/2874217316
risk,2874710201,"July 11, 2023 (Page A6)",2023-07-11,Newspapers,,2047932,Toronto Star (2010-),Toronto,Ontario,,https://www.proquest.com/docview/2874710201
risk,2874710351,"July 8, 2023 (Page A8)",2023-07-08,Newspapers,,2047932,Toronto Star (2010-),Toronto,Ontario,,https://www.proquest.com/docview/2874710351
worthwhile,2874710457,"July 11, 2023 (Page B1)",2023-07-11,Newspapers,,2047932,Toronto Star (2010-),Toronto,Ontario,,https://www.proquest.com/docview/2874710457
risk,2875170610,"Show us the costings for going nuclear, Bowen tells Dutton",2023-10-11,Newspapers,,42763,The Australian,Surry Hills,NSW,,https://www.proquest.com/docview/2875170610
unrelated,2875171743,The Belt and Road Initiative: A Key Pillar of the Global Community of Shared Future,2023-10-11,Newspapers,,2030588,China Daily,BEIJING,,,https://www.proquest.com/docview/2875171743
unrelated,2875171757,The Belt and Road Initiative: A Key Pillar of the Global Community of Shared Future,2023-10-11,Newspapers,,2030555,China Daily,BEIJING,,,https://www.proquest.com/docview/2875171757
worthwhile,2875323036,How politics thwarts climate change action,2023-10-11,Newspapers,,33108,The Straits Times,News Centre,,,https://www.proquest.com/docview/2875323036
worthwhile,2876236202,Shaping a future-ready energy industry through Meralco Power Academy's Giga Summit,2023-10-12,Newspapers,,2032451,Business Mirror,,,,https://www.proquest.com/docview/2876236202
unrelated,2876828849,Green Hydrogen energy for an Atmanirbhar Bharat,2023-10-14,Newspapers,,3882661,The Sentinel,NEW DELHI,,,https://www.proquest.com/docview/2876828849
risk,2877065029,"July 15, 2023 (Page IN7)",2023-07-15,Newspapers,,2047932,Toronto Star (2010-),Toronto,Ontario,,https://www.proquest.com/docview/2877065029
unrelated,2877172409,United States: Biden-Harris Administration Announces Regional Clean Hydrogen Hubs to Drive Clean Manufacturing and Jobs,2023-10-16,Newspapers,,656306,Asia News Monitor,Bangkok,,,https://www.proquest.com/docview/2877172409
unrelated,2877307747,"UPSC Key—12 October, 2023: Operation Ajay, Mera Yuva Bharat and India-Palestine",2023-10-12,Newspapers,,55068,Indian Express,NEW DELHI,,,https://www.proquest.com/docview/2877307747
worthwhile,2878315631,"Canada: Joint Policy Statement on Developing and Transmitting Clean, Reliable and Affordable Power in Nova Scotia and New Brunswick",2023-10-19,Newspapers,,656306,Asia News Monitor,Bangkok,,,https://www.proquest.com/docview/2878315631
worthwhile,2878459896,Partners in delayed Georgia nuclear reactors settle financial dispute,2023-10-19,Newspapers,"['Nocera, Thomas']",45433,The Bond Buyer,NEW YORK,NY,,https://www.proquest.com/docview/2878459896
worthwhile,2879223488,Canada: Deputy Prime Minister co-chairs meeting of Canada-U.S. Energy Transformation Task Force,2023-10-23,Newspapers,,656306,Asia News Monitor,Bangkok,,,https://www.proquest.com/docview/2879223488
risk,2879486114,"August 24, 2023 (Page B2)",2023-08-24,Newspapers,,2047932,Toronto Star (2010-),Toronto,Ontario,,https://www.proquest.com/docview/2879486114
unrelated,2879486457,"August 19, 2023 (Page B3)",2023-08-19,Newspapers,,2047932,Toronto Star (2010-),Toronto,Ontario,,https://www.proquest.com/docview/2879486457
unrelated,2879785480,China: List of Multilateral Cooperation Deliverables of the Third Belt and Road Forum for International Cooperation,2023-10-23,Newspapers,,656306,Asia News Monitor,Bangkok,,,https://www.proquest.com/docview/2879785480
risk,2880141228,"Kazakhstan: Government does hard sell on nuclear, but public remains wary",2023-10-23,Newspapers,"['Kumenov, Almaz']",6401676,Eurasianet,New York,NY,,https://www.proquest.com/docview/2880141228
risk,2880243985,World: Power for Africa: The boom of nuclear energy?,2023-10-24,Newspapers,,656306,Asia News Monitor,Bangkok,,,https://www.proquest.com/docview/2880243985
risk,2880795197,"European Union: Some EU policies 'hinder' climate action, WWF says",2023-10-25,Newspapers,,656306,Asia News Monitor,Bangkok,,,https://www.proquest.com/docview/2880795197
unrelated,2880881615,"United States: FACT SHEET: Biden-Harris Administration Announces 31 Regional Tech Hubs to Spur American Innovation, Strengthen Manufacturing, and Create Good-Paying Jobs in Every Region of the Country",2023-10-25,Newspapers,,656306,Asia News Monitor,Bangkok,,,https://www.proquest.com/docview/2880881615
risk,2881053086,PH gov't exploring viable financing tools for nuclear power projects,2023-10-25,Newspapers,,3930286,Manila Bulletin,New Delhi,,,https://www.proquest.com/docview/2881053086
risk,2881497603,"Singapore: Speech By Gan Kim Yong, Minister For Trade And Industry, At Singapore International Energy Week 2023",2023-10-26,Newspapers,,656306,Asia News Monitor,Bangkok,,,https://www.proquest.com/docview/2881497603
worthwhile,2881515341,Letters to the Editor,2023-10-26,Newspapers,,42763,The Australian,Surry Hills,NSW,,https://www.proquest.com/docview/2881515341
unrelated,2881580794,What investors should focus on as climate change agenda setting heats up,2023-10-26,Newspapers,"['Gravier, Maurice']",616372,Gulf News,Camden,DE,,https://www.proquest.com/docview/2881580794
worthwhile,2881682732,Reliable electricity critical for the clean energy future,2023-10-25,Newspapers,,636359,The Australian (Online),Surry Hills,NSW,,https://www.proquest.com/docview/2881682732
worthwhile,2882281903,World Bank grants $1 billion loan to support South Africa's energy sector,2023-10-26,Newspapers,,4371403,Naija 247 News,,,,https://www.proquest.com/docview/2882281903
risk,2882301386,Can Dutton ride ill wind to power?,2023-10-28,Newspapers,,44841,Sydney Morning Herald,Sydney,New South Wales,,https://www.proquest.com/docview/2882301386
risk,2882301401,Can Dutton ride ill wind to power?,2023-10-28,Newspapers,,43154,The Age,Sydney,New South Wales,,https://www.proquest.com/docview/2882301401
risk,2882598652,"Chasing Big Mergers, Oil Executives Dismiss Peak Oil Concerns",2023-10-26,Newspapers,"['Krauss, Clifford']",45131,The New York Times,NEW YORK,NY,,https://www.proquest.com/docview/2882598652
worthwhile,2882789903,Govt must continue to 'take lead in S'pore's decarbonisation process',2023-10-28,Newspapers,,33108,The Straits Times,News Centre,,,https://www.proquest.com/docview/2882789903
unrelated,2882935122,What investors should focus on as climate change agenda setting heats up,2023-10-26,Newspapers,,616372,Gulf News,Camden,DE,,https://www.proquest.com/docview/2882935122
unrelated,2883194417,"October 25, 2023 (Page B3)",2023-10-25,Newspapers,,2047932,Toronto Star (2010-),Toronto,Ontario,,https://www.proquest.com/docview/2883194417
worthwhile,2883502518,"United States: FACT SHEET: Biden-Harris Administration Announces 31 Regional Tech Hubs to Spur American Innovation, Strengthen Manufacturing, and Create Good-Paying Jobs in Every Region of the Country",2023-10-31,Newspapers,,656306,Asia News Monitor,Bangkok,,,https://www.proquest.com/docview/2883502518
unrelated,2883504339,United States: Biden-Harris Administration Designates 31 Tech Hubs Across America,2023-10-31,Newspapers,,656306,Asia News Monitor,Bangkok,,,https://www.proquest.com/docview/2883504339
risk,2884142829,Mega Mergers Spark New Debate Over Oil Demand Controversy,2023-10-30,Newspapers,,2040502,Yerepouni Daily News,Camden,DE,,https://www.proquest.com/docview/2884142829
worthwhile,2884910984,The miraculous technology that could solve our energy problems and works now,2023-11-01,Newspapers,"['Porter, Kathryn']",1986348,Telegraph.co.uk,London,,,https://www.proquest.com/docview/2884910984
worthwhile,2885233007,Singapore: Singapore Energy Lecture by Minister Gan Kim Yong at the Singapore International Energy Week 2023,2023-11-03,Newspapers,,656306,Asia News Monitor,Bangkok,,,https://www.proquest.com/docview/2885233007
risk,2885284913,Is nuclear the answer to Australia's climate crisis?,2023-11-03,Newspapers,,5425109,EveningReport.nz,NEW DELHI,,,https://www.proquest.com/docview/2885284913
worthwhile,2885623000,Govt plans sops for making small modular N-reactors,2023-11-03,Newspapers,,75999,Mint,New Delhi,,,https://www.proquest.com/docview/2885623000
unrelated,2886362317,"World: A 'world-first' AI agreement, Elon Musk and backlash from tech community: The UK's AI summit",2023-11-07,Newspapers,,656306,Asia News Monitor,Bangkok,,,https://www.proquest.com/docview/2886362317
worthwhile,2887105527,MCA turns up heat on net zero,2023-11-09,Newspapers,,42763,The Australian,Surry Hills,NSW,,https://www.proquest.com/docview/2887105527
unrelated,2887129643,"A rapid clean-energy transition could save 181 million years of healthy human life annually by 2050, report finds",2023-11-08,Newspapers,"['Focht, Maiya', 'McFall-Johnsen, Morgan']",4682318,Business Insider,New York,NY,,https://www.proquest.com/docview/2887129643
worthwhile,2887176770,"Meralco, USNC begin study on MMR",2023-11-08,Newspapers,,2032451,Business Mirror,,,,https://www.proquest.com/docview/2887176770
worthwhile,2887188811,Nuclear power only path for industrial heat generation,2023-11-08,Newspapers,"['Down, Rhiannon']",636359,The Australian (Online),Surry Hills,NSW,,https://www.proquest.com/docview/2887188811
risk,2887583534,The energy transition is still in the starting blocks,2023-11-09,Newspapers,,50677,Oil & Gas News,Camden,DE,,https://www.proquest.com/docview/2887583534
worthwhile,2887644016,European Union: Speech by Commissioner Simson at the 16th European Nuclear Energy Forum,2023-11-10,Newspapers,,656306,Asia News Monitor,Bangkok,,,https://www.proquest.com/docview/2887644016
worthwhile,2887687119,New tech to cut radiation will save the day,2023-11-10,Newspapers,,34367,New Straits Times,Kuala Lumpur,,,https://www.proquest.com/docview/2887687119
risk,2887691596,"SO, SHOW US THE MONEY",2023-11-10,Newspapers,,42763,The Australian,Surry Hills,NSW,,https://www.proquest.com/docview/2887691596
worthwhile,2887691597,THE FRICTION OVER FISSION,2023-11-10,Newspapers,,42763,The Australian,Surry Hills,NSW,,https://www.proquest.com/docview/2887691597
unrelated,2887691984,THE ENERGY CHEAT SHEET,2023-11-10,Newspapers,,42763,The Australian,Surry Hills,NSW,,https://www.proquest.com/docview/2887691984
worthwhile,2887925933,Proposal for nuclear plants revised by lawmakers,2023-11-10,Newspapers,"['Petrella, Dan']",46852,Chicago Tribune,Chicago,IL,,https://www.proquest.com/docview/2887925933
unrelated,2887940772,Looking ahead to a brighter future for Atlantic Canada; New Year's,2023-01-07,Newspapers,"['Mills, Don']",40381,Telegraph-Journal,Toronto,Ontario,,https://www.proquest.com/docview/2887940772
unrelated,2887942688,The difficult tradeoffs of wood pellets for power; Renewable energy,2022-10-05,Newspapers,"['Wightman, Martin']",40381,Telegraph-Journal,Toronto,Ontario,,https://www.proquest.com/docview/2887942688
worthwhile,2887942721,Green future depends on nuclear power,2021-11-27,Newspapers,"['Mueller, Thomas']",40381,Telegraph-Journal,Toronto,Ontario,,https://www.proquest.com/docview/2887942721
worthwhile,2887943546,The case for more nuclear power; Energy future,2022-12-03,Newspapers,"['Mills, Don']",40381,Telegraph-Journal,Toronto,Ontario,,https://www.proquest.com/docview/2887943546
risk,2887949378,NB Power needs a strong hand - and a rate hike; Public utility,2022-10-25,Newspapers,"['Wightman, Martin']",40381,Telegraph-Journal,Toronto,Ontario,,https://www.proquest.com/docview/2887949378
risk,2887950611,Nuclear firm wants more than $250M in public funding,2023-02-17,Newspapers,"['Chilibeck, John']",40381,Telegraph-Journal,Toronto,Ontario,,https://www.proquest.com/docview/2887950611
worthwhile,2887959079,"Nuclear firm gets funding of $7M, despite cabinet concern",2023-10-25,Newspapers,"['Chilibeck, John']",40381,Telegraph-Journal,Toronto,Ontario,,https://www.proquest.com/docview/2887959079
risk,2887963911,Point Lepreau refit should not guide nuclear future; Energy generation,2021-10-06,Newspapers,"['Emery, Herb']",40381,Telegraph-Journal,Toronto,Ontario,,https://www.proquest.com/docview/2887963911
worthwhile,2887965337,A promising plan for Point Lepreau; Nuclear industry,2023-04-01,Newspapers,,40381,Telegraph-Journal,Toronto,Ontario,,https://www.proquest.com/docview/2887965337
risk,2887966722,"Energy in Atlantic Canada, 2022 in review",2022-12-31,Newspapers,"['Macmackin, Stephen']",40381,Telegraph-Journal,Toronto,Ontario,,https://www.proquest.com/docview/2887966722
risk,2887981663,How the pm is selling an lng export facility,2022-08-13,Newspapers,"['Huras, Adam']",40381,Telegraph-Journal,Toronto,Ontario,,https://www.proquest.com/docview/2887981663
risk,2888013679,Removal best for Milltown Dam; NB Power,2021-10-04,Newspapers,"['Wightman, Martin']",40381,Telegraph-Journal,Toronto,Ontario,,https://www.proquest.com/docview/2888013679
risk,2888015918,"Nukes, climate change are both threats, say activists",2023-10-19,Newspapers,"['Chilibeck, John']",40381,Telegraph-Journal,Toronto,Ontario,,https://www.proquest.com/docview/2888015918
risk,2888016314,Enough with the 'Dragons' Den' energy schemes: Mitton,2023-07-19,Newspapers,,40381,Telegraph-Journal,Toronto,Ontario,,https://www.proquest.com/docview/2888016314
risk,2888029006,Time to talk about the Clean Electricity Regulations,2023-09-09,Newspapers,"['Robichaud, Michelle']",40381,Telegraph-Journal,Toronto,Ontario,,https://www.proquest.com/docview/2888029006
unrelated,2889327430,"European Union: In the geopolitics of blocs, Europe as a power of balance - Speech by Commissioner Breton",2023-11-14,Newspapers,,656306,Asia News Monitor,Bangkok,,,https://www.proquest.com/docview/2889327430
worthwhile,2889418724,Europe gets to grips with all that friction over fission,2023-11-12,Newspapers,"['Magnay, Jacquelin']",636359,The Australian (Online),Surry Hills,NSW,,https://www.proquest.com/docview/2889418724
risk,2889742864,Bet on natural gas may not pay off,2023-11-15,Newspapers,,34367,New Straits Times,Kuala Lumpur,,,https://www.proquest.com/docview/2889742864
unrelated,2890145500,"Asian economies must ramp up wind and solar power to keep global warming under 1.5C, report says",2023-11-16,Newspapers,,2040502,Yerepouni Daily News,Camden,DE,,https://www.proquest.com/docview/2890145500
unrelated,2890221577,"Major Asian economies must ramp up wind and solar power to keep global warming under 1.5C, report says",2023-11-15,Newspapers,,2032451,Business Mirror,,,,https://www.proquest.com/docview/2890221577
unrelated,2890288764,OGN honoured for media role at top global conference,2023-11-16,Newspapers,,38562,TradeArabia,Camden,DE,,https://www.proquest.com/docview/2890288764
unrelated,2890288837,OGN honoured for media role at top global conference,2023-11-16,Newspapers,,29470,Gulf Daily News,Camden,DE,,https://www.proquest.com/docview/2890288837
unrelated,2890339663,"If we want to keep America from collapsing, we have to do the unthinkable",2023-11-16,Newspapers,"['Rogers, Adam']",4682318,Business Insider,New York,NY,,https://www.proquest.com/docview/2890339663
unrelated,2890382570,Hazza bin Zayed inaugurates world’s largest single-site solar power plant ahead of COP28,2023-11-16,Newspapers,,40133,Emirates News Agency (WAM),Camden,DE,,https://www.proquest.com/docview/2890382570
unrelated,2890401777,United States: Joint Statement of the Japan-U.S. Economic Policy Consultative Committee,2023-11-17,Newspapers,,656306,Asia News Monitor,Bangkok,,,https://www.proquest.com/docview/2890401777
risk,2890437606,"Nuclear weapons, climate change both great threats, say activists",2023-10-18,Newspapers,"['Chilibeck, John']",44319,Chronicle - Herald,Toronto,Ontario,,https://www.proquest.com/docview/2890437606
risk,2890442085,N.S. pitches plan to kick coal,2023-10-13,Newspapers,"['Beswick, Aaron']",44319,Chronicle - Herald,Toronto,Ontario,,https://www.proquest.com/docview/2890442085
worthwhile,2890458836,Nuclear firm gets millions in federal funding for New Brunswick project,2023-10-28,Newspapers,"['Chilibeck, John']",44319,Chronicle - Herald,Toronto,Ontario,,https://www.proquest.com/docview/2890458836
risk,2890462281,Decades of study still needed before fusion can be used as clean energy,2023-07-01,Newspapers,,44319,Chronicle - Herald,Toronto,Ontario,,https://www.proquest.com/docview/2890462281
risk,2890625267,"Hopper CEO’s climate startup Deep Sky raises $57.5-million – but faces huge odds, experts say",2023-11-17,Newspapers,"['Silcoff, Sean']",46323,The Globe and Mail,Toronto,Ontario,,https://www.proquest.com/docview/2890625267
unrelated,2890804558,World’s largest single-site solar plant launched in Abu Dhabi,2023-11-17,Newspapers,,38562,TradeArabia,Camden,DE,,https://www.proquest.com/docview/2890804558
worthwhile,2891082480,Surrounded by nuclear power plants,2023-11-18,Newspapers,"['Kaiser, Tobias', 'Wetzel, Daniel']",54211,Welt am Sonntag,Berlin,,,https://www.proquest.com/docview/2891082480
risk,2891375370,families near new pylons to get £1k obills,2023-11-19,Newspapers,,32356,The Sunday Telegraph,Tonbridge,,,https://www.proquest.com/docview/2891375370
risk,2891563097,Chancellor plans to take £1k off annual energy bills for those near new pylons,2023-11-19,Newspapers,"['Hazell, Will']",1986348,Telegraph.co.uk,London,,,https://www.proquest.com/docview/2891563097
unrelated,2891563668,World is facing ‘polycrisis’ warns South Korean president ahead of UK state visit,2023-11-19,Newspapers,"['Smith, Nicola']",1986348,Telegraph.co.uk,London,,,https://www.proquest.com/docview/2891563668
unrelated,2891729840,United States: Joint Statement of the Japan-U.S. Economic Policy Consultative Committee,2023-11-21,Newspapers,,656306,Asia News Monitor,Bangkok,,,https://www.proquest.com/docview/2891729840
unrelated,2891769239,Hazza bin Zayed inaugurates world’s largest single-site solar power plant ahead of COP28,2023-11-16,Newspapers,,40133,Emirates News Agency (WAM),Camden,DE,,https://www.proquest.com/docview/2891769239
risk,2891869746,COSTLY TO RELY ON NATURAL GAS,2023-11-21,Newspapers,,34367,New Straits Times,Kuala Lumpur,,,https://www.proquest.com/docview/2891869746
risk,2892169381,Coal isn’t easy to exclude from sustainable development,2023-11-22,Newspapers,,866348,The Hindu,Chennai,Tamil Nadu,,https://www.proquest.com/docview/2892169381
unrelated,2892175006,"15 Stocks to Buy Around the World, From Our International Roundtable Experts",2023-11-22,Newspapers,"['Kapadia, Reshma']",2048938,Barron's (Online),South Brunswick,NJ,,https://www.proquest.com/docview/2892175006
risk,2892420216,Sask. seeks delay on net-zero goal; Minister pens letter to Guilbeault asking feds to 'accept' 2050 target,2023-11-22,Newspapers,"['Kurz, Larissa']",25399,Star - Phoenix,Toronto,Ontario,,https://www.proquest.com/docview/2892420216
risk,2892420234,Sask. seeks delay on net-zero goal; Minister pens letter to Guilbeault asking feds to 'accept' 2050 target,2023-11-22,Newspapers,"['Kurz, Larissa']",27469,Leader Post,Toronto,Ontario,,https://www.proquest.com/docview/2892420234
risk,2892451205,Comparing SMR realities,2023-11-22,Newspapers,"['Cunningham, Norbert']",40381,Telegraph-Journal,Toronto,Ontario,,https://www.proquest.com/docview/2892451205
risk,2892748170,Allies say it’s nuclear for take-off,2023-11-24,Newspapers,,42763,The Australian,Surry Hills,NSW,,https://www.proquest.com/docview/2892748170
risk,2892749008,Allies say it’s nuclear for take-off,2023-11-24,Newspapers,,42763,The Australian,Surry Hills,NSW,,https://www.proquest.com/docview/2892749008
risk,2892749308,Bowen wants blank cheque as world looks to nuclear,2023-11-24,Newspapers,,42763,The Australian,Surry Hills,NSW,,https://www.proquest.com/docview/2892749308
risk,2892893447,Allies say it is nuclear for take-off in climate ambush,2023-11-23,Newspapers,"['Chambers, Geoff', 'Lewis, Rosie']",636359,The Australian (Online),Surry Hills,NSW,,https://www.proquest.com/docview/2892893447
worthwhile,2892929793,Bowen wants blank cheque as world looks to nuclear,2023-11-23,Newspapers,,636359,The Australian (Online),Surry Hills,NSW,,https://www.proquest.com/docview/2892929793
worthwhile,2893078865,"Uranium on a roll … no seriously, this time it looks like it’s for real",2023-11-25,Newspapers,,42764,Weekend Australian,Surry Hills,NSW,,https://www.proquest.com/docview/2893078865
risk,2893501773,Why won't Sask. discuss emissions with Ottawa?; Federal energy minister puzzled by province's unwillingness to talk,2023-11-25,Newspapers,"['Mandryk, Murray']",27469,Leader Post,Toronto,Ontario,,https://www.proquest.com/docview/2893501773
risk,2893505520,Why won't Sask. discuss emissions with Ottawa?; Federal energy minister puzzled by province's unwillingness to talk,2023-11-25,Newspapers,"['Mandryk, Murray']",25399,Star - Phoenix,Toronto,Ontario,,https://www.proquest.com/docview/2893505520
worthwhile,2893541681,Rolls boss: Why Britain must win nuclear race,2023-11-26,Newspapers,"['Sunderl, Ruth', 'Brummer, Alex']",45309,Mail on Sunday,London,,,https://www.proquest.com/docview/2893541681
worthwhile,2893542379,Rolls boss: Why Britain must win nuclear race,2023-11-26,Newspapers,"['Sunderl, Ruth', 'Brummer, Alex']",45309,Mail on Sunday,London,,,https://www.proquest.com/docview/2893542379
unrelated,2893548543,Optimistic vibe ahead of Dubai's climate carnival,2023-11-27,Newspapers,,2040384,The Australian Financial Review,Pyrmont,NSW,,https://www.proquest.com/docview/2893548543
risk,2893589538,‘Renewable-only ideology’: Chris Bowen slammed by Senator Michaelia Cash for being ‘out of date’ on nuclear energy,2023-11-25,Newspapers,"['Quail, Jack']",636365,News.com.au,Surry Hills,NSW,,https://www.proquest.com/docview/2893589538
risk,2893695271,Coal isn’t easy to exclude from sustainable development,2023-11-27,Newspapers,,866348,The Hindu,Chennai,Tamil Nadu,,https://www.proquest.com/docview/2893695271
worthwhile,2893945150,UKIB 'to double its money for projects',2023-08-05,Newspapers,"['Crossland, Michael']",27174,The Yorkshire Post,Tunbridge Wells,,,https://www.proquest.com/docview/2893945150
risk,2894055696,Sunak's 'green gamble' may pay off with voters,2023-09-22,Newspapers,"['Carmichael, Bill']",27174,The Yorkshire Post,Tunbridge Wells,,,https://www.proquest.com/docview/2894055696
unrelated,2894098539,President Yoon Suk Yeol's address at U.K. Parliament,2023-11-22,Newspapers,,2046300,The Korea Times,Seoul,,,https://www.proquest.com/docview/2894098539
unrelated,2894448177,"China: Foreign Ministry Spokesperson Wang Wenbin's Regular Press Conference on November 27, 2023",2023-11-29,Newspapers,,656306,Asia News Monitor,Bangkok,,,https://www.proquest.com/docview/2894448177
unrelated,2894448570,United States: Could Dubai Benefit from Hosting COP28?,2023-11-29,Newspapers,,656306,Asia News Monitor,Bangkok,,,https://www.proquest.com/docview/2894448570
risk,2894511623,Letters to the Editor,2023-11-29,Newspapers,,42763,The Australian,Surry Hills,NSW,,https://www.proquest.com/docview/2894511623
worthwhile,2894511882,COP28 no time for renewables smugness,2023-11-29,Newspapers,,42763,The Australian,Surry Hills,NSW,,https://www.proquest.com/docview/2894511882
worthwhile,2894609380,Dear Justin Trudeau: Resist the temptation to moralize on the climate transition,2023-11-28,Newspapers,"['Simakov, Alex']",46323,The Globe and Mail,Toronto,Ontario,,https://www.proquest.com/docview/2894609380
worthwhile,2894686214,Full steam ahead on renewables despite escalating cost,2023-11-28,Newspapers,,636359,The Australian (Online),Surry Hills,NSW,,https://www.proquest.com/docview/2894686214
unrelated,2894974710,ECITB provides £1m skills pot for industrial clusters,2023-11-29,Newspapers,"['Laister, David']",307105,Grimsby Telegraph / Scunthorpe Evening Telegraph,London,,,https://www.proquest.com/docview/2894974710
unrelated,2895434772,ECITB provides £1m skills pot for industrial clusters,2023-11-30,Newspapers,"['Laister, David']",307105,Grimsby Telegraph / Scunthorpe Evening Telegraph,London,,,https://www.proquest.com/docview/2895434772
risk,2895455998,Net losses,2023-12-01,Newspapers,,46325,The Scotsman,Edinburgh,,,https://www.proquest.com/docview/2895455998
worthwhile,2895512961,"Nuclear waste should be used to heat homes, ministers advised",2023-11-30,Newspapers,"['Gibbons, Amy']",1986348,Telegraph.co.uk,London,,,https://www.proquest.com/docview/2895512961
worthwhile,2895985789,"Cop28 UAE in Dubai Day 3 Live: Kamala Harris, Emmanuel Macron, others to take spotlight",2023-12-02,Newspapers,,616372,Gulf News,Camden,DE,,https://www.proquest.com/docview/2895985789
unrelated,2896031861,"COP28 UAE in Dubai Day 3 Live: Kamala Harris, Emmanuel Macron, others take spotlight",2023-12-02,Newspapers,,616372,Gulf News,Camden,DE,,https://www.proquest.com/docview/2896031861
unrelated,2896032152,"As it happened: Over 120 countries pledge clean energy boost, health declaration on Day 3 of COP28",2023-12-02,Newspapers,,616372,Gulf News,Camden,DE,,https://www.proquest.com/docview/2896032152
worthwhile,2896032158,COP28: 117 countries agree to triple renewable energy,2023-12-02,Newspapers,,38707,Cyprus Mail,Camden,DE,,https://www.proquest.com/docview/2896032158
worthwhile,2896056555,Union minister R K Singh advocates nuclear power amid storage challenges,2023-12-02,Newspapers,,29618,The Hindustan Times,New Delhi,,,https://www.proquest.com/docview/2896056555
worthwhile,2896117862,DOES BRITAIN'S VOICE MATTER AT COP28?,2023-12-03,Newspapers,"['Brown, Alexander']",46327,Scotland on Sunday,Tunbridge Wells,,,https://www.proquest.com/docview/2896117862
risk,2896189497,Renewable energy the smarter choice; Featured letter,2023-12-02,Newspapers,"['Maclean, Tom']",40381,Telegraph-Journal,Toronto,Ontario,,https://www.proquest.com/docview/2896189497
risk,2896402079,Scottish Greens accused of being 'out of step' over nuclear power,2023-12-04,Newspapers,"['Amery, Rachel']",46325,The Scotsman,Edinburgh,,,https://www.proquest.com/docview/2896402079
risk,2896435396,Labor’s bid to host climate summit is nothing short of farce,2023-12-04,Newspapers,,42763,The Australian,Surry Hills,NSW,,https://www.proquest.com/docview/2896435396
unrelated,2896682451,Look before leaping in big move to hydrogen,2023-12-04,Newspapers,"['Cresswell, Jeremy']",25365,The Press and Journal,Tunbridge Wells,,,https://www.proquest.com/docview/2896682451
worthwhile,2896838964,"World: COP28: Scholz calls for phase-out of coal, oil and gas",2023-12-05,Newspapers,,656306,Asia News Monitor,Bangkok,,,https://www.proquest.com/docview/2896838964
unrelated,2896843555,United States: FACT SHEET: Biden-Harris Administration Leverages Historic U.S. Climate Leadership at Home and Abroad to Urge Countries to Accelerate Global Climate Action at U.N. Climate Conference (COP28),2023-12-05,Newspapers,,656306,Asia News Monitor,Bangkok,,,https://www.proquest.com/docview/2896843555
risk,2896877518,Why Labor’s bid to host COP is just another play at vanity politics,2023-12-03,Newspapers,,636359,The Australian (Online),Surry Hills,NSW,,https://www.proquest.com/docview/2896877518
risk,2897031315,Franco-Australian relations rebooted as foreign ministers ink security deal,2023-12-03,Newspapers,"['Campbell, Eleanor', 'Gould, Courtney', 'Quail, Jack']",636365,News.com.au,Surry Hills,NSW,,https://www.proquest.com/docview/2897031315
worthwhile,2897079919,Rewiring 'power play'. and rewriting PH energy policies with 'green ink',2023-12-04,Newspapers,,3930286,Manila Bulletin,New Delhi,,,https://www.proquest.com/docview/2897079919
worthwhile,2897149477,Letters,2023-12-05,Newspapers,,42765,The Advertiser,Surry Hills,NSW,,https://www.proquest.com/docview/2897149477
risk,2897346105,United States And Allies To Triple Nuclear Energy Capacity By 2050,2023-12-05,Newspapers,,2040502,Yerepouni Daily News,Camden,DE,,https://www.proquest.com/docview/2897346105
unrelated,2897364185,"UPSC Key—4th December, 2023: Coal phase-out, Cyclone Michaung and All India Judicial Service",2023-12-04,Newspapers,,55068,Indian Express,NEW DELHI,,,https://www.proquest.com/docview/2897364185
unrelated,2897579458,Brazil: Brazil Country Analysis Brief,2023-12-06,Newspapers,,656306,Asia News Monitor,Bangkok,,,https://www.proquest.com/docview/2897579458
unrelated,2898354923,Revealed: Arabian Business’ Sustainability Heroes 2023,2023-12-06,Newspapers,,39150,Arabianbusiness.com,Camden,DE,,https://www.proquest.com/docview/2898354923
worthwhile,2898649577,Design for nuclear-powered ship unveiled,2023-12-07,Newspapers,"['Zhao, Lei']",2030588,China Daily,BEIJING,,,https://www.proquest.com/docview/2898649577
worthwhile,2898650136,Design for nuclear-powered ship unveiled,2023-12-07,Newspapers,"['Zhao, Lei']",2030555,China Daily,BEIJING,,,https://www.proquest.com/docview/2898650136
worthwhile,2899050765,"Over 60% favor nuclear power, advocates Mallee MP",2023-12-08,Newspapers,,636449,The Wimmera Mail - Times,Canberra ACT,,,https://www.proquest.com/docview/2899050765
worthwhile,2899051105,"Over 60% favor nuclear power, advocates Mallee MP",2023-12-08,Newspapers,,636449,The Wimmera Mail - Times,Canberra ACT,,,https://www.proquest.com/docview/2899051105
unrelated,2899051130,"Over 60% favor nuclear power, advocates Mallee MP",2023-12-08,Newspapers,,796383,Ararat Advertiser and Stawell Times,Canberra ACT,,,https://www.proquest.com/docview/2899051130
worthwhile,2899051655,"Over 60% favor nuclear power, advocates Mallee MP",2023-12-08,Newspapers,,636449,The Wimmera Mail - Times,Canberra ACT,,,https://www.proquest.com/docview/2899051655
unrelated,2899061876,United Kingdom: G7 Leaders' Statement,2023-12-08,Newspapers,,656306,Asia News Monitor,Bangkok,,,https://www.proquest.com/docview/2899061876
worthwhile,2899298445,"UPSC Key—6th December, 2023: Line of Credit, Net-Zero Emissions and Coastal Erosion",2023-12-06,Newspapers,,55068,Indian Express,NEW DELHI,,,https://www.proquest.com/docview/2899298445
unrelated,2899303309,We need to prevent a global AI arms race now,2023-12-08,Newspapers,,33108,The Straits Times,News Centre,,,https://www.proquest.com/docview/2899303309
unrelated,2899308529,Revealed: Arabian Business Top 50 CEOs of 2023,2023-12-08,Newspapers,,39150,Arabianbusiness.com,Camden,DE,,https://www.proquest.com/docview/2899308529
unrelated,2899309669,Nikhil Nigania of AB Bernstein is gung-ho on the power sector. Here's why [Market-Expert-View],2023-12-08,Newspapers,,856336,ET Now,New Delhi,,,https://www.proquest.com/docview/2899309669
unrelated,2899396378,"China: Foreign Ministry Spokesperson Wang Wenbin's Regular Press Conference on December 7, 2023",2023-12-11,Newspapers,,656306,Asia News Monitor,Bangkok,,,https://www.proquest.com/docview/2899396378
unrelated,2899396778,United States: G7 Leaders' Statement,2023-12-11,Newspapers,,656306,Asia News Monitor,Bangkok,,,https://www.proquest.com/docview/2899396778
unrelated,2899419718,"United States: At COP28, Countries Launch Declaration of Intent on Clean Hydrogen",2023-12-11,Newspapers,,656306,Asia News Monitor,Bangkok,,,https://www.proquest.com/docview/2899419718
unrelated,2899420330,"United States: At COP28, Net Zero World Showcases Progress in Transforming Emerging Energy Economies",2023-12-11,Newspapers,,656306,Asia News Monitor,Bangkok,,,https://www.proquest.com/docview/2899420330
unrelated,2899420631,Russia: Mikhail Mishustin's lecture Creating the future today at Znaniye's lecture hall,2023-12-11,Newspapers,,656306,Asia News Monitor,Bangkok,,,https://www.proquest.com/docview/2899420631
worthwhile,2899474753,COP28 hits tipping point for reliable power,2023-12-09,Newspapers,,42764,Weekend Australian,Surry Hills,NSW,,https://www.proquest.com/docview/2899474753
worthwhile,2899509821,"Car makers face 1.2m payouts over emissions cheating claims, judges told",2023-12-08,Newspapers,"['Price, Chris', 'Singleton, Alex']",1986348,Telegraph.co.uk,London,,,https://www.proquest.com/docview/2899509821
unrelated,2899567067,Startup Mantra: Digi-tech dispensing valve for liquids to upscale biz,2023-12-09,Newspapers,,29618,The Hindustan Times,New Delhi,,,https://www.proquest.com/docview/2899567067
unrelated,2899573013,Governing as if nothing had happened,2023-12-09,Newspapers,"['Doll, Nikolaus']",54211,Welt am Sonntag,Berlin,,,https://www.proquest.com/docview/2899573013
worthwhile,2899634993,Coalition push to unleash uranium reserves and nuclear power,2023-12-08,Newspapers,"['Chambers, Geoff']",636359,The Australian (Online),Surry Hills,NSW,,https://www.proquest.com/docview/2899634993
worthwhile,2899640586,King Charles ramps up alarmism ... seemingly unaware of his own carbon footprint,2023-12-08,Newspapers,"['Kenny, Chris']",636359,The Australian (Online),Surry Hills,NSW,,https://www.proquest.com/docview/2899640586
worthwhile,2900052672,Coalition powers up its nuclear quest in Dubai,2023-12-11,Newspapers,,2040384,The Australian Financial Review,Pyrmont,NSW,,https://www.proquest.com/docview/2900052672
worthwhile,2900123247,New nuclear power plant given the go-ahead - without China,2022-11-30,Newspapers,"['Boycott-Owen, Mason']",27174,The Yorkshire Post,Tunbridge Wells,,,https://www.proquest.com/docview/2900123247
worthwhile,2900176897,"ENEC, X-energy partner to explore deployment of advanced nuclear energy technology",2023-12-11,Newspapers,,40133,Emirates News Agency (WAM),Camden,DE,,https://www.proquest.com/docview/2900176897
risk,2900273584,"Transition needs gas, not nuclear",2023-12-12,Newspapers,,2040384,The Australian Financial Review,Pyrmont,NSW,,https://www.proquest.com/docview/2900273584
risk,2900292462,Dubai headed for a COP-out?,2023-12-12,Newspapers,,2040384,The Australian Financial Review,Pyrmont,NSW,,https://www.proquest.com/docview/2900292462
worthwhile,2900409217,Nuclear power to be classed as 'environmentally sustainable',2023-03-16,Newspapers,,27174,The Yorkshire Post,Tunbridge Wells,,,https://www.proquest.com/docview/2900409217
worthwhile,2900593716,ANALYSIS: How the UAE went from a regional hub to a global bastion of stability,2023-12-12,Newspapers,,39150,Arabianbusiness.com,Camden,DE,,https://www.proquest.com/docview/2900593716
worthwhile,2900600719,Ten surprises for 2024,2023-12-12,Newspapers,,33677,The Business Times,News Centre,,,https://www.proquest.com/docview/2900600719
risk,2900668482,"Nuclear energy is not viable for Australia, for a number of reasons",2023-12-13,Newspapers,,726339,The Canberra Times,Canberra ACT,,,https://www.proquest.com/docview/2900668482
risk,2900793018,Scepticism over nuclear costs,2023-12-13,Newspapers,"['Erasmus, Denene']",4821773,Business Day,Saxonwold,,,https://www.proquest.com/docview/2900793018
worthwhile,2900794711,Here Come the Unicorns of Clean Energy,2023-12-13,Newspapers,"['Salzman, Avi']",2048938,Barron's (Online),South Brunswick,NJ,,https://www.proquest.com/docview/2900794711
risk,2900867427,Bowen's big bang energy push puts heat on Coalition,2023-11-24,Newspapers,,2040384,The Australian Financial Review,Pyrmont,NSW,,https://www.proquest.com/docview/2900867427
risk,2900867979,COP28 shows weaning the world off fossil fuels is hard to do,2023-12-14,Newspapers,,2040384,The Australian Financial Review,Pyrmont,NSW,,https://www.proquest.com/docview/2900867979
risk,2900972794,Why nuclear is not an option for Australia,2023-12-14,Newspapers,,646473,Queensland Country Life,Canberra ACT,,,https://www.proquest.com/docview/2900972794
risk,2900979098,Why nuclear is not an option for Australia,2023-12-14,Newspapers,,646457,Stock and Land,Canberra ACT,,,https://www.proquest.com/docview/2900979098
worthwhile,2901261644,"Climate transition strengthens Sweden’s competitiveness, increases our growth",2023-12-13,Newspapers,,2044880,The Guardian,Camden,DE,,https://www.proquest.com/docview/2901261644
unrelated,2901497861,United States: DOE Launches New Office to Coordinate Critical and Emerging Technology,2023-12-15,Newspapers,,656306,Asia News Monitor,Bangkok,,,https://www.proquest.com/docview/2901497861
unrelated,2901514841,"China: Foreign Ministry Spokesperson Mao Ning's Regular Press Conference on December 13, 2023",2023-12-15,Newspapers,,656306,Asia News Monitor,Bangkok,,,https://www.proquest.com/docview/2901514841
worthwhile,2901621320,'Fossil fuel era comes to a close' as COP28 reaches historic deal,2023-12-14,Newspapers,,2030468,Express (Online),London,,,https://www.proquest.com/docview/2901621320
worthwhile,2901721575,EYE ON EQUITIES,2023-12-15,Newspapers,"['Leeder, David']",46323,The Globe and Mail,Toronto,Ontario,,https://www.proquest.com/docview/2901721575
risk,2902119880,Letters to the Editor,2023-12-16,Newspapers,,42764,Weekend Australian,Surry Hills,NSW,,https://www.proquest.com/docview/2902119880
risk,2902121213,Letters to the Editor,2023-12-16,Newspapers,,42764,Weekend Australian,Surry Hills,NSW,,https://www.proquest.com/docview/2902121213
worthwhile,2902123264,Chiefs embrace a nuclear dawn,2023-12-16,Newspapers,,42764,Weekend Australian,Surry Hills,NSW,,https://www.proquest.com/docview/2902123264
risk,2902167081,Germany on brink of most daring leap in modern industrial history,2022-01-19,Newspapers,"['Scally, Derek']",27284,The Irish Times (1921-),Dublin,,,https://www.proquest.com/docview/2902167081
risk,2902298871,Congratulations for COP28 job well done much too premature,2023-12-15,Newspapers,,636359,The Australian (Online),Surry Hills,NSW,,https://www.proquest.com/docview/2902298871
risk,2902299076,Green energy alternatives put grid reliability at risk,2023-12-15,Newspapers,,636359,The Australian (Online),Surry Hills,NSW,,https://www.proquest.com/docview/2902299076
worthwhile,2902562144,Zero-carbon electricity,2022-01-10,Newspapers,"['Wheeler, Claire']",27284,The Irish Times (1921-),Dublin,,,https://www.proquest.com/docview/2902562144
worthwhile,2902566628,Can nuclear energy truly be 'green'?,2022-01-18,Newspapers,"['Duff, Denis']",27284,The Irish Times (1921-),Dublin,,,https://www.proquest.com/docview/2902566628
risk,2902603340,Europe should not classify natural gas as green energy,2022-04-26,Newspapers,"['Cuffe, Ciaran', 'O'Sullivan, Grace']",27284,The Irish Times (1921-),Dublin,,,https://www.proquest.com/docview/2902603340
unrelated,2902634469,We'd better start being nice to Britain --they control our gas,2022-02-26,Newspapers,"['Taylor, Cliff']",27284,The Irish Times (1921-),Dublin,,,https://www.proquest.com/docview/2902634469
risk,2902691196,COP28 summit: some interesting aspects,2023-12-17,Newspapers,,76002,The Financial Express,New Delhi,,,https://www.proquest.com/docview/2902691196
worthwhile,2902768005,Chiefs embrace a nuclear dawn,2023-12-16,Newspapers,,42764,Weekend Australian,Surry Hills,NSW,,https://www.proquest.com/docview/2902768005
unrelated,2903098022,Octopus Energy achieves £6.2bn valuation after raising £625m from investors,2023-12-18,Newspapers,"['Singleton, Alex', 'Price, Chris', 'Boland, Hannah']",1986348,Telegraph.co.uk,London,,,https://www.proquest.com/docview/2903098022
worthwhile,2903293777,Navigating the post-COP28 landscape for global decarbonisation,2023-12-19,Newspapers,"['Somani, Sharad']",33677,The Business Times,News Centre,,,https://www.proquest.com/docview/2903293777
worthwhile,2903467920,World: EU Policy. ROUNDUP: Key environment and energy votes in parliament,2023-12-20,Newspapers,,656306,Asia News Monitor,Bangkok,,,https://www.proquest.com/docview/2903467920
unrelated,2903687582,Can southern China introduce central heating?,2023-12-20,Newspapers,"['Huang, Hui']",2030555,China Daily,BEIJING,,,https://www.proquest.com/docview/2903687582
unrelated,2903687825,Can southern China introduce central heating?,2023-12-20,Newspapers,"['Huang, Hui']",2030588,China Daily,BEIJING,,,https://www.proquest.com/docview/2903687825
unrelated,2903990714,Azerbaijan: Caucasus pivot and Europe’s bridge to Central Asia,2023-12-20,Newspapers,,2040502,Yerepouni Daily News,Camden,DE,,https://www.proquest.com/docview/2903990714
unrelated,2904250452,Malaysia/Japan: Elevation Of Bilateral Relations Between Malaysia And Japan To Comprehensive Strategic Partnership 16 December 2023,2023-12-22,Newspapers,,656306,Asia News Monitor,Bangkok,,,https://www.proquest.com/docview/2904250452
worthwhile,2904555248,Transition finance from the prism of energy security,2023-12-22,Newspapers,,33677,The Business Times,News Centre,,,https://www.proquest.com/docview/2904555248
risk,2904606881,The Coalition's nuclear power play is embarrassing,2023-12-23,Newspapers,,726339,The Canberra Times,Canberra ACT,,,https://www.proquest.com/docview/2904606881
risk,2905035663,Scramble for uranium supplies on new nuclear Silk Road,2023-12-23,Newspapers,"['Oliver, Matt']",1986348,Telegraph.co.uk,London,,,https://www.proquest.com/docview/2905035663
worthwhile,2905824837,Beyond the shallows of Australia's energy conundrum,2023-12-27,Newspapers,,726339,The Canberra Times,Canberra ACT,,,https://www.proquest.com/docview/2905824837
worthwhile,2905998708,World is showing us that nuclear is perfect backup,2023-12-27,Newspapers,,42789,The Daily Telegraph,Surry Hills,NSW,,https://www.proquest.com/docview/2905998708
unrelated,2907002875,"Headline news for Wootzano, SeAH, British Steel and EDF",2023-12-28,Newspapers,"['Hughes, Mike']",45456,Northern Echo,Darlington,,,https://www.proquest.com/docview/2907002875
risk,2907888433,"ELEVENTH HOUR - COP28 victories, fumbles, and the road ahead",2023-12-31,Newspapers,,3930286,Manila Bulletin,New Delhi,,,https://www.proquest.com/docview/2907888433
worthwhile,2907998516,Letters to the Editor,2024-01-01,Newspapers,,42763,The Australian,Surry Hills,NSW,,https://www.proquest.com/docview/2907998516
worthwhile,2908111125,Costello right to advocate introduction of nuclear energy,2023-12-31,Newspapers,,636359,The Australian (Online),Surry Hills,NSW,,https://www.proquest.com/docview/2908111125
unrelated,2909114360,"Hyundai Group opens first dedicated EV plant in Korea Kia AutoLand, Executive Chair Euisun Chung says needs to be future-ready",2024-01-03,Newspapers,,105397,Financial Express,NEW DELHI,,,https://www.proquest.com/docview/2909114360
worthwhile,2909144589,Countries promise clean energy boost at COP28,2023-12-04,Newspapers,,4821772,Daily Dispatch,Saxonwold,,,https://www.proquest.com/docview/2909144589
unrelated,2909313000,Putin ships record gas supplies to China to prop up war economy,2024-01-03,Newspapers,"['Price, Chris', 'Leake, Jonathan', 'Singleton, Alex']",1986348,Telegraph.co.uk,London,,,https://www.proquest.com/docview/2909313000
unrelated,2912101019,"We didn't mean to rip people off at the pump, say Asda owners",2024-01-09,Newspapers,"['Price, Chris', 'Nolsoe, Eir', 'Singleton, Alex']",1986348,Telegraph.co.uk,London,,,https://www.proquest.com/docview/2912101019
worthwhile,2912614810,China’s push for nuclear energy significant,2023-08-07,Newspapers,,1316360,Shenzhen Daily,Beijing,,,https://www.proquest.com/docview/2912614810
unrelated,2912618116,What awaits Uganda’s mining sector in 2024,2024-01-10,Newspapers,,2044878,The Observer,Camden,DE,,https://www.proquest.com/docview/2912618116
worthwhile,2912979149,Anthony Albanese warned by US that Australia will be left behind on nuclear microreactors,2024-01-10,Newspapers,"['Creighton, Adam', 'Packham, Colin', 'Panagopoulos, Joanna']",636359,The Australian (Online),Surry Hills,NSW,,https://www.proquest.com/docview/2912979149
unrelated,2913200518,Forrest vows 20GW green energy boost,2024-01-12,Newspapers,,42763,The Australian,Surry Hills,NSW,,https://www.proquest.com/docview/2913200518
unrelated,2913213853,Ensuring energy transition benefits everyone,2024-01-12,Newspapers,,34367,New Straits Times,Kuala Lumpur,,,https://www.proquest.com/docview/2913213853
unrelated,2913252666,Microsoft and Apple neck and neck in race to be world’s most valuable company,2024-01-11,Newspapers,"['Field, Matthew', 'Price, Chris', 'Singleton, Alex']",1986348,Telegraph.co.uk,London,,,https://www.proquest.com/docview/2913252666
risk,2913674350,Actions &amp; reforms to ensure clean energy for all,2024-01-13,Newspapers,,76002,The Financial Express,New Delhi,,,https://www.proquest.com/docview/2913674350
risk,2913741508,Outsourcing Britain’s nuclear renewal is insanity,2024-01-13,Newspapers,"['Warner, Jeremy']",1986348,Telegraph.co.uk,London,,,https://www.proquest.com/docview/2913741508
risk,2913822279,"If we are to go full nuclear, let's at least ensure solutions are British",2024-01-14,Newspapers,,32356,The Sunday Telegraph,Tonbridge,,,https://www.proquest.com/docview/2913822279
unrelated,2914279162,"United Nations: Secretary-General Urges Statesmanship to End Geopolitical Deadlock, Warning Humanity 'Ever Closer to a Great Fracture', at Opening of Annual General Assembly Session",2024-01-15,Newspapers,,656306,Asia News Monitor,Bangkok,,,https://www.proquest.com/docview/2914279162
risk,2914938604,Britain’s final coal power plant ramps up power to the Grid as cold snap hits,2024-01-15,Newspapers,"['Nolsoe, Eir', 'Price, Chris', 'Corfield, Gareth', 'Singleton, Alex']",1986348,Telegraph.co.uk,London,,,https://www.proquest.com/docview/2914938604
risk,2915354499,Britain’s final coal power plant ramps up power as cold snap hits,2024-01-16,Newspapers,"['Nolsoe, Eir', 'Price, Chris', 'Corfield, Gareth', 'Singleton, Alex']",1986348,Telegraph.co.uk,London,,,https://www.proquest.com/docview/2915354499
worthwhile,2915807612,Prospects resurface for nuclear power in Alberta; New partnership involves serious players with decades of experience in the industry,2024-01-17,Newspapers,"['Varcoe, Chris']",46779,Edmonton Journal,Toronto,Ontario,,https://www.proquest.com/docview/2915807612
worthwhile,2915812191,Prospects for nuclear power resurface in the province; New partnership involves serious players with decades of experience in the industry,2024-01-17,Newspapers,"['Varcoe, Chris']",47083,Calgary Herald,Toronto,Ontario,,https://www.proquest.com/docview/2915812191
worthwhile,2915918212,Urgent need to find energy alternatives in net-zero push,2024-01-18,Newspapers,,33108,The Straits Times,News Centre,,,https://www.proquest.com/docview/2915918212
worthwhile,2916037417,United States: DOE Announces Next Steps to Build Domestic Uranium Supply for Advanced Nuclear Reactors As Part of President Biden's Investing in America Agenda,2024-01-19,Newspapers,,656306,Asia News Monitor,Bangkok,,,https://www.proquest.com/docview/2916037417
worthwhile,2916438051,"European Union: Keynote speech by Commissioner Breton - A Europe that protects its citizens, transforms its economy, and projects itself as a global power at the European Policy Centre",2024-01-22,Newspapers,,656306,Asia News Monitor,Bangkok,,,https://www.proquest.com/docview/2916438051
unrelated,2916567255,Chinese envoy urges curbing global warming to contain sea-level rise,2023-02-15,Newspapers,,2032725,People's Daily,Beijing,,,https://www.proquest.com/docview/2916567255
unrelated,2916816464,"NAM is becoming a global movements, second in member country size after the United Nations with increased importance, influence and flexibility.",2024-01-21,Newspapers,,3930283,Khaama Press,New Delhi,,,https://www.proquest.com/docview/2916816464
unrelated,2917111212,US LNG exports to see further growth,2024-01-21,Newspapers,,55095,Financial Mirror,Camden,DE,,https://www.proquest.com/docview/2917111212
worthwhile,2917523088,Beware of critical minerals trap,2024-01-24,Newspapers,,2040384,The Australian Financial Review,Pyrmont,NSW,,https://www.proquest.com/docview/2917523088
unrelated,2917658825,How Lord Cameron rolled out the red carpet for the UAE,2024-01-23,Newspapers,"['team, Investigations']",1986348,Telegraph.co.uk,London,,,https://www.proquest.com/docview/2917658825
unrelated,2917842774,Inside Germany's bid to create a hydrogen market,2024-01-25,Newspapers,,2040384,The Australian Financial Review,Pyrmont,NSW,,https://www.proquest.com/docview/2917842774
worthwhile,2917892270,European Union: Keynote speech by Commissioner Simson at the second plenary meeting of the Investor's Dialogue on Energy,2024-01-25,Newspapers,,656306,Asia News Monitor,Bangkok,,,https://www.proquest.com/docview/2917892270
risk,2917950301,Letters to the Editor,2024-01-25,Newspapers,,42763,The Australian,Surry Hills,NSW,,https://www.proquest.com/docview/2917950301
unrelated,2918559543,"China: Foreign Ministry Spokesperson Wang Wenbin's Regular Press Conference on January 26, 2024",2024-01-29,Newspapers,,656306,Asia News Monitor,Bangkok,,,https://www.proquest.com/docview/2918559543
worthwhile,2918610058,All aglow over uranium surge,2024-01-27,Newspapers,,42787,The Mercury,Surry Hills,NSW,,https://www.proquest.com/docview/2918610058
worthwhile,2918610790,All aglow over uranium surge,2024-01-27,Newspapers,,42792,Herald Sun,Surry Hills,NSW,,https://www.proquest.com/docview/2918610790
worthwhile,2918611663,Aglow at uranium surge as meltdown fears come off the boil,2024-01-27,Newspapers,,43521,The Gold Coast Bulletin,Surry Hills,NSW,,https://www.proquest.com/docview/2918611663
worthwhile,2918614915,All aglow over uranium surge,2024-01-27,Newspapers,,42789,The Daily Telegraph,Surry Hills,NSW,,https://www.proquest.com/docview/2918614915
worthwhile,2918618403,Aglow at uranium surge as meltdown fears come off the boil,2024-01-27,Newspapers,,43665,Townsville Bulletin,Surry Hills,NSW,,https://www.proquest.com/docview/2918618403
worthwhile,2918619069,All aglow over uranium surge,2024-01-27,Newspapers,,42765,The Advertiser,Surry Hills,NSW,,https://www.proquest.com/docview/2918619069
risk,2918723147,Hinkley Point C woes threaten to break UK and France’s nuclear fusion,2024-01-27,Newspapers,,35249,The Guardian,London,,,https://www.proquest.com/docview/2918723147
risk,2918851014,French decide fate of Hinkley as costs balloon,2024-01-28,Newspapers,,32356,The Sunday Telegraph,Tonbridge,,,https://www.proquest.com/docview/2918851014
risk,2918914572,Mon Dieu! Are the French going cold on UK nuclear?,2024-01-28,Newspapers,"['Washtell, Francesca']",45309,Mail on Sunday,London,,,https://www.proquest.com/docview/2918914572
risk,2918920343,Mon Dieu! Are the French going cold on UK nuclear?,2024-01-28,Newspapers,"['Washtell, Francesca']",45309,Mail on Sunday,London,,,https://www.proquest.com/docview/2918920343
risk,2919204004,How France left the British taxpayer on the hook as Hinkley costs go nuclear,2024-01-28,Newspapers,"['Leake, Jonathan']",1986348,Telegraph.co.uk,London,,,https://www.proquest.com/docview/2919204004
worthwhile,2919262159,Volatile markets offer investors lucrative equity risk premiumsTech stocks surged in 2023 with interest rates and environmental and geopolitical tension,2024-01-29,Newspapers,"['Santangelo, Michele']",4821773,Business Day,Saxonwold,,,https://www.proquest.com/docview/2919262159
worthwhile,2919313183,Singapore could star in race towards nuclear fusion energy,2024-01-29,Newspapers,"['Pillai, Sharanya']",33677,The Business Times,News Centre,,,https://www.proquest.com/docview/2919313183
risk,2919444399,Germany: Will nuclear energy make a comeback in Germany?,2024-01-30,Newspapers,,656306,Asia News Monitor,Bangkok,,,https://www.proquest.com/docview/2919444399
worthwhile,2920997790,Ontario to include nuclear power projects in its green bonds,2024-02-02,Newspapers,"['Gray, Jeff']",46323,The Globe and Mail,Toronto,Ontario,,https://www.proquest.com/docview/2920997790
risk,2921568998,Taiwan to deploy drone defences around power plants amid fears of Chinese attack,2024-02-03,Newspapers,"['Smith, Nicola']",1986348,Telegraph.co.uk,London,,,https://www.proquest.com/docview/2921568998
risk,2922439611,"Halt renewable energy rollout, say Nationals",2024-02-07,Newspapers,,44841,Sydney Morning Herald,Sydney,New South Wales,,https://www.proquest.com/docview/2922439611
unrelated,2922659461,Canary Wharf office sold at £160m discount,2024-02-06,Newspapers,"['Makwana, Riya', 'Price, Chris', 'Singleton, Alex']",1986348,Telegraph.co.uk,London,,,https://www.proquest.com/docview/2922659461
worthwhile,2922852612,Uranium bringing big opportunities,2024-02-08,Newspapers,,2040384,The Australian Financial Review,Pyrmont,NSW,,https://www.proquest.com/docview/2922852612
unrelated,2922981925,23 ministerial meetings establish WGS 2024 as an ideal platform for major transformations,2024-02-07,Newspapers,,40133,Emirates News Agency (WAM),Camden,DE,,https://www.proquest.com/docview/2922981925
worthwhile,2923066147,European Union: Press remarks by Executive Vice-President efèoviè and Commissioners Simson and Hoekstra on the Communications on a recommended emissions reduction target for 2040 and Industrial Carbon Management,2024-02-08,Newspapers,,656306,Asia News Monitor,Bangkok,,,https://www.proquest.com/docview/2923066147
unrelated,2923157212,Canary Wharf office sold at £160m discount,2024-02-07,Newspapers,"['Makwana, Riya', 'Price, Chris', 'Singleton, Alex']",1986348,Telegraph.co.uk,London,,,https://www.proquest.com/docview/2923157212
unrelated,2923158127,"Dubai: 300 ministers, 85 organisations; WGS will be a platform for major transformations",2024-02-07,Newspapers,,29252,Khaleej Times,Camden,DE,,https://www.proquest.com/docview/2923158127
unrelated,2923517998,"Car giant Ford to axe 2,700 German jobs",2024-02-08,Newspapers,"['Price, Chris', 'Singleton, Alex']",1986348,Telegraph.co.uk,London,,,https://www.proquest.com/docview/2923517998
unrelated,2923854847,"Bowen's climate winning streak, with more to do",2024-02-10,Newspapers,,2040384,The Australian Financial Review,Pyrmont,NSW,,https://www.proquest.com/docview/2923854847
risk,2923856426,The influential figures of our energy transition,2024-02-10,Newspapers,,2040384,The Australian Financial Review,Pyrmont,NSW,,https://www.proquest.com/docview/2923856426
risk,2924117155,The dream is over!,2024-02-10,Newspapers,"['Aust, Stefan']",54211,Welt am Sonntag,Berlin,,,https://www.proquest.com/docview/2924117155
unrelated,2924737033,European Union: Keynote speech by Executive Vice-President efèoviè at the European Investment Bank Group Forum,2024-02-12,Newspapers,,656306,Asia News Monitor,Bangkok,,,https://www.proquest.com/docview/2924737033
unrelated,2925558851,European Union: Keynote speech by Executive Vice-President efèoviè on the European Green Deal at the European Conference of Harvard University,2024-02-14,Newspapers,,656306,Asia News Monitor,Bangkok,,,https://www.proquest.com/docview/2925558851
risk,2926003797,Blackout sparks calls to harden power grid,2024-02-15,Newspapers,,2040384,The Australian Financial Review,Pyrmont,NSW,,https://www.proquest.com/docview/2926003797
worthwhile,2926802998,Rival power plays ignite energy wars,2024-02-16,Newspapers,,42763,The Australian,Surry Hills,NSW,,https://www.proquest.com/docview/2926802998
worthwhile,2926808209,Rival power plays ignite energy wars,2024-02-16,Newspapers,,42763,The Australian,Surry Hills,NSW,,https://www.proquest.com/docview/2926808209
worthwhile,2927103324,Rival power plays over renewables and nuclear ignite energy wars,2024-02-15,Newspapers,"['Chambers, Geoff']",636359,The Australian (Online),Surry Hills,NSW,,https://www.proquest.com/docview/2927103324
unrelated,2927472017,"Germany, the High Priest of Structural Reform, Needs a Taste of Its Own Medicine",2024-02-16,Newspapers,"['Richter, Nathan']",2048938,Barron's (Online),South Brunswick,NJ,,https://www.proquest.com/docview/2927472017
worthwhile,2927498937,Canada: Canada Strengthens Global Cooperation on Energy and Climate at 2024 IEA Ministerial,2024-02-19,Newspapers,,656306,Asia News Monitor,Bangkok,,,https://www.proquest.com/docview/2927498937
unrelated,2927724733,‘Zero tolerance’ policing and tackling ‘woke madness’: Reform UK’s pledges at a glance,2024-02-16,Newspapers,"['Penna, Dominic']",1986348,Telegraph.co.uk,London,,,https://www.proquest.com/docview/2927724733
worthwhile,2927817101,New fund to boost clean-energy push getting initial injection of $5 billion,2024-02-17,Newspapers,"['Tan, Cheryl']",33108,The Straits Times,News Centre,,,https://www.proquest.com/docview/2927817101
worthwhile,2927817194,Singapore 4.0: Paving a decisive way forward,2024-02-17,Newspapers,,33677,The Business Times,News Centre,,,https://www.proquest.com/docview/2927817194
worthwhile,2928047210,Letters to the Editor,2024-02-19,Newspapers,,42763,The Australian,Surry Hills,NSW,,https://www.proquest.com/docview/2928047210
risk,2928105997,Citizens Advice says Sizewell C costs should not be paid with energy bill hikes,2024-02-19,Newspapers,"['Lawson, Alex']",35249,The Guardian,London,,,https://www.proquest.com/docview/2928105997
worthwhile,2928147375,Embracing climate action for sustainable growth,2024-02-19,Newspapers,"['Tan, Terence']",33677,The Business Times,News Centre,,,https://www.proquest.com/docview/2928147375
risk,2928381120,"Labour risks 100,000 jobs with tax raid, Yousaf claims",2024-02-20,Newspapers,"['Grant, Alistair']",46325,The Scotsman,Edinburgh,,,https://www.proquest.com/docview/2928381120
worthwhile,2928527855,Letters,2024-02-21,Newspapers,,2040384,The Australian Financial Review,Pyrmont,NSW,,https://www.proquest.com/docview/2928527855
unrelated,2928607571,Japan aims high with climate bonds for clean tech and energy,2024-02-20,Newspapers,,39816,Times of Oman,Camden,DE,,https://www.proquest.com/docview/2928607571
worthwhile,2928737271,Nuclear waste holds the key to a secure and carbon-free future,2024-02-20,Newspapers,"['Nathwani, Jatin', 'Fitzgerald, Ann']",46323,The Globe and Mail,Toronto,Ontario,,https://www.proquest.com/docview/2928737271
unrelated,2929187818,"Beijing, Paris eye fruitful cooperation",2024-02-22,Newspapers,,2030588,China Daily,BEIJING,,,https://www.proquest.com/docview/2929187818
unrelated,2929188208,"Beijing, Paris eye fruitful cooperation",2024-02-22,Newspapers,,2030555,China Daily,BEIJING,,,https://www.proquest.com/docview/2929188208
unrelated,2929306054,"Beijing, Paris eye fruitful cooperation",2024-02-22,Newspapers,,2032725,People's Daily,Beijing,,,https://www.proquest.com/docview/2929306054
risk,2929328934,Scottish Government has no say over the future of nuclear power stations,2024-02-22,Newspapers,,25365,The Press and Journal,Tunbridge Wells,,,https://www.proquest.com/docview/2929328934
worthwhile,2929548404,"European Union: EU Policy. Industry chiefs warn of over regulation, demand change of tack",2024-02-23,Newspapers,,656306,Asia News Monitor,Bangkok,,,https://www.proquest.com/docview/2929548404
unrelated,2929657959,European Union: Opening speech by President von der Leyen at the Clean Tech Industry Dialogue,2024-02-23,Newspapers,,656306,Asia News Monitor,Bangkok,,,https://www.proquest.com/docview/2929657959
unrelated,2930404973,Knocking it out of the park? Humza's swings always end in a miss...,2024-02-23,Newspapers,"['Daisley, Stephen']",46329,Daily Mail,London,,,https://www.proquest.com/docview/2930404973
risk,2930484798,Africa must overcome Western-climate hypocrisy,2024-02-23,Newspapers,,2029749,The New Vision,Camden,DE,,https://www.proquest.com/docview/2930484798
risk,2930608703,Let's tone down the meteorological hyberbole,2024-02-24,Newspapers,,646482,Central Western Daily,Canberra ACT,,,https://www.proquest.com/docview/2930608703
worthwhile,2930960832,Sacrificing ourselves on the altar of climate change,2024-02-24,Newspapers,,42764,Weekend Australian,Surry Hills,NSW,,https://www.proquest.com/docview/2930960832
unrelated,2931066836,Pakistan must not miss 'Green Hydrogen' revolution in just energy transition: Experts,2024-02-24,Newspapers,,55156,The Balochistan Times,,,,https://www.proquest.com/docview/2931066836
unrelated,2931097141,Pakistan must not miss 'Green Hydrogen' revolution in just energy transition: Experts,2024-02-24,Newspapers,,55154,The Frontier Star,,,,https://www.proquest.com/docview/2931097141
worthwhile,2931117995,Climate change psychosis doing more harm to Australia than any other country,2024-02-23,Newspapers,"['Kenny, Chris']",636359,The Australian (Online),Surry Hills,NSW,,https://www.proquest.com/docview/2931117995
worthwhile,2931376176,Powerful majority supports nuclear option for energy security,2024-02-26,Newspapers,,42763,The Australian,Surry Hills,NSW,,https://www.proquest.com/docview/2931376176
worthwhile,2931376321,Powerful majority supports nuclear option for energy security,2024-02-26,Newspapers,,42763,The Australian,Surry Hills,NSW,,https://www.proquest.com/docview/2931376321
worthwhile,2931377155,Voters open to nuclear power,2024-02-26,Newspapers,,42763,The Australian,Surry Hills,NSW,,https://www.proquest.com/docview/2931377155
worthwhile,2931377645,Powerful majority supports nuclear option for energy security,2024-02-26,Newspapers,,42763,The Australian,Surry Hills,NSW,,https://www.proquest.com/docview/2931377645
worthwhile,2931518441,Most Australians would back a move to small scale nuclear power,2024-02-25,Newspapers,"['Benson, Simon']",636359,The Australian (Online),Surry Hills,NSW,,https://www.proquest.com/docview/2931518441
worthwhile,2931541441,"As India expands its nuclear power capacity, Reliance, Tata Power, Adani Power, Vedanta are at the forefront",2024-02-26,Newspapers,,75999,Mint,New Delhi,,,https://www.proquest.com/docview/2931541441
risk,2931880337,Yousaf’s hypocrisy over North Sea oil highlights energy strategy confusion,2024-02-27,Newspapers,,45319,The Herald,Mc Lean,VA,,https://www.proquest.com/docview/2931880337
unrelated,2932460932,Understanding the Energy Drivers of Turkey’s Foreign Policy,2024-02-28,Newspapers,,2040502,Yerepouni Daily News,Camden,DE,,https://www.proquest.com/docview/2932460932
worthwhile,2932487327,Canada: Canada to issue second green bond,2024-02-29,Newspapers,,656306,Asia News Monitor,Bangkok,,,https://www.proquest.com/docview/2932487327
worthwhile,2932563242,Biden's $1.5 billion loan backs nation's first nuclear restart at Michigan plant,2024-02-29,Newspapers,"['Devitt, Caitlin']",45433,The Bond Buyer,NEW YORK,NY,,https://www.proquest.com/docview/2932563242
unrelated,2933150894,At least Boris had ideas for North,2024-03-01,Newspapers,"['Murison, Henri']",27174,The Yorkshire Post,Tunbridge Wells,,,https://www.proquest.com/docview/2933150894
worthwhile,2933495032,Start-up of Unit 4 signals advance towards commercial operations at Barakah Nuclear Energy Plant,2024-03-01,Newspapers,,40133,Emirates News Agency (WAM),Camden,DE,,https://www.proquest.com/docview/2933495032
worthwhile,2934176154,Peter Dutton to unveil pre-budget nuclear power plan after Dunkley by-election loss,2024-03-03,Newspapers,"['Benson, Simon', 'Kelly, Joe', 'Ison, Sarah']",636359,The Australian (Online),Surry Hills,NSW,,https://www.proquest.com/docview/2934176154
unrelated,2934204423,Dunkley sets up Labor's 2025 win,2024-03-05,Newspapers,,2040384,The Australian Financial Review,Pyrmont,NSW,,https://www.proquest.com/docview/2934204423
worthwhile,2936527172,LETTERS TO THE EDITOR,2024-03-05,Newspapers,,42763,The Australian,Surry Hills,NSW,,https://www.proquest.com/docview/2936527172
worthwhile,2937309623,Nuclear too expensive? Snowy 2.0 puts the lie to that,2024-03-04,Newspapers,,636359,The Australian (Online),Surry Hills,NSW,,https://www.proquest.com/docview/2937309623
risk,2937408166,"Ramokgopa, to err is to be human, but tomorrow can you ensure there is light?",2024-03-06,Newspapers,,39814,The Mercury,Johannesburg,,,https://www.proquest.com/docview/2937408166
risk,2937408328,"Ramokgopa, to err is to be human, but tomorrow can you ensure there is light?",2024-03-06,Newspapers,,27299,Cape Times,Johannesburg,,,https://www.proquest.com/docview/2937408328
risk,2937408330,"Ramokgopa, to err is to be human, but tomorrow can you ensure there is light?",2024-03-06,Newspapers,,39818,The Star,Johannesburg,,,https://www.proquest.com/docview/2937408330
unrelated,2937582210,Understanding the Energy Drivers of Turkey’s Foreign Policy,2024-03-06,Newspapers,,2040502,Yerepouni Daily News,Camden,DE,,https://www.proquest.com/docview/2937582210
worthwhile,2937977722,Renewable energy boast controversial for Mantashe,2024-03-07,Newspapers,"['Hlati, Okuhle']",27299,Cape Times,Johannesburg,,,https://www.proquest.com/docview/2937977722
risk,2938059660,Letters: The plight of patients trapped in hospital despite being fit to leave,2024-03-06,Newspapers,,1986348,Telegraph.co.uk,London,,,https://www.proquest.com/docview/2938059660
unrelated,2938059703,Budget 2024: FTSE stocks leap after Hunt unveils Great British Isa,2024-03-06,Newspapers,"['Price, Chris', 'Singleton, Alex', 'Nolsoe, Eir']",1986348,Telegraph.co.uk,London,,,https://www.proquest.com/docview/2938059703
unrelated,2942075664,UAE Indians: Meet the 50 Indian Aces you need to know,2024-03-08,Newspapers,,39150,Arabianbusiness.com,Camden,DE,,https://www.proquest.com/docview/2942075664
risk,2942113451,Why Dutton is digging in on nuclear,2024-03-09,Newspapers,,44841,Sydney Morning Herald,Sydney,New South Wales,,https://www.proquest.com/docview/2942113451
risk,2942115950,What is behind Libs' nuclear push?,2024-03-09,Newspapers,,43154,The Age,Sydney,New South Wales,,https://www.proquest.com/docview/2942115950
risk,2942203404,Coalition's nuclear red herring is a betrayal of the Australian people,2024-03-09,Newspapers,,726339,The Canberra Times,Canberra ACT,,,https://www.proquest.com/docview/2942203404
risk,2942203413,Coalition's nuclear red herring is a betrayal of the Australian people,2024-03-09,Newspapers,,726339,The Canberra Times,Canberra ACT,,,https://www.proquest.com/docview/2942203413
worthwhile,2948052473,"Lift ban first, then explore viability of nuclear",2024-03-09,Newspapers,,42764,Weekend Australian,Surry Hills,NSW,,https://www.proquest.com/docview/2948052473
worthwhile,2948052523,Nuclear a no-brainer for self-imposed energy crisis,2024-03-09,Newspapers,,42764,Weekend Australian,Surry Hills,NSW,,https://www.proquest.com/docview/2948052523
worthwhile,2954158761,"Lift ban first, then explore viability of nuclear",2024-03-08,Newspapers,,636359,The Australian (Online),Surry Hills,NSW,,https://www.proquest.com/docview/2954158761
worthwhile,2954165096,Nuclear no-brainer for self-imposed energy crisis,2024-03-08,Newspapers,"['Kenny, Chris']",636359,The Australian (Online),Surry Hills,NSW,,https://www.proquest.com/docview/2954165096
risk,2954637648,Letters to the Editor,2024-03-11,Newspapers,,42763,The Australian,Surry Hills,NSW,,https://www.proquest.com/docview/2954637648
risk,2954638230,Parties warm to climate of hip pocket politics,2024-03-11,Newspapers,,42792,Herald Sun,Surry Hills,NSW,,https://www.proquest.com/docview/2954638230
risk,2954754827,"Nuclear-renewables debate all about ideology, not cost",2024-03-10,Newspapers,,636359,The Australian (Online),Surry Hills,NSW,,https://www.proquest.com/docview/2954754827
worthwhile,2954869982,Opposition to nuclear power among elites is short-sighted,2024-03-12,Newspapers,,726339,The Canberra Times,Canberra ACT,,,https://www.proquest.com/docview/2954869982
unrelated,2954907528,Canada: Government of Canada invests $15 Million in Clean Fuels Projects in the Niagara Region and Across Canada,2024-03-12,Newspapers,,656306,Asia News Monitor,Bangkok,,,https://www.proquest.com/docview/2954907528
worthwhile,2954917566,Singapore: Speech by 2M Tan See Leng at MTI's Committee of Supply Debate 2024,2024-03-12,Newspapers,,656306,Asia News Monitor,Bangkok,,,https://www.proquest.com/docview/2954917566
risk,2954994301,Parties warm to climate of hip pocket politics,2024-03-12,Newspapers,,75791,The Northern Territory News,Surry Hills,NSW,,https://www.proquest.com/docview/2954994301
risk,2954994714,Parties warm to climate of hip pocket politics,2024-03-12,Newspapers,,43521,The Gold Coast Bulletin,Surry Hills,NSW,,https://www.proquest.com/docview/2954994714
risk,2954995862,Parties warm to climate of hip pocket politics,2024-03-12,Newspapers,,43665,Townsville Bulletin,Surry Hills,NSW,,https://www.proquest.com/docview/2954995862
worthwhile,2954996679,Energy justice could be ours with nuclear power,2024-03-12,Newspapers,,42789,The Daily Telegraph,Surry Hills,NSW,,https://www.proquest.com/docview/2954996679
worthwhile,2955121381,Boosting gas capacity is the insurance policy Britain needs while we deliver net zero,2024-03-12,Newspapers,,33554,The Daily Telegraph,Tonbridge,,,https://www.proquest.com/docview/2955121381
worthwhile,2955122162,Boosting gas capacity is the insurance policy Britain needs while we deliver net zero,2024-03-12,Newspapers,,33554,The Daily Telegraph,Tonbridge,,,https://www.proquest.com/docview/2955122162
risk,2955241205,Why the opposition is going nuclear,2024-03-13,Newspapers,,2040384,The Australian Financial Review,Pyrmont,NSW,,https://www.proquest.com/docview/2955241205
worthwhile,2955317967,"Barakah Plant $2.42 billion refinancing recognised as Green Loan Facility, reinforcing its integral role in rapid decarbonisation of UAE power grid",2024-03-12,Newspapers,,40133,Emirates News Agency (WAM),Camden,DE,,https://www.proquest.com/docview/2955317967
risk,2955408877,"Dutton to reveal possible nuclear sites, incentives",2024-03-13,Newspapers,,43153,Newcastle Herald,Canberra ACT,,,https://www.proquest.com/docview/2955408877
risk,2955516124,What does Sunak’s plan for new gas plants mean for UK climate targets?,2024-03-12,Newspapers,,35249,The Guardian,London,,,https://www.proquest.com/docview/2955516124
worthwhile,2955912130,Boosting gas capacity is the insurance policy Britain needs while we deliver net zero,2024-03-12,Newspapers,"['Sunak, Rishi']",1986348,Telegraph.co.uk,London,,,https://www.proquest.com/docview/2955912130
risk,2955912549,The charts that show why Sunak has been forced to build a new gas plant,2024-03-12,Newspapers,"['Oliver, Matt']",1986348,Telegraph.co.uk,London,,,https://www.proquest.com/docview/2955912549
risk,2955912938,Rishi Sunak announces new gas power stations to ease risk of blackouts,2024-03-12,Newspapers,"['Gatten, Emma']",1986348,Telegraph.co.uk,London,,,https://www.proquest.com/docview/2955912938
risk,2955979100,The charts that show why Sunak has had to build a new gas plant,2024-03-13,Newspapers,,33554,The Daily Telegraph,Tonbridge,,,https://www.proquest.com/docview/2955979100
worthwhile,2956052926,Barakah Nuclear Energy Plant’s $2.42bn loan classified as green,2024-03-13,Newspapers,,39150,Arabianbusiness.com,Camden,DE,,https://www.proquest.com/docview/2956052926
worthwhile,2956236590,Embracing an energy future that leaves no one behind,2024-03-14,Newspapers,,43153,Newcastle Herald,Canberra ACT,,,https://www.proquest.com/docview/2956236590
risk,2956417345,Renewable energy collapse not a sign of superpower,2024-03-14,Newspapers,,42763,The Australian,Surry Hills,NSW,,https://www.proquest.com/docview/2956417345
worthwhile,2956419709,Letters to the Editor,2024-03-14,Newspapers,,42763,The Australian,Surry Hills,NSW,,https://www.proquest.com/docview/2956419709
risk,2956661340,Nuclear push could take on political life of its own,2024-03-15,Newspapers,,2040384,The Australian Financial Review,Pyrmont,NSW,,https://www.proquest.com/docview/2956661340
risk,2956667230,Renewable energy collapse not a sign of superpower,2024-03-13,Newspapers,,636359,The Australian (Online),Surry Hills,NSW,,https://www.proquest.com/docview/2956667230
worthwhile,2956667435,We must believe in the power of long-term energy sources,2024-03-13,Newspapers,,636359,The Australian (Online),Surry Hills,NSW,,https://www.proquest.com/docview/2956667435
worthwhile,2956729872,The U.S. Is Betting Big on Small Nuclear Reactors,2024-03-14,Newspapers,,2040502,Yerepouni Daily News,Camden,DE,,https://www.proquest.com/docview/2956729872
worthwhile,2956826406,United Kingdom: Energy security strategy,2024-03-15,Newspapers,,656306,Asia News Monitor,Bangkok,,,https://www.proquest.com/docview/2956826406
unrelated,2956990621,Minister says $20M for heat pumps just a start,2024-03-14,Newspapers,"['Chilibeck, John']",40381,Telegraph-Journal,Toronto,Ontario,,https://www.proquest.com/docview/2956990621
risk,2957149753,AGL boss rejects Dutton's nuclear power sites plan,2024-03-16,Newspapers,,44841,Sydney Morning Herald,Sydney,New South Wales,,https://www.proquest.com/docview/2957149753
risk,2957150142,Household-first plan offers fix for both sides,2024-03-16,Newspapers,,2040384,The Australian Financial Review,Pyrmont,NSW,,https://www.proquest.com/docview/2957150142
risk,2957150461,AGL boss rejects Dutton's nuclear power sites plan,2024-03-16,Newspapers,,43154,The Age,Sydney,New South Wales,,https://www.proquest.com/docview/2957150461
worthwhile,2957198303,Turning Tides: Climate Change Watershed Prompts Reevaluation of Nuclear Energy and Deep-Sea Mining,2024-03-15,Newspapers,,2040502,Yerepouni Daily News,Camden,DE,,https://www.proquest.com/docview/2957198303
risk,2957264778,AGL says no to nuclear power station at Liddell site,2024-03-16,Newspapers,,43153,Newcastle Herald,Canberra ACT,,,https://www.proquest.com/docview/2957264778
worthwhile,2957275947,World: Euroviews. Long duration energy storage is an imperative for Europe's industrial decarbonisation,2024-03-18,Newspapers,,656306,Asia News Monitor,Bangkok,,,https://www.proquest.com/docview/2957275947
worthwhile,2957575643,Powering into modern world,2024-03-16,Newspapers,,42764,Weekend Australian,Surry Hills,NSW,,https://www.proquest.com/docview/2957575643
risk,2957575743,Coalition nuke plan muddies landscape: AGL,2024-03-16,Newspapers,,42764,Weekend Australian,Surry Hills,NSW,,https://www.proquest.com/docview/2957575743
risk,2957651234,Energy giant AGL slams Peter Dutton’s nuclear power plans,2024-03-15,Newspapers,"['Ison, Sarah', 'Packham, Colin']",636359,The Australian (Online),Surry Hills,NSW,,https://www.proquest.com/docview/2957651234
worthwhile,2957725614,Getting to net zero without nuclear power condemns us to poverty,2024-03-15,Newspapers,"['Kenny, Chris']",636359,The Australian (Online),Surry Hills,NSW,,https://www.proquest.com/docview/2957725614
worthwhile,2957800872,Albanese’s impaired fission is so confusing,2024-03-17,Newspapers,,42785,The Courier - Mail,Surry Hills,NSW,,https://www.proquest.com/docview/2957800872
worthwhile,2957800979,Albanese’s impaired fission is so confusing,2024-03-17,Newspapers,,42792,Herald Sun,Surry Hills,NSW,,https://www.proquest.com/docview/2957800979
worthwhile,2957815305,Credlin: Dutton v Albo will be battle over nuclear energy,2024-03-16,Newspapers,"['Credlin, Peta']",636369,The Daily Telegraph (Online),Surry Hills,NSW,,https://www.proquest.com/docview/2957815305
risk,2958096486,Coalition nuke plan muddies landscape: AGL,2024-03-16,Newspapers,,42764,Weekend Australian,Surry Hills,NSW,,https://www.proquest.com/docview/2958096486
risk,2958096823,NUCLEAR MAKES SENSE BUT IT’S A VOTER TIMEBOMB,2024-03-18,Newspapers,,42763,The Australian,Surry Hills,NSW,,https://www.proquest.com/docview/2958096823
risk,2958186545,"Peter Dutton’s nuclear push makes sense, but it’s politically risky",2024-03-17,Newspapers,"['Mitchell, Chris']",636359,The Australian (Online),Surry Hills,NSW,,https://www.proquest.com/docview/2958186545
unrelated,2961247474,Canada: Promoting Atlantic Canada-U.S. collaboration during New England visit,2024-03-19,Newspapers,,656306,Asia News Monitor,Bangkok,,,https://www.proquest.com/docview/2961247474
unrelated,2961255209,European Union: Statement by the EU and the US following the 11th EU-US Energy Council,2024-03-19,Newspapers,,656306,Asia News Monitor,Bangkok,,,https://www.proquest.com/docview/2961255209
unrelated,2961256145,United States: Joint Statement by the U.S. and EU following the 11th U.S.-EU Energy Council,2024-03-19,Newspapers,,656306,Asia News Monitor,Bangkok,,,https://www.proquest.com/docview/2961256145
unrelated,2961256194,European Union: Statement by the EU and the US following the 11th EU-US Energy Council,2024-03-19,Newspapers,,656306,Asia News Monitor,Bangkok,,,https://www.proquest.com/docview/2961256194
risk,2963015306,Clean charging must lead India's EV thrust,2024-03-19,Newspapers,,75999,Mint,New Delhi,,,https://www.proquest.com/docview/2963015306
risk,2967189709,Dutton pushes madness of big nuclear reactors,2024-03-20,Newspapers,,636431,The Daily Advertiser,Canberra ACT,,,https://www.proquest.com/docview/2967189709
unrelated,2967206310,United States: Joint Statement on the 11th United States-European Union Energy Council,2024-03-20,Newspapers,,656306,Asia News Monitor,Bangkok,,,https://www.proquest.com/docview/2967206310
unrelated,2967206390,United States: Deputy Secretary Kurt M. Campbell at the 11th U.S.-EU Energy Council Meeting,2024-03-20,Newspapers,,656306,Asia News Monitor,Bangkok,,,https://www.proquest.com/docview/2967206390
worthwhile,2968581664,Letters to the Editor,2024-03-20,Newspapers,,42763,The Australian,Surry Hills,NSW,,https://www.proquest.com/docview/2968581664
risk,2968883035,Letters,2024-03-21,Newspapers,,2040384,The Australian Financial Review,Pyrmont,NSW,,https://www.proquest.com/docview/2968883035
worthwhile,2968927237,Letters to the editor,2024-03-21,Newspapers,,646473,Queensland Country Life,Canberra ACT,,,https://www.proquest.com/docview/2968927237
risk,2972656428,Nuclear energy v renewables shouldn't become Ford v Holden,2024-03-22,Newspapers,,2040384,The Australian Financial Review,Pyrmont,NSW,,https://www.proquest.com/docview/2972656428
worthwhile,2972742950,Is it wild to hope Wests might step in to save our Newcastle Jets?,2024-03-22,Newspapers,,43153,Newcastle Herald,Canberra ACT,,,https://www.proquest.com/docview/2972742950
worthwhile,2972903380,Russia starts mass-producing three-tonne bomb for use in Ukraine,2024-03-21,Newspapers,"['Styllis, George']",1986348,Telegraph.co.uk,London,,,https://www.proquest.com/docview/2972903380
risk,2973218031,World: EU Policy. Green groups reject nuclear renaissance as governments seek climate fix,2024-03-25,Newspapers,,656306,Asia News Monitor,Bangkok,,,https://www.proquest.com/docview/2973218031
unrelated,2973254454,"My week listening to ABC radio: it’s crazy, man",2024-03-23,Newspapers,,42764,Weekend Australian,Surry Hills,NSW,,https://www.proquest.com/docview/2973254454
risk,2973254498,Delays and higher energy costs all part of the plan,2024-03-23,Newspapers,,42764,Weekend Australian,Surry Hills,NSW,,https://www.proquest.com/docview/2973254498
worthwhile,2973349064,Nuclear energy transition,2024-03-23,Newspapers,"['Wetzel, Daniel']",54211,Welt am Sonntag,Berlin,,,https://www.proquest.com/docview/2973349064
risk,2973411466,Renewable energy mess is out in the open,2024-03-22,Newspapers,,636359,The Australian (Online),Surry Hills,NSW,,https://www.proquest.com/docview/2973411466
risk,2973622729,McGuinness fights to save nuclear and gas proposal,2022-07-06,Newspapers,"['O'Leary, Naomi']",27284,The Irish Times (1921-),Dublin,,,https://www.proquest.com/docview/2973622729
worthwhile,2973752093,Sunak ramps up spending on nuclear energy and defence,2024-03-25,Newspapers,"['Brown, Alexander']",46325,The Scotsman,Edinburgh,,,https://www.proquest.com/docview/2973752093
worthwhile,2973881857,PM in pledge to safeguard nuclear jobs,2024-03-25,Newspapers,"['Lloyd, Nina']",25365,The Press and Journal,Tunbridge Wells,,,https://www.proquest.com/docview/2973881857
worthwhile,2977024182,South Africa spells out its nuclear aspirations,2024-03-26,Newspapers,"['Ginindza, Banele']",39818,The Star,Johannesburg,,,https://www.proquest.com/docview/2977024182
worthwhile,2977024348,South Africa spells out its nuclear aspirations,2024-03-26,Newspapers,"['Ginindza, Banele']",27299,Cape Times,Johannesburg,,,https://www.proquest.com/docview/2977024348
worthwhile,2977024490,South Africa spells out its nuclear aspirations,2024-03-26,Newspapers,"['Ginindza, Banele']",39814,The Mercury,Johannesburg,,,https://www.proquest.com/docview/2977024490
unrelated,2981613847,Pensions Secretary defends DWP in Waspi row,2024-03-25,Newspapers,"['Nolsoe, Eir', 'Price, Chris', 'Titcomb, James']",1986348,Telegraph.co.uk,London,,,https://www.proquest.com/docview/2981613847
unrelated,2981613876,"‘Feeble’ British sanctions will only embolden China, says Jenrick",2024-03-25,Newspapers,"['Maidment, Jack']",1986348,Telegraph.co.uk,London,,,https://www.proquest.com/docview/2981613876
risk,2985158949,Politicians are clueless on the blackout threat,2024-03-26,Newspapers,,33554,The Daily Telegraph,Tonbridge,,,https://www.proquest.com/docview/2985158949
risk,2986486669,The threat of blackouts is looming and our politicians are clueless about what to do,2024-03-26,Newspapers,"['Marlow, Ben']",1986348,Telegraph.co.uk,London,,,https://www.proquest.com/docview/2986486669
risk,2994553064,"Victoria business calls for national approach to energy reliability, affordability",2024-03-26,Newspapers,"['Baxendale, Rachel']",636359,The Australian (Online),Surry Hills,NSW,,https://www.proquest.com/docview/2994553064
worthwhile,2996024684,Energy ‘black hole’ inevitable without coal-fire stopgap,2024-03-28,Newspapers,,42763,The Australian,Surry Hills,NSW,,https://www.proquest.com/docview/2996024684
unrelated,2998330638,Letters: Who’d agree to a smart meter now that millions are known to be faulty?,2024-03-27,Newspapers,,1986348,Telegraph.co.uk,London,,,https://www.proquest.com/docview/2998330638
worthwhile,3003366583,Brussels nuclear summit affirms mitigation of climate change,2024-03-28,Newspapers,,55155,Pakistan Observer,,,,https://www.proquest.com/docview/3003366583
risk,3003407890,Liberal MP warns Dutton on nuclear power strategy,2024-03-29,Newspapers,,44841,Sydney Morning Herald,Sydney,New South Wales,,https://www.proquest.com/docview/3003407890
worthwhile,3005649631,Energy ‘black hole’ inevitable without modern coal-fire stopgap,2024-03-27,Newspapers,"['Asten, Michael']",636359,The Australian (Online),Surry Hills,NSW,,https://www.proquest.com/docview/3005649631
risk,3013913245,The economy will suffer if we axe carbon tax,2024-03-28,Newspapers,"['Yin, Kevin']",46323,The Globe and Mail,Toronto,Ontario,,https://www.proquest.com/docview/3013913245
risk,3013988160,Back to past for energy future,2024-03-30,Newspapers,,43154,The Age,Sydney,New South Wales,,https://www.proquest.com/docview/3013988160
risk,3013988229,Lib MP warns Dutton on nuclear energy,2024-03-30,Newspapers,,43154,The Age,Sydney,New South Wales,,https://www.proquest.com/docview/3013988229
risk,3013988684,Back to past for energy future,2024-03-30,Newspapers,,44841,Sydney Morning Herald,Sydney,New South Wales,,https://www.proquest.com/docview/3013988684
worthwhile,3015045608,Labor must wake up to our need for a nuclear industry,2024-03-30,Newspapers,,42764,Weekend Australian,Surry Hills,NSW,,https://www.proquest.com/docview/3015045608
worthwhile,3015239289,Labor must wake up to our need for a nuclear industry,2024-03-29,Newspapers,"['George, Jennie']",636359,The Australian (Online),Surry Hills,NSW,,https://www.proquest.com/docview/3015239289
worthwhile,3020393718,Hindering a sustainable future,2024-04-01,Newspapers,,726339,The Canberra Times,Canberra ACT,,,https://www.proquest.com/docview/3020393718
worthwhile,3020824681,Why green investors are warming to nuclear opportunities,2024-04-01,Newspapers,"['Dai, Dave']",33677,The Business Times,News Centre,,,https://www.proquest.com/docview/3020824681
risk,3026091927,$1.5 billion federal loan to restart Michigan nuclear plant marks a first,2024-04-02,Newspapers,"['Devitt, Caitlin']",45433,The Bond Buyer,NEW YORK,NY,,https://www.proquest.com/docview/3026091927
unrelated,3028058275,Toronto’s deep lake water cooling project is getting bigger,2024-04-02,Newspapers,"['Israelson, David']",46323,The Globe and Mail,Toronto,Ontario,,https://www.proquest.com/docview/3028058275
worthwhile,3028184963,Energy security: Can we remain complacent?,2024-04-02,Newspapers,,3882661,The Sentinel,NEW DELHI,,,https://www.proquest.com/docview/3028184963
worthwhile,3030728379,World: Europe is divided on nuclear power: Which countries are for and against it?,2024-04-03,Newspapers,,656306,Asia News Monitor,Bangkok,,,https://www.proquest.com/docview/3030728379
risk,3030887005,PM bets billions on regions buying into energy shift,2024-04-03,Newspapers,,42763,The Australian,Surry Hills,NSW,,https://www.proquest.com/docview/3030887005
risk,3030888146,PM bets billions on regions buying into energy shift,2024-04-03,Newspapers,,42763,The Australian,Surry Hills,NSW,,https://www.proquest.com/docview/3030888146
risk,3031004069,Anthony Albanese bets billions on regions buying into energy shift,2024-04-02,Newspapers,"['Chambers, Geoff']",636359,The Australian (Online),Surry Hills,NSW,,https://www.proquest.com/docview/3031004069
risk,3031569656,Singapore aims to train 100 nuclear safety experts; no decision yet on nuclear energy deployment: Tan See Leng,2024-04-04,Newspapers,,33677,The Business Times,News Centre,,,https://www.proquest.com/docview/3031569656
risk,3033641660,Letters to the Editor,2024-04-06,Newspapers,,42764,Weekend Australian,Surry Hills,NSW,,https://www.proquest.com/docview/3033641660
worthwhile,3033641785,POWER PLAY WILL SHAPE OUR FUTURE,2024-04-06,Newspapers,,42764,Weekend Australian,Surry Hills,NSW,,https://www.proquest.com/docview/3033641785
worthwhile,3033869227,High-stakes power play will shape the future of our energy security,2024-04-05,Newspapers,"['Benson, Simon']",636359,The Australian (Online),Surry Hills,NSW,,https://www.proquest.com/docview/3033869227
risk,3033869858,Budget relief promise implies rising cost of renewable energy,2024-04-05,Newspapers,,636359,The Australian (Online),Surry Hills,NSW,,https://www.proquest.com/docview/3033869858
risk,3034074559,LETTERS TO THE EDITOR,2024-04-08,Newspapers,,42763,The Australian,Surry Hills,NSW,,https://www.proquest.com/docview/3034074559
risk,3034204161,Voters need more than vague ideas on the energy transition,2024-04-07,Newspapers,,636359,The Australian (Online),Surry Hills,NSW,,https://www.proquest.com/docview/3034204161
risk,3034525084,Capital flight risk: Labor plan short circuits,2024-04-09,Newspapers,,42763,The Australian,Surry Hills,NSW,,https://www.proquest.com/docview/3034525084
risk,3034525175,Capital flight risk: Labor plan short circuits,2024-04-09,Newspapers,,42763,The Australian,Surry Hills,NSW,,https://www.proquest.com/docview/3034525175
risk,3034623791,European Union presses ahead with SMR technology as bitter nuclear feud deepens,2024-04-08,Newspapers,"['Quail, Jack']",636365,News.com.au,Surry Hills,NSW,,https://www.proquest.com/docview/3034623791
risk,3034642286,"Capital flight risk, power shortfalls: Labor’s renewables blueprint short circuits",2024-04-08,Newspapers,"['Benson, Simon']",636359,The Australian (Online),Surry Hills,NSW,,https://www.proquest.com/docview/3034642286
unrelated,3034936239,U.S. News: Biden Team Tries to Reverse Voter Apathy About Climate,2024-04-10,Newspapers,"['Ramkumar, Amrith', 'Restuccia, Andrew']",10482,Wall Street Journal,South Brunswick,NJ,,https://www.proquest.com/docview/3034936239
worthwhile,3035289772,Google’s take on AI part of trend away from ‘woke’,2024-04-11,Newspapers,,42763,The Australian,Surry Hills,NSW,,https://www.proquest.com/docview/3035289772
risk,3035289847,Transition to lift power bills: Alinta,2024-04-11,Newspapers,,42763,The Australian,Surry Hills,NSW,,https://www.proquest.com/docview/3035289847
risk,3035290119,Transition to lift power bills: Alinta,2024-04-11,Newspapers,,42763,The Australian,Surry Hills,NSW,,https://www.proquest.com/docview/3035290119
worthwhile,3035290228,Google’s take on AI part of trend away from ‘woke’,2024-04-11,Newspapers,,42763,The Australian,Surry Hills,NSW,,https://www.proquest.com/docview/3035290228
risk,3035291176,Your power will cost more,2024-04-11,Newspapers,,42792,Herald Sun,Surry Hills,NSW,,https://www.proquest.com/docview/3035291176
worthwhile,3035543439,AI-charged NextDC goes nuclear,2024-04-12,Newspapers,,2040384,The Australian Financial Review,Pyrmont,NSW,,https://www.proquest.com/docview/3035543439
worthwhile,3038119753,"United States: Joint Vision Statement from the Leaders of Japan, the Philippines, and the United States",2024-04-15,Newspapers,,656306,Asia News Monitor,Bangkok,,,https://www.proquest.com/docview/3038119753
unrelated,3038120259,United Kingdom: United States-Japan Joint Leaders' Statement,2024-04-15,Newspapers,,656306,Asia News Monitor,Bangkok,,,https://www.proquest.com/docview/3038120259
unrelated,3038120289,United States: FACT SHEET: Japan Official Visit with State Dinner to the United States,2024-04-15,Newspapers,,656306,Asia News Monitor,Bangkok,,,https://www.proquest.com/docview/3038120289
unrelated,3038120871,European Union: EU Policy. European Parliament approves energy market overhaul,2024-04-15,Newspapers,,656306,Asia News Monitor,Bangkok,,,https://www.proquest.com/docview/3038120871
risk,3038121064,It's past time for trains to service Raymond Terrace and Port Stephens,2024-04-15,Newspapers,,43153,Newcastle Herald,Canberra ACT,,,https://www.proquest.com/docview/3038121064
risk,3038312500,Banks Unwilling To Finance $5 Trillion Global Nuclear Development,2024-04-15,Newspapers,,2040502,Yerepouni Daily News,Camden,DE,,https://www.proquest.com/docview/3038312500
worthwhile,3039319547,Sharif Al Olama inaugurates Solar and Clean Energy Conference at WFES 2024,2024-04-16,Newspapers,,40133,Emirates News Agency (WAM),Camden,DE,,https://www.proquest.com/docview/3039319547
unrelated,3039628240,China-Germany cooperation not 'risk' but opportunity: Xi,2024-04-17,Newspapers,,2032725,People's Daily,Beijing,,,https://www.proquest.com/docview/3039628240
risk,3040615993,Nationals champion nuclear over wind,2024-04-19,Newspapers,,43153,Newcastle Herald,Canberra ACT,,,https://www.proquest.com/docview/3040615993
risk,3040616276,Nationals champion nuclear over wind,2024-04-19,Newspapers,,43153,Newcastle Herald,Canberra ACT,,,https://www.proquest.com/docview/3040616276
risk,3042231071,'Stunning reversal' as nuclear power goes from pariah to saviour;; Energy; Golden age for uranium may be dawning and Canada could reap benefits,2024-04-20,Newspapers,"['Connor, Joe' O']",45458,National Post,Toronto,Ontario,,https://www.proquest.com/docview/3042231071
unrelated,3042436639,Japan: Statement by the G7 Non-Proliferation Directors Group,2024-04-22,Newspapers,,656306,Asia News Monitor,Bangkok,,,https://www.proquest.com/docview/3042436639
unrelated,3042437658,"European Union: G7 Foreign Ministers' Meeting: Joint Statement on Addressing Global Challenges, Fostering Partnerships",2024-04-22,Newspapers,,656306,Asia News Monitor,Bangkok,,,https://www.proquest.com/docview/3042437658
unrelated,3042437691,European Union: European Parliament Press Kit for the Special European Council of 17 and 18 April 2024,2024-04-22,Newspapers,,656306,Asia News Monitor,Bangkok,,,https://www.proquest.com/docview/3042437691
risk,3042649076,China putting us to shame: Rinehart,2024-04-22,Newspapers,,42763,The Australian,Surry Hills,NSW,,https://www.proquest.com/docview/3042649076
risk,3043076813,Coalition division over energy puts heat on Dutton,2024-04-23,Newspapers,,44841,Sydney Morning Herald,Sydney,New South Wales,,https://www.proquest.com/docview/3043076813
unrelated,3043867053,"United States: G7 Italy 2024 Foreign Ministers' Statement on Addressing Global Challenges, Fostering Partnerships",2024-04-24,Newspapers,,656306,Asia News Monitor,Bangkok,,,https://www.proquest.com/docview/3043867053
unrelated,3043875263,United States: FACT SHEET: President Biden Marks Earth Day 2024 with Historic Climate Action,2024-04-24,Newspapers,,656306,Asia News Monitor,Bangkok,,,https://www.proquest.com/docview/3043875263
worthwhile,3043967632,Rational energy technology choices for SA’s sustainable future,2024-04-24,Newspapers,,39818,The Star,Johannesburg,,,https://www.proquest.com/docview/3043967632
worthwhile,3043967929,Rational energy technology choices for SA’s sustainable future,2024-04-24,Newspapers,,27299,Cape Times,Johannesburg,,,https://www.proquest.com/docview/3043967929
worthwhile,3043967968,Rational energy technology choices for SA’s sustainable future,2024-04-24,Newspapers,,39814,The Mercury,Johannesburg,,,https://www.proquest.com/docview/3043967968
unrelated,3044521682,United States: Joint Statement on U.S. - Poland Strategic Dialogue,2024-04-25,Newspapers,,656306,Asia News Monitor,Bangkok,,,https://www.proquest.com/docview/3044521682
worthwhile,3045279738,European Union: Closing remarks by Executive Vice-President efèoviè at the EU Blueprint for Fusion Energy event,2024-04-26,Newspapers,,656306,Asia News Monitor,Bangkok,,,https://www.proquest.com/docview/3045279738
risk,3047006747,The glorious seven,2024-04-27,Newspapers,"['Wetzel, Daniel']",54211,Welt am Sonntag,Berlin,,,https://www.proquest.com/docview/3047006747
risk,3047707633,Energy at mercy of ‘ad hoc’ transition,2024-04-29,Newspapers,,42763,The Australian,Surry Hills,NSW,,https://www.proquest.com/docview/3047707633
risk,3047707787,Energy at mercy of ‘ad hoc’ transition,2024-04-29,Newspapers,,42763,The Australian,Surry Hills,NSW,,https://www.proquest.com/docview/3047707787
unrelated,3047749926,President Macron's speech on Europe at the Sorbonne,2024-04-29,Newspapers,,3930058,United News of Bangladesh,New Delhi,,,https://www.proquest.com/docview/3047749926
risk,3047824238,Grattan Institute calls for national electricity market reforms,2024-04-28,Newspapers,"['Malcolm, Jess']",636359,The Australian (Online),Surry Hills,NSW,,https://www.proquest.com/docview/3047824238
worthwhile,3048330063,Emirates Nuclear Energy Corporation’s Barakah One Company wins ESG financing award for groundbreaking USD2.42bn green refinancing,2024-04-30,Newspapers,,26247,Al Bawaba,Camden,DE,,https://www.proquest.com/docview/3048330063
worthwhile,3048336139,Barakah One Company wins ESG financing award for groundbreaking $2.42bn green refinancing,2024-04-30,Newspapers,,40133,Emirates News Agency (WAM),Camden,DE,,https://www.proquest.com/docview/3048336139
worthwhile,3048976321,World: European countries grapple with internal politics over nuclear energy,2024-05-01,Newspapers,,656306,Asia News Monitor,Bangkok,,,https://www.proquest.com/docview/3048976321
worthwhile,3048983433,Nuclear's role in reaching climate targets recognised by G7,2024-04-30,Newspapers,,40133,Emirates News Agency (WAM),Camden,DE,,https://www.proquest.com/docview/3048983433
